date,usdinr,ret_1,ret_5,ret_10,ret_20,vol_5,vol_20,ma_5,ma_20,ma_50,price_ma5_ratio,price_ma20_ratio,ma_ratio,rsi_14,target_logret,fcst_rw,year,ppp_rate,fcst_ppp,india_rate_decimal,usa_rate_decimal,fcst_irp,lgbm_logret,fcst_lgbm,ridge_logret,fcst_ridge,tree_logret,fcst_tree,mlp_logret,fcst_mlp
2020-01-01,71.27580261230469,,,,,,,,,,,,,,-0.0035249462943435983,71.27580261230469,2020,,,0.09466250000000001,0.052825,71.28341274916113,,,,,,,,
2020-01-02,71.0250015258789,-0.0035187409644473755,,,,,,,,,,,,,0.005475994910471391,71.0250015258789,2020,,,0.09466250000000001,0.052825,71.03258488463504,,,,,,,,
2020-01-03,71.41500091552734,0.005491015575780578,,,,,,,,,,,,,0.004415106215942619,71.41500091552734,2020,,,0.09466250000000001,0.052825,71.42262591462453,,,,,,,,
2020-01-06,71.73100280761719,0.004424867157302392,,,,,,,,,,,,,0.0007803865244166705,71.73100280761719,2020,,,0.09466250000000001,0.052825,71.73866154632245,,,,,,,,
2020-01-07,71.78700256347656,0.000780691105205511,,,,,,71.44676208496094,,,1.0047621539253386,,,,0.005182489629449993,71.78700256347656,2020,,,0.09466250000000001,0.052825,71.79466728129101,,,,,,,,
2020-01-08,72.16000366210938,0.005195941957640393,0.012405346799308381,,,0.003843743946368963,,71.62360229492188,,,1.0074891704689577,,,,-0.010421357029442638,72.16000366210938,2020,,,0.09466250000000001,0.052825,72.16770820535271,,,,,,,,
2020-01-09,71.41190338134766,-0.010367242832535206,0.005447403691047903,,,0.006684160166522492,,71.70098266601562,,,0.9959682660694554,,,,-0.003051841475693575,71.41190338134766,2020,,,0.09466250000000001,0.052825,71.41952804972027,,,,,,,,
2020-01-10,71.19429779052734,-0.003047189341226164,-0.0030904308922582446,,,0.0063666371780419255,,71.65684204101562,,,0.9935450092787578,,,,-0.0033950006983115393,71.19429779052734,2020,,,0.09466250000000001,0.052825,71.20189922509176,,,,,,,,
2020-01-13,70.9530029296875,-0.0033892441997223077,-0.010846075580684178,,,0.0057535723931792125,,71.5012420654297,,,0.9923324529769636,,,,-0.003304826796951357,70.9530029296875,2020,,,0.09466250000000001,0.052825,70.96057860113392,,,,,,,,
2020-01-14,70.71890258789062,-0.0032993718677257755,-0.01487873761885361,,,0.005515690506957618,,71.2876220703125,,,0.9920221846948278,,,,0.0017829087296873686,70.71890258789062,2020,,,0.09466250000000001,0.052825,70.7264532643798,,,,,,,,
2020-01-15,70.84510040283203,0.0017844990564519492,-0.01822205089448725,-0.00604275495591966,,0.004336141886300783,,71.02464141845704,,,0.9974721306290418,,,,-0.0017956390500416897,70.84510040283203,2020,,,0.09466250000000001,0.052825,70.85266455349627,,,,,,,,
2020-01-16,70.71800231933594,-0.0017940278547620148,-0.00971688232851331,-0.004322410418127309,,0.002183280725946053,,70.88586120605468,,,0.997631983531514,,,,0.003213250063914501,70.71800231933594,2020,,,0.09466250000000001,0.052825,70.72555289970319,,,,,,,,
2020-01-17,70.94560241699219,0.0032184180858008116,-0.0034931923096830353,-0.006572827732514885,,0.003029534579576984,,70.83612213134765,,,1.0015455431826368,,,,0.0012550484886146478,70.94560241699219,2020,,,0.09466250000000001,0.052825,70.95317729828385,,,,,,,,
2020-01-20,71.03469848632812,0.0012558363915533555,0.0011514037921915854,-0.009707160001046544,,0.0026903790468969626,,70.85246124267579,,,1.0025720665232525,,,,-5.209218599589111e-05,71.03469848632812,2020,,,0.09466250000000001,0.052825,71.04228288043137,,,,,,,,
2020-01-21,71.03099822998047,-5.209082922152941e-05,0.0044131855935118924,-0.01053121465585094,,0.001900444489745402,,70.91488037109374,,,1.0016374258587069,,,46.40056716839831,0.0019549790332792985,71.03099822998047,2020,,,0.09466250000000001,0.052825,71.03858222900634,,,,,,,,
2020-01-22,71.16999816894531,0.0019568912507015312,0.004586030145569353,-0.01371958762363401,,0.0019223370011270187,,70.9798599243164,,,1.002678763311616,,,52.204403471370014,-0.0012920533874520843,71.16999816894531,2020,,,0.09466250000000001,0.052825,71.17759700903252,,,,,,,,
2020-01-23,71.0781021118164,-0.0012912190458507222,0.005092052669338543,-0.0046743085357733305,,0.0017505362556876377,,71.0518798828125,,,1.0003690574978052,,,44.3675445667813,0.003411500032276199,71.0781021118164,2020,,,0.09466250000000001,0.052825,71.08569114013657,,,,,,,,
2020-01-24,71.32099914550781,0.003417325821520878,0.005291331889877737,0.001779655940329139,,0.0018141590823417596,,71.12695922851563,,,1.002728078341839,,,42.97358360311077,5.605208480999143e-05,71.32099914550781,2020,,,0.09466250000000001,0.052825,71.32861410801041,,,,,,,,
2020-01-27,71.32499694824219,5.6053655757448695e-05,0.00408671350903167,0.0052428227586551746,,0.001860106947600466,,71.18501892089844,,,1.0019663972766417,,,41.93872171843301,0.0016111164295499953,71.32499694824219,2020,,,0.09466250000000001,0.052825,71.33261233759127,,,,,,,,
2020-01-28,71.44000244140625,0.001612414974900389,0.005758108735872236,0.01019670593190325,,0.0018139691345289964,,71.26681976318359,71.2290210723877,,1.0024300604236043,1.0029620141599889,1.0005306641903373,36.19412373969372,-0.0029382759569507536,71.44000244140625,2020,,,0.09466250000000001,0.052825,71.44763010992317,,,,,,,,
2020-01-29,71.23040008544922,-0.0029339634489646826,0.0008486991437111069,0.0054386214491382034,-0.0006369977634966828,0.002470242770965901,0.0038083838916148365,71.27890014648438,71.22675094604492,,0.9993195733809657,1.000051232709001,1.0007321575074928,45.61393805309734,0.000976675436389747,71.23040008544922,2020,,,0.09466250000000001,0.052825,71.2380053746655,,,,,,,,
2020-01-30,71.30000305175781,0.0009771525391559788,0.003121931134181466,0.008229880841285286,0.0038718975004696787,0.0023391238122957153,0.003723036477060963,71.32328033447266,71.24050102233886,,0.9996736369582879,1.0008352275540608,1.0011619698197776,52.751180495708915,0.004757198450905864,71.30000305175781,2020,,,0.09466250000000001,0.052825,71.30761577250176,,,,,,,,
2020-01-31,71.63999938964844,0.0047685318841266255,0.00447273941703763,0.009787738055627937,0.003150577206982419,0.002778959752266671,0.003672152072169591,71.38708038330078,71.25175094604492,,1.0035429240835967,1.0054489670562274,1.0018993138478567,67.00662541833813,-0.002005097684029029,71.63999938964844,2020,,,0.09466250000000001,0.052825,71.64764841189398,,,,,,,,
2020-02-03,71.49649810791016,-0.00200308881854927,0.0024045028672405877,0.006501042890622255,-0.0032692237739373464,0.0030717184912955444,0.00355913198867765,71.42138061523437,71.24002571105957,,1.0010517507786705,1.0036001165677677,1.002545688359383,70.15340322625295,-0.0025543766901806914,71.49649810791016,2020,,,0.09466250000000001,0.052825,71.50413180848477,,,,,,,,
2020-02-04,71.31410217285156,-0.0025511170460866817,-0.001762321728053573,0.003985639367681149,-0.006587548911891727,0.0032486603859824183,0.0035907330718253426,71.39620056152344,71.21638069152831,,0.9988501014336031,1.0013721770240829,1.0025249790602813,61.81132771520468,-0.0030067789504281913,71.31410217285156,2020,,,0.09466250000000001,0.052825,71.32171639896251,,,,,,,,
2020-02-05,71.0999984741211,-0.0030022631177705206,-0.001830701655075595,-0.0009835562262914266,-0.014689649864096155,0.003262364253764255,0.0033897074948845743,71.37012023925782,71.1633804321289,,0.9962151981216905,0.999109345879539,1.002905143149096,59.216295516376874,0.0011245690212580185,71.0999984741211,2020,,,0.09466250000000001,0.052825,71.10758984032182,,,,,,,,
2020-02-06,71.18000030517578,0.0011252015860985232,-0.001683067902464419,0.0014336088096313926,-0.0032474008560378076,0.0032781924855304558,0.002537818337929229,71.3461196899414,71.15178527832032,,0.9976716409317347,1.000396546998014,1.0027312654329181,56.088898754196606,0.004065913942397183,71.18000030517578,2020,,,0.09466250000000001,0.052825,71.1876002131938,,,,,,,,
2020-02-07,71.47000122070312,0.004074190984602488,-0.002372950452172673,0.0020891753758429665,0.003872549329539954,0.003011980070170098,0.002609905156048734,71.31212005615234,71.1655704498291,,1.0022139457419927,1.0042777816428612,1.0020592767738234,60.23903524513674,0.0006364520766029804,71.47000122070312,2020,,,0.09466250000000001,0.052825,71.47763209219788,,,,,,,,
2020-02-10,71.5155029296875,0.0006366546552007968,0.00026581472212328094,0.002670956741625208,0.007927782853072829,0.0029058665581857797,0.002470310259498398,71.31592102050782,71.19369544982911,,1.002798560354038,1.0045201682231142,1.0017168032914494,61.17656169152302,-0.003298484351338802,71.5155029296875,2020,,,0.09466250000000001,0.052825,71.52313865941211,,,,,,,,
2020-02-11,71.27999877929688,-0.003293050328152858,-0.00047821388078372884,-0.002239692842124552,0.007934175600489812,0.003085693566212704,0.0024698126617051855,71.30910034179688,71.22175025939941,,0.9995918955314187,1.000817847352604,1.0012264523418664,52.42933398034696,-6.593521396657036e-05,71.27999877929688,2020,,,0.09466250000000001,0.052825,71.2876093641792,,,,,,,,
2020-02-12,71.27529907226562,-6.593304028812419e-05,0.0024655499564931738,0.0006303346150315914,0.006072384215527249,0.002640634322332667,0.0024497218027282096,71.34416046142579,71.24326019287109,,0.99903479992315,1.0004497110225978,1.0014162780911702,54.529491551561584,0.0002932499240263664,71.27529907226562,2020,,,0.09466250000000001,0.052825,71.28290915535896,,,,,,,,
2020-02-13,71.29620361328125,0.0002932929259886752,0.0016325275022093244,-5.3288054894018444e-05,0.008176154232049315,0.0026171359619971564,0.002399511872415829,71.36740112304688,71.27217025756836,,0.9990023805176418,1.0003372053303,1.0013361577897006,49.36578435887629,-0.0003886281939422311,71.29620361328125,2020,,,0.09466250000000001,0.052825,71.30381592835812,,,,,,,,
2020-02-14,71.26850128173828,-0.00038855268778725804,-0.002819363866282898,-0.005185624107694187,0.004551358417512752,0.0015734587497155405,0.002311244540256426,71.32710113525391,71.28831520080567,,0.9991784349485267,0.999722059372401,1.0005440714139335,48.57227691465281,0.0034499830718112234,71.26850128173828,2020,,,0.09466250000000001,0.052825,71.27611063902967,,,,,,,,
2020-02-17,71.51480102539062,0.0034559411131527273,-9.814715245193284e-06,0.00025599739798232157,0.0067587045386685585,0.0023994296177488254,0.0024127862137270297,71.32696075439453,71.31232032775878,,1.0026335100922483,1.0028393508541191,1.0002053001019804,51.77263160939906,-0.0023183407115487005,71.51480102539062,2020,,,0.09466250000000001,0.052825,71.52243668017272,,,,,,,,
2020-02-18,71.34919738769531,-0.0023156554352505854,0.0009707997977481675,0.0004921216670257245,0.0044797224541965885,0.0020829909744111783,0.0024841610557981564,71.34080047607422,71.32823028564454,,1.000117701393383,1.00029395236594,1.0001762302300135,52.875307917022134,0.003159713433505517,71.34919738769531,2020,,,0.09466250000000001,0.052825,71.35681536093192,,,,,,,,
2020-02-19,71.57499694824219,0.003164710589804276,0.004204792963024895,0.006680710046625071,0.005690582966371371,0.0024501938612787,0.0025424407771864905,71.40074005126954,71.34848022460938,,1.0024405474907896,1.0031747939538407,1.0007324588624122,56.187938635645715,0.0035215942373088074,71.57499694824219,2020,,,0.09466250000000001,0.052825,71.58263903015936,,,,,,,,
2020-02-20,71.82749938964844,0.0035278023356235533,0.007451950446744737,0.009096643463003318,0.010543293300841361,0.002684873612007046,0.0026124056080811748,71.50699920654297,71.38595008850098,,1.004482081288011,1.0061853810252586,1.0016956994743633,54.39208509664875,0.003925336808558355,71.82749938964844,2020,,,0.09466250000000001,0.052825,71.83516843132004,,,,,,,,
2020-02-21,72.11000061035156,0.003933051033429669,0.011807450886144988,0.008954797519480806,0.011062681037797173,0.002624329362209992,0.002644773323874142,71.67529907226563,71.42540016174317,,1.0060648723299732,1.0095848318253466,1.0034987400834516,63.492340475511334,-0.0031000426491583494,72.11000061035156,2020,,,0.09466250000000001,0.052825,72.11769981475544,,,,,,,,
2020-02-24,71.88680267333984,-0.0030952424784708166,0.005201743451920482,0.00519187768304441,0.007876701705368916,0.003443614038001689,0.002767018738655315,71.74969940185547,71.45349044799805,,1.0019108549948967,1.0060642555405623,1.0041454791361522,62.37295734531537,0.002221816518352261,71.88680267333984,2020,,,0.09466250000000001,0.052825,71.89447804683921,,,,,,,,
2020-02-25,72.04669952392578,0.0022242865816766155,0.009775893237318423,0.010756183470244318,0.008492400080992946,0.0028908119091820583,0.0027845032024594795,71.88919982910156,71.48382530212402,,1.0021908672679434,1.0078741480247146,1.005670856662528,70.9436331598242,-0.0024555435657112766,72.04669952392578,2020,,,0.09466250000000001,0.052825,72.05439196965543,,,,,,,,
2020-02-26,71.87000274658203,-0.0024525311847917175,0.004121632007238141,0.008343755579523382,0.008979349552515892,0.003355354146799994,0.002755856222421936,71.94820098876953,71.51580543518067,,0.9989131313762841,1.004952713728749,1.0060461537272452,64.63847309266069,-0.0028788302158421096,71.87000274658203,2020,,,0.09466250000000001,0.052825,71.87767632634863,,,,,,,,
2020-02-27,71.66339874267578,-0.002874690357738685,-0.0022846493107389065,0.005150276042553914,0.005096713539467501,0.003288216141308009,0.002850107319459052,71.915380859375,71.53397521972656,,0.9964961304009228,1.001809259481969,1.0053318110516982,54.25345911316493,0.003713288641460045,71.66339874267578,2020,,,0.09466250000000001,0.052825,71.67105026327663,,,,,,,,
2020-02-28,71.93000030517578,0.0037201914391096214,-0.0024961905928752026,0.009281786645441992,0.004048030681156778,0.0032178592294948467,0.002771340214210952,71.87938079833984,71.54847526550293,,1.0007042284765635,1.0053323993035084,1.0046249138309233,58.30817742788895,0.003053878246640315,71.93000030517578,2020,,,0.09466250000000001,0.052825,71.93768029089806,,,,,,,,
2020-03-02,72.1500015258789,0.003058546083271718,0.0036612958533579487,0.008882084427009218,0.009140355615493423,0.0031511279034471557,0.0027900724945748054,71.93202056884766,71.58115043640137,,1.0030303744466988,1.007946939746141,1.0049017112788377,67.54737188739693,0.009311954571555387,72.1500015258789,2020,,,0.09466250000000001,0.052825,72.15770500119143,,,,,,,,
2020-03-03,72.82499694824219,0.009355445711545451,0.010802679782131452,0.020684178863676905,0.02118647966328613,0.0050408224183704714,0.003331740237173808,72.08768005371094,71.6566951751709,,1.010228056915993,1.0163041537181596,1.0060145793423276,74.60378985721415,0.007074210692738218,72.82499694824219,2020,,,0.09466250000000001,0.052825,72.8327724929998,,,,,,,,
2020-03-04,73.34200286865234,0.007099292029872695,0.020481425710538348,0.02468747461753895,0.03153311452386731,0.004649910223779471,0.0034480976523856514,72.382080078125,71.76879539489747,,1.0132618845644012,1.0219204943471398,1.0085452832230641,78.05994420387978,0.009505826372450506,73.34200286865234,2020,,,0.09466250000000001,0.052825,73.34983361427287,,,,,,,,
2020-03-05,74.0425033569336,0.009551150239730521,0.03319832237932996,0.03083782654424927,0.04021499072049983,0.003056835671686156,0.003879990083245021,72.85790100097657,71.91192054748535,,1.0162590788326602,1.0296276722027102,1.0131547099046891,82.11983830274418,-0.0025341981302393676,74.0425033569336,2020,,,0.09466250000000001,0.052825,74.05040889518203,,,,,,,,
2020-03-06,73.8551025390625,-0.0025309897609444576,0.026763551031824484,0.024200553514631684,0.03337206209069521,0.005101584623461694,0.003972404738579736,73.2429214477539,72.03117561340332,,1.0083582287435828,1.0253213544014377,1.0168225191943847,77.47279123587616,0.0018964817577890025,73.8551025390625,2020,,,0.09466250000000001,0.052825,73.86298806847458,,,,,,,,
2020-03-09,73.99530029296875,0.001898281216685005,0.025575865946835252,0.02933080261213039,0.034674962234682694,0.005253534916827474,0.003965474081784865,73.61198120117187,72.15516548156738,,1.005207292149213,1.0255024681756353,1.0201900405865836,81.24898638786476,0.005534978327147101,73.99530029296875,2020,,,0.09466250000000001,0.052825,74.0032007913332,,,,,,,,
2020-03-10,74.40599822998047,0.005550324620423819,0.02170959626489144,0.03274679786367174,0.04385521189980057,0.004727675808622538,0.0038697493310062715,73.92818145751953,72.31146545410157,71.68672470092774,1.006463256136437,1.0289654311764485,1.0223576716813207,82.03359571532906,-0.0027050019366179475,74.40599822998047,2020,,,0.09466250000000001,0.052825,74.4139425786755,,,,,,,,
2020-03-11,74.20500183105469,-0.0027013467154156645,0.01176677658977865,0.03248920266089317,0.04110404020639269,0.005283057739315143,0.003992300654076594,74.10078125,72.45795059204102,71.74530868530273,1.0014064707456063,1.0241112427930796,1.0226728833003929,77.21939800499624,0.007451453138467682,74.20500183105469,2020,,,0.09466250000000001,0.052825,74.21292471930947,,,,,,,,
2020-03-12,74.76000213623047,0.007479284299990674,0.009690363598838125,0.04321038979289504,0.048583211270788906,0.004616592349856825,0.004148674432071208,74.24428100585938,72.63114051818847,71.82000869750976,1.0069462741558557,1.0293105905105384,1.022210039332467,78.5573224894639,0.007197164171966193,74.76000213623047,2020,,,0.09466250000000001,0.052825,74.76798428201899,,,,,,,,
2020-03-13,75.30000305175781,0.007223126004508806,0.019563990340831117,0.04685114322652861,0.05656779218749408,0.004305872844327058,0.004229392503114302,74.53326110839843,72.83271560668945,71.89770874023438,1.0102872453446556,1.0338760874768447,1.0233486488529724,84.4308888652872,-0.018713230730168638,75.30000305175781,2020,,,0.09466250000000001,0.052825,75.30804285359115,,,,,,,,
2020-03-16,73.90399932861328,-0.018539225319618935,-0.001233875178477284,0.02431043334219818,0.033408445090609806,0.011064858013169953,0.006361921555645397,74.51500091552734,72.95217552185059,71.94116867065429,0.9918002874668591,1.0130472299140358,1.0214226016221908,64.99587280858455,0.01678568673904491,73.90399932861328,2020,,,0.09466250000000001,0.052825,73.9118900787489,,,,,,,,
2020-03-17,75.15499877929688,0.016927357951510125,0.010066400117384688,0.03199453386466544,0.05334049338945901,0.01345419785829458,0.007136388195691029,74.66480102539063,73.14246559143066,72.0085285949707,1.0065653125324683,1.027515249473652,1.0208132911797592,72.60212850170237,-0.015320014791456034,75.15499877929688,2020,,,0.09466250000000001,0.052825,75.16302309898454,,,,,,,,
2020-03-18,74.01239776611328,-0.01520326035183639,-0.0025955671476151077,0.009140667983413842,0.03405380260978075,0.015561153362921609,0.008170401431210745,74.62628021240235,73.26433563232422,72.04557647705079,0.9917739106847906,1.0102104540679,1.0185894619574936,64.31792139763985,0.01301549829834717,74.01239776611328,2020,,,0.09466250000000001,0.052825,74.02030008997959,,,,,,,,
2020-03-19,74.98200225830078,0.013100568573005233,0.0029695039556818514,0.012688643127558574,0.043917759847657445,0.016452309001551202,0.008554037313088445,74.67068023681641,73.42206077575683,72.11697845458984,1.0041692672478277,1.0212462230842072,1.0170060530563567,67.13451574878698,0.002367048063451298,74.98200225830078,2020,,,0.09466250000000001,0.052825,74.99000810710278,,,,,,,,
2020-03-20,75.15969848632812,0.0023698517334227454,-0.0018632743657825968,0.0176642628933541,0.042292301347433,0.016110996978498094,0.00854437190288834,74.64261932373047,73.57454566955566,72.19628646850586,1.0069273984123608,1.0215448536222274,1.0145168909227362,66.97765417466084,0.006133416571901045,75.15969848632812,2020,,,0.09466250000000001,0.052825,75.16772330780479,,,,,,,,
2020-03-23,75.62210083007812,0.006152264485655312,0.023247747308306366,0.02198518731146981,0.051960833113023686,0.012487509513615365,0.008498066864022737,74.98623962402344,73.76131057739258,72.28966842651367,1.0084797051998187,1.025227185337673,1.0166066605520196,66.16616016325696,0.011620546564239265,75.62210083007812,2020,,,0.09466250000000001,0.052825,75.63017502237896,,,,,,,,
2020-03-24,76.50599670410156,0.011688327411182975,0.01797615523582241,0.028223510524383322,0.061894537982200015,0.011371779104981924,0.008737891288554088,75.25643920898438,73.98427543640136,72.40541030883789,1.0166039943990335,1.0340845571957777,1.0171950561802365,67.54266260690503,0.009807258838826284,76.50599670410156,2020,,,0.09466250000000001,0.052825,76.5141652702056,,,,,,,,
2020-03-25,77.26000213623047,0.009855507602170466,0.043879194136905886,0.0411697355945253,0.07499651013864428,0.004363765398732315,0.008763814402455567,75.90596008300781,74.25377540588379,72.53370834350586,1.0178384154780722,1.0404858434997295,1.0222505141064262,67.73410035155001,-0.018478046296054366,77.26000213623047,2020,,,0.09466250000000001,0.052825,77.26825120769983,,,,,,,,
2020-03-26,75.84549713134766,-0.018308373877451545,0.011516028474036766,0.01451972932182577,0.058357522278404295,0.012090936815360878,0.009966393269933536,76.07865905761719,74.46288032531739,72.6362582397461,0.996935251893794,1.0185678662978093,1.0216991167309228,59.66341669759582,-0.014875585003826915,75.84549713134766,2020,,,0.09466250000000001,0.052825,75.85359517573242,,,,,,,,
2020-03-27,74.72560119628906,-0.014765490074106546,-0.005775665666328145,-0.00762817838232932,0.03886557596625129,0.014309355044275888,0.010714212811896094,75.99183959960938,74.60266036987305,72.71185821533203,0.9833371792288231,1.0016479415855477,1.0186210414326904,53.23763588519012,0.009846170495991157,74.72560119628906,2020,,,0.09466250000000001,0.052825,74.73357966907984,,,,,,,,
2020-03-30,75.46499633789062,0.009894803517997985,-0.0020774944158257203,0.021121955827267058,0.045945873068660825,0.014868898943409928,0.01085907065336515,75.96041870117188,74.76841011047364,72.80046417236328,0.9934778879348962,1.0093165847232508,1.015942676712491,54.56189326211603,-0.0008616288331034482,75.46499633789062,2020,,,0.09466250000000001,0.052825,75.47305375610205,,,,,,,,
2020-03-31,75.4000015258789,-0.0008612577375702868,-0.014456320103903186,0.003259966077592713,0.03535880103732536,0.013311220949225351,0.010749695412102854,75.73921966552734,74.89716033935547,72.88784423828125,0.9955212353501071,1.006713755024157,1.0112428738600576,55.208785741792475,-0.0009952507492080507,75.4000015258789,2020,,,0.09466250000000001,0.052825,75.40805200457655,,,,,,,,
2020-04-01,75.32499694824219,-0.0009947556514435796,-0.025045368036313742,0.017734855534296434,0.0270376319438832,0.011483724431354276,0.010691655847080645,75.35221862792969,74.99631004333496,72.97094421386718,0.9996387408336055,1.004382707692116,1.0047456812793734,52.570260021254846,0.029368706066758715,75.32499694824219,2020,,,0.09466250000000001,0.052825,75.33303941868066,,,,,,,,
2020-04-02,77.56999969482422,0.029804219549117716,0.022737046083172174,0.034514915027318294,0.04764150559423652,0.01657886650379317,0.012337791329754828,75.697119140625,75.1726848602295,73.10078216552735,1.0247417679227646,1.0318907704181661,1.0069763941699117,58.93980557553643,-0.005558805700757735,77.56999969482422,2020,,,0.09466250000000001,0.052825,77.57828186481734,,,,,,,,
2020-04-03,77.13999938964844,-0.005543384128754547,0.032310187602468954,0.026347909094932564,0.04447758838122984,0.014230301198162652,0.012419300730990228,76.17999877929688,75.3369297027588,73.21716217041016,1.0126017409521468,1.0239334107987097,1.011190648196899,63.79368770223907,-0.011866814830733253,77.13999938964844,2020,,,0.09466250000000001,0.052825,77.14823564839187,,,,,,,,
2020-04-06,76.2300033569336,-0.011796681876004245,0.010137243174540123,0.00803868869262736,0.030200608080743097,0.016104402270808595,0.012811151148728458,76.33300018310547,75.44866485595703,73.31526229858399,0.9986506907114249,1.010355895660556,1.0117210202306,54.71948627358772,-0.0034837759794165606,76.2300033569336,2020,,,0.09466250000000001,0.052825,76.23814245515278,,,,,,,,
2020-04-07,75.96489715576172,-0.0034777146726671093,0.007491984329588197,-0.007072642297996978,0.020951253432053507,0.01626724432584226,0.012822443171765587,76.44597930908203,75.5266098022461,73.4057601928711,0.9937069005110756,1.005803085226031,1.012172789289009,59.28743964859003,0.00910875366553177,75.96489715576172,2020,,,0.09466250000000001,0.052825,75.97300794851961,,,,,,,,
2020-04-08,76.66000366210938,0.009150364607515726,0.01772328931900935,-0.007765965021113153,0.03308404784685659,0.016494069066795392,0.012910340265844686,76.71298065185547,75.64935989379883,73.5143522644043,0.9993094129664115,1.0133595812275127,1.0140598778304246,58.195761616056224,-0.009186391510535052,76.66000366210938,2020,,,0.09466250000000001,0.052825,76.66818867157826,,,,,,,,
2020-04-09,75.95899963378906,-0.009144325526125652,-0.020768339143652836,0.001496496255339208,0.01603795429772381,0.00810412633096953,0.013053536381374914,76.39078063964844,75.70930976867676,73.60753219604493,0.9943477340819937,1.003298007416462,1.0090011502291312,53.714115952058165,0.009055909012247971,75.95899963378906,2020,,,0.09466250000000001,0.052825,75.96710979686692,,,,,,,,
2020-04-10,76.6500015258789,0.009097037815417153,-0.006352059471694593,0.025752891897581787,0.017928265861997028,0.009921480788828768,0.013108099288106616,76.29278106689453,75.77680969238281,73.70773223876954,1.004682231450852,1.0115232065989692,1.0068090933968628,54.67698923656167,-0.006327940626626335,76.6500015258789,2020,,,0.09466250000000001,0.052825,76.65818546741698,,,,,,,,
2020-04-13,76.16649627685547,-0.006307961375058735,-0.000833098219617856,0.009295699635681665,0.030613998820037125,0.00868757225188529,0.012417082025546103,76.2800796508789,75.88993453979492,73.80113220214844,0.9985109693835759,1.0036442479327152,1.0051409335566022,48.39684723015811,0.009714270086185143,76.16649627685547,2020,,,0.09466250000000001,0.052825,76.17462859440643,,,,,,,,
2020-04-14,76.91000366210938,0.009761606764099318,0.01244135833436033,0.020026553125628288,0.023351805087061583,0.009402779472139076,0.012048915809899297,76.46910095214844,75.97768478393554,73.9130502319336,1.0057657629613932,1.0122709566739911,1.0064679013266906,48.34563424145843,-0.01281092473633216,76.91000366210938,2020,,,0.09466250000000001,0.052825,76.91821536414635,,,,,,,,
2020-04-15,75.93099975585938,-0.012729214141648959,-0.00950957306841771,0.008045175335799737,0.025922710892424705,0.01056058582425543,0.011882947688343973,76.32330017089843,76.07361488342285,74.00967025756836,0.9948600176596053,0.9981253010287204,1.0032821535805576,50.4215056254659,0.01673635083594273,75.93099975585938,2020,,,0.09466250000000001,0.052825,75.93910692938265,,,,,,,,
2020-04-16,77.2125015258789,0.016877188159512446,0.01650234861087152,-0.004608716905398769,0.029747128649544763,0.012338342499816362,0.012107434992986443,76.57400054931641,76.18513984680176,74.13032028198242,1.0083383520774951,1.0134850665253492,1.0051041542129686,62.067492334791716,0.004619369784493277,77.2125015258789,2020,,,0.09466250000000001,0.052825,77.22074552569518,,,,,,,,
2020-04-17,77.56999969482422,0.004630055520549181,0.01200258513543151,0.005574284529142437,0.032069064366118116,0.011973578788095013,0.012126160606387375,76.75800018310547,76.30565490722657,74.25232025146484,1.010578695507722,1.0165694769166826,1.0059280701597917,60.607507571930455,-0.01310603531267973,77.56999969482422,2020,,,0.09466250000000001,0.052825,77.57828186481734,,,,,,,,
2020-04-20,76.55999755859375,-0.01302052520567254,0.0051663303548576955,0.004328928074619265,0.012402415672411182,0.013481846245484359,0.012503413607354526,76.83670043945312,76.35254974365235,74.35321014404298,0.9963988188030352,1.0027169729843717,1.0063409892325308,55.33712302310251,0.00845425520719593,76.55999755859375,2020,,,0.09466250000000001,0.052825,76.56817189038372,,,,,,,,
2020-04-21,77.20999908447266,0.008490093346482208,0.0039006034076043417,0.016390490546678738,0.009201924171956533,0.013288313770128428,0.01237514809072871,76.89669952392578,76.3877498626709,74.47181015014648,1.0040742913868417,1.0107641503157245,1.0066627130943098,58.23703439957273,-0.0031210496994512876,77.20999908447266,2020,,,0.09466250000000001,0.052825,77.21824281710258,,,,,,,,
2020-04-22,76.96939849853516,-0.003116184286885759,0.013675557361479962,0.004035935581081951,-0.0037613723745812955,0.011392759338074647,0.012199379540071331,77.10437927246093,76.37321968078614,74.58569213867187,0.9982493760380484,1.0078061239298388,1.0095735075034258,46.81812008704678,-0.007425204618934927,76.96939849853516,2020,,,0.09466250000000001,0.052825,76.97761654217499,,,,,,,,
2020-04-23,76.4000015258789,-0.007397705890440198,-0.010522907352349953,0.005805788572993187,0.0073109731691911595,0.008743546810720915,0.01157089176630891,76.94187927246094,76.4009449005127,74.68776809692383,0.9929573107427858,0.9999876523171929,1.0070802052599301,46.13668210246577,0.00029444727472328246,76.4000015258789,2020,,,0.09466250000000001,0.052825,76.4081587748489,,,,,,,,
2020-04-24,76.42250061035156,0.0002944906285771154,-0.014793078367760004,-0.002968048414852764,0.022708407652754614,0.008102895131257351,0.011006398923890083,76.7123794555664,76.48578987121581,74.79084808349609,0.9962212246931703,0.9991725356962278,1.00296250564624,51.107612857457674,-0.0019778252654953452,76.42250061035156,2020,,,0.09466250000000001,0.052825,76.43066026155493,,,,,,,,
2020-04-27,76.27149963378906,-0.0019758706579413587,-0.0037682593260780495,0.0013786029562383728,0.010687117670918012,0.005868634092730133,0.010830399832706209,76.65467987060546,76.52611503601074,74.88598205566406,0.9950012153535411,0.9966728298947116,1.001680012562172,51.787638175307485,-0.0011176529712842989,76.27149963378906,2020,,,0.09466250000000001,0.052825,76.27964316257703,,,,,,,,
2020-04-28,76.1863021850586,-0.0011170286298228804,-0.013258605252592592,-0.009409718405816725,0.010428390494260364,0.002925394821038642,0.010832350740956516,76.44994049072265,76.56543006896973,74.98272415161132,0.996551491028354,0.9950483151003054,0.9984916224183285,47.02662527787542,0.0036513867248076873,76.1863021850586,2020,,,0.09466250000000001,0.052825,76.19443661729176,,,,,,,,
2020-04-29,76.46499633789062,0.003658061158488435,-0.006553281829974722,0.007032655749933614,0.015134410034317813,0.004024822294173243,0.010846835359687817,76.34906005859375,76.62243003845215,75.0805241394043,1.0015185030334086,0.9979453314064495,0.9964322460182845,53.35389843536658,-0.01590422920108233,76.46499633789062,2020,,,0.09466250000000001,0.052825,76.47316052637439,,,,,,,,
2020-04-30,75.25849914550781,-0.015778424771661914,-0.014941130334721664,-0.025306813556819963,-0.029798898522757633,0.007467675157611002,0.009077896092092969,76.12075958251953,76.50685501098633,75.14914413452148,0.9886724667260188,0.9836830847994046,0.994953453145978,41.36668001518513,0.006113499756018543,75.25849914550781,2020,,,0.09466250000000001,0.052825,75.26653451595777,,,,,,,,
2020-05-01,75.72000122070312,0.00613222533581248,-0.009192310956039118,-0.023849406747445623,-0.01840806559736463,0.0084941605890213,0.009177188487876516,75.98025970458984,76.43585510253907,75.22134414672851,0.9965746565634469,0.9906345800557131,0.9940395067558537,47.22221958529086,-0.0015794189000155208,75.72000122070312,2020,,,0.09466250000000001,0.052825,75.72808586585533,,,,,,,,
2020-05-04,75.60050201416016,-0.0015781722743857252,-0.008797488221034655,-0.01253259633007775,-0.008257920963559595,0.008494153755708448,0.00881524345516471,75.84606018066407,76.4043800354004,75.29561813354492,0.9967624136847847,0.9894786395640175,0.9926925674355628,41.167407523288354,0.003294762115098503,75.60050201416016,2020,,,0.09466250000000001,0.052825,75.60857390034954,,,,,,,,
2020-05-05,75.8499984741211,0.0033001958097342854,-0.004414228034333667,-0.01761430677992415,-0.0015125233620080225,0.008798952500088301,0.008820073685656626,75.77879943847657,76.39863510131836,75.37168411254883,1.0009395640492078,0.9928187640201991,0.9918868228205938,49.39401030816034,0.004209974668160955,75.8499984741211,2020,,,0.09466250000000001,0.052825,75.85809699911546,,,,,,,,
2020-05-06,76.16999816894531,0.004218849060799945,-0.00385795047503501,-0.010385950068260708,-0.006391931512602533,0.008874085783256958,0.008616239483143875,75.7197998046875,76.37413482666015,75.4576840209961,1.005945583129103,0.997327149326429,0.9914325049513458,40.89021159259126,-0.0002455289771837454,76.16999816894531,2020,,,0.09466250000000001,0.052825,76.17813086039425,,,,,,,,
2020-05-07,76.15129852294922,-0.0002454988374112066,0.011863103670393782,-0.00325527484244148,0.002531614293069362,0.003196351227889063,0.008360658249782538,75.89835968017579,76.38374977111816,75.54744201660156,1.0033325995955549,0.9969567971084756,0.9936453749338461,36.822606339253824,-0.000936689063834247,76.15129852294922,2020,,,0.09466250000000001,0.052825,76.15942921783186,,,,,,,,
2020-05-08,76.08000183105469,-0.0009362505075740657,0.0047543661456403985,-0.00448164842240828,-0.0074363950877649465,0.002626194555635127,0.008092889967537976,75.9703598022461,76.35524978637696,75.63044204711915,1.0014432211337947,0.9963951665917884,0.9949592204176178,44.59997184713682,-0.007321694828263014,76.08000183105469,2020,,,0.09466250000000001,0.052825,76.08812491357011,,,,,,,,
2020-05-11,75.5250015258789,-0.007294956517065132,-0.0009986770758096952,-0.00978737944703334,-0.00842226940103441,0.004545871262570018,0.008134089043384573,75.95525970458985,76.32317504882812,75.69794204711914,0.9943353734766449,0.9895421865974708,0.9951795068273445,30.62945330671728,0.010340211831911642,75.5250015258789,2020,,,0.09466250000000001,0.052825,75.5330653508606,,,,,,,,
2020-05-12,76.30999755859375,0.010393856562132875,0.006064589238318874,0.0016235907241526348,-0.00780140521318462,0.006566088415047217,0.008176741254961345,76.04725952148438,76.29317474365234,75.76764205932618,1.0034549310358138,1.0002205022270725,0.9967767074447452,43.26286135661024,-0.008290030532201346,76.30999755859375,2020,,,0.09466250000000001,0.052825,76.31814519781564,,,,,,,,
2020-05-13,75.68000030517578,-0.008255762987467441,-0.006432950972149354,-0.0102660834409255,-0.0033056255217319697,0.007454989954242832,0.00787623193671228,75.94925994873047,76.28062477111817,75.81440200805665,0.9964547430253243,0.9921261202599667,0.9956559765552266,42.733684437463424,-0.0033592225225999544,75.68000030517578,2020,,,0.09466250000000001,0.052825,75.68808067941934,,,,,,,,
2020-05-14,75.42620086669922,-0.0033535866471079423,-0.009521802914910005,0.002228342620375301,-0.023134863187679322,0.007477990157673608,0.006802100602193378,75.80424041748047,76.19130973815918,75.84207595825195,0.9950129498204948,0.9899580559241028,0.9949197707453918,40.39373426688657,0.0007792628519600826,75.42620086669922,2020,,,0.09466250000000001,0.052825,75.43425414270762,,,,,,,,
2020-05-15,75.48500061035156,0.0007795665561396437,-0.007820730893571715,-0.003103547366125947,-0.026878936350076765,0.007571446761440137,0.006683420885713485,75.68524017333985,76.08705978393554,75.87467391967773,0.9973543115866491,0.9920872330289323,0.9947189494279745,42.2793478846995,0.004428136957752582,75.48500061035156,2020,,,0.09466250000000001,0.052825,75.4930601644246,,,,,,,,
2020-05-18,75.81999969482422,0.004437955643689984,0.0039059670703116556,0.0029033891947298773,-0.009665594140114586,0.007150810216727378,0.006200207738647511,75.7442398071289,76.05005989074706,75.91116790771484,1.0010002065884906,0.9969748847502112,0.9959787002921826,46.572304862969304,-0.0029045311291934816,75.81999969482422,2020,,,0.09466250000000001,0.052825,75.82809501684075,,,,,,,,
2020-05-19,75.60009765625,-0.002900317059606028,-0.009302842681899737,-0.0032946713631952784,-0.020850944790989034,0.004765773531158616,0.005847215521057697,75.60225982666016,75.96956481933594,75.93504989624023,0.999971400717186,0.9951366423650764,0.9951651033733143,41.81662258463174,0.005275765352339368,75.60009765625,2020,,,0.09466250000000001,0.052825,75.60816949926598,,,,,,,,
2020-05-20,76.0,0.005289706708691444,0.004228325760225138,-0.0022318258242340905,-0.012594596260923185,0.004010124647882631,0.005990234789037619,75.666259765625,75.92109489440918,75.97094985961914,1.0044106876090975,1.0010393041051444,0.9966434213160571,58.27957868623984,-0.00289895080438955,76.0,2020,,,0.09466250000000001,0.052825,76.00811454069813,,,,,,,,
2020-05-21,75.77999877929688,-0.00289475290398844,0.004690650046433209,-0.004875816313761883,-0.008115219034020793,0.0038934148382790885,0.005803658543553478,75.73701934814453,75.89009475708008,75.99134979248046,1.0005674824745185,0.9985492707824966,0.9979829329581741,50.708121425175406,-0.0020474731309359706,75.77999877929688,2020,,,0.09466250000000001,0.052825,75.78808983040476,,,,,,,,
2020-05-22,75.625,-0.0020453784876441894,0.00185466501313436,-0.0059805707164029,-0.010435416323494873,0.004121260082690438,0.0058126838698211655,75.76501922607422,75.8502197265625,75.99784973144531,0.9981519277959079,0.9970307307299252,0.9988767270444907,50.28673483055766,0.004749044067089964,75.625,2020,,,0.09466250000000001,0.052825,75.633074501846,,,,,,,,
2020-05-25,75.98500061035156,0.004760338649276941,0.002176218889362591,0.006090686198993778,-0.0037563051049618323,0.004202391105098316,0.00591738858133965,75.79801940917969,75.83589477539063,76.03946975708008,1.0024668349203492,1.0019661643790523,0.9995005614910575,51.54027879089638,0.0016437098805394804,75.98500061035156,2020,,,0.09466250000000001,0.052825,75.99311354956077,,,,,,,,
2020-05-26,76.11000061035156,0.0016450615120870982,0.0067447393576138825,-0.0026208485734601217,-0.0010015130347407197,0.0037678003293822987,0.005926383943191,75.9,75.83207969665527,76.05856979370117,1.0027668064604949,1.0036649517566714,1.0008956671584959,49.28359296711305,-0.0038175642354498114,76.11000061035156,2020,,,0.09466250000000001,0.052825,76.11812689584482,,,,,,,,
2020-05-27,75.81999969482422,-0.0038102866009950276,-0.00236842506810242,0.0018498862193960797,-0.008435188307813868,0.003582899706353443,0.005916827995042008,75.86399993896484,75.79982986450196,76.0947218322754,0.9994200115446586,1.0002660933455698,1.0008465728033638,46.284800054756076,0.004080263177409743,75.81999969482422,2020,,,0.09466250000000001,0.052825,75.82809501684075,,,,,,,,
2020-05-28,76.12999725341797,0.004088598784509179,0.0046186128234237955,0.009330927166311564,0.011580062289378912,0.003757749339706116,0.0047536928371370996,75.93399963378906,75.84340476989746,76.11768173217773,1.0025811575917791,1.003778739685936,1.0011944989042416,50.53216111171567,-0.0022354953492657583,76.12999725341797,2020,,,0.09466250000000001,0.052825,76.13812567395826,,,,,,,,
2020-05-29,75.95999908447266,-0.002232998490456106,0.004429739959969092,0.006292620656824344,0.0031695438444327984,0.0037956055818654396,0.004605780888319063,76.0009994506836,75.85540466308593,76.13368774414063,0.9994605285916333,1.001378865775633,1.001919372630656,55.04357487341526,-0.005899413676524538,75.95999908447266,2020,,,0.09466250000000001,0.052825,75.96810935426214,,,,,,,,
2020-06-01,75.51319885253906,-0.0058820463048810945,-0.0062091433048988565,-0.004046436870483117,-0.0011547960568402127,0.004057663865164465,0.004788591513316819,75.9066390991211,75.85103950500488,76.13150970458985,0.9948167874213445,0.9955459983848537,1.0007330103117775,39.97535063907884,0.002866967238584473,75.51319885253906,2020,,,0.09466250000000001,0.052825,75.5212614173461,,,,,,,,
2020-06-02,75.7300033569336,0.0028710809194814058,-0.00499273749008855,0.00171832715447362,-0.0015820055319900606,0.004304975066531617,0.004773743609126127,75.8306396484375,75.84503974914551,76.11598983764648,0.9986728808833676,0.9984832707241976,0.9998101378711693,50.70209192112232,-0.008809318219155914,75.7300033569336,2020,,,0.09466250000000001,0.052825,75.73808907001661,,,,,,,,
2020-06-03,75.06580352783203,-0.008770629864771395,-0.009947192957370454,-0.01229205884431539,-0.014496450934187721,0.005517322034037172,0.005036171459226269,75.67980041503907,75.78983001708984,76.07210586547852,0.9918869119125607,0.9904469176260912,0.9985482273541719,45.46259653436816,0.006363371719637273,75.06580352783203,2020,,,0.09466250000000001,0.052825,75.0738183241184,,,,,,,,
2020-06-04,75.54499816894531,0.006383660982668404,-0.007684212604465723,-0.003101090183914912,-0.007961786151567618,0.006201949400239405,0.005281088538422679,75.56280059814453,75.75951499938965,76.06609588623047,0.9997644022050758,0.9971684503201206,0.9974034363703793,50.68306343178573,-0.0007163865049259376,75.54499816894531,2020,,,0.09466250000000001,0.052825,75.55306412897403,,,,,,,,
2020-06-05,75.49089813232422,-0.0007161299613788197,-0.006175631356008404,-0.0017732478370351412,-0.007743213519350922,0.006195827950888503,0.00528011149975639,75.46898040771484,75.73005981445313,76.08140182495117,1.0002904203089928,0.9968419187477882,0.9965524996629085,45.99720873606224,0.0003549740023620201,75.49089813232422,2020,,,0.09466250000000001,0.052825,75.49895831607729,,,,,,,,
2020-06-08,75.5177001953125,0.0003550370130886993,5.961001310805791e-05,-0.006149903418904534,-9.667435178939421e-05,0.0056248121763234045,0.00502330556536359,75.46988067626953,75.72969474792481,76.08245590209961,1.0006336238856413,0.9972006416595504,0.9965691916160483,48.94842204886332,0.0014198478996991484,75.5177001953125,2020,,,0.09466250000000001,0.052825,75.52576324072913,,,,,,,,
2020-06-09,75.625,0.0014208563609590108,-0.0013865489539025555,-0.006372363769047151,-0.008976511342013604,0.005476780694339707,0.004410081212912252,75.44888000488281,75.69544486999511,76.08695587158203,1.0023342956861094,0.9990693644760777,0.9967426723558362,44.827869231967206,-0.0015244172415687233,75.625,2020,,,0.09466250000000001,0.052825,75.633074501846,,,,,,,,
2020-06-10,75.50980377197266,-0.0015232559077995589,0.005914813713757239,-0.004091215036930884,-0.0022488970998522095,0.003111249078700026,0.00402210134027355,75.53768005371094,75.68693504333496,76.09065200805664,0.9996309619024775,0.9976596849738878,0.9980279953265573,46.16243159776779,0.004824750270225645,75.50980377197266,2020,,,0.09466250000000001,0.052825,75.51786597428602,,,,,,,,
2020-06-11,75.875,0.00483640811900643,0.004368281673879704,-0.0033494977356841593,0.005950175511211908,0.0024771152599472957,0.004090277632200608,75.60368041992187,75.709375,76.05675201416015,1.003588708625971,1.0021876418871507,0.9986039433018946,53.350675697784766,0.0067645401836654035,75.875,2020,,,0.09466250000000001,0.052825,75.8831011944141,,,,,,,,
2020-06-12,76.38999938964844,0.006787471362747155,0.011910061736823296,0.005660878230101085,0.011989120646211715,0.0033806609069180612,0.004339985733377544,75.78350067138672,75.75462493896484,76.04175201416015,1.0080030443683463,1.0083872694399256,1.0003811745150233,55.211548581167584,-0.005687000764345145,76.38999938964844,2020,,,0.09466250000000001,0.052825,76.39815557068762,,,,,,,,
2020-06-15,75.95680236816406,-0.005670860386773002,0.005814559655761498,0.00587451627484703,0.0018043085451131535,0.004977762048844926,0.004457163945582649,75.87132110595704,75.76146507263184,76.03628799438476,1.0011266610487466,1.0025783199327647,1.0014500251971088,48.173509336205264,0.00027899412455440636,75.95680236816406,2020,,,0.09466250000000001,0.052825,75.96491229663928,,,,,,,,
2020-06-16,75.97799682617188,0.0002790330470348046,0.004667726627066049,0.003274705641691744,0.004998659811792372,0.004989561206330818,0.004400880996103835,75.94192047119141,75.78036003112793,76.03654998779297,1.000475051918053,1.0026080213258788,1.0021319566177453,52.012712482141296,0.008871035914242415,75.97799682617188,2020,,,0.09466250000000001,0.052825,75.98610901758515,,,,,,,,
2020-06-17,76.65499877929688,0.008910500163276103,0.01516617644488294,0.021170695267061612,0.008618404990748285,0.005814524121915703,0.004684102704463154,76.17095947265625,75.81310997009277,76.03644989013672,1.0063546436856212,1.0111047918959692,1.0047201533178713,56.11606960336606,-0.001370656867884836,76.65499877929688,2020,,,0.09466250000000001,0.052825,76.66318325439306,,,,,,,,
2020-06-18,76.55000305175781,-0.00136971794678864,0.008896251094007379,0.013303394098507448,0.010161048889740787,0.00599181696345999,0.004639164085698226,76.30596008300782,75.85161018371582,76.04826995849609,1.00319821634489,1.009207357185305,1.0059899835770334,56.97902133243328,-0.001956253057151056,76.55000305175781,2020,,,0.09466250000000001,0.052825,76.55817631643157,,,,,,,,
2020-06-19,76.40039825439453,-0.0019543408412685537,0.00013612861407485966,0.01204781165109603,0.01025320005810948,0.005415753192779282,0.004636562725488142,76.30803985595703,75.89038009643555,76.0432778930664,1.001210336402453,1.0067204586050418,1.0055034611632034,61.28813690944213,-0.001942977954647502,76.40039825439453,2020,,,0.09466250000000001,0.052825,76.40855554572333,,,,,,,,
2020-06-22,76.2520980834961,-0.001941091594897637,0.003887679656401577,0.009724844457447812,0.00351513418436622,0.0046329830682654855,0.00455546415668067,76.36709899902344,75.90373497009277,76.04498992919922,0.9984941039134037,1.0045895384929422,1.0061046275142222,56.76063907560867,-0.006081178345764995,76.2520980834961,2020,,,0.09466250000000001,0.052825,76.26023954077526,,,,,,,,
2020-06-23,75.78980255126953,-0.006062725404884617,-0.0024769575767167318,0.0021792072895143733,-0.004207043181109649,0.005577820440595891,0.0047474619748874595,76.32946014404297,75.88772506713867,76.02258590698243,0.9929298911356763,0.9987096395921408,1.0058209028734686,59.89237806530704,-0.002404255907952816,75.78980255126953,2020,,,0.09466250000000001,0.052825,75.79789464912882,,,,,,,,
2020-06-24,75.60780334472656,-0.0024013679996045534,-0.013661149973863695,0.001297839060075523,-0.0027986857155334333,0.0018899862808319091,0.004701300550198495,76.12002105712891,75.87711524963379,76.01612197875977,0.993270919985454,0.996450683397475,1.0032013052512074,50.933994118287764,0.004779044878977694,75.60780334472656,2020,,,0.09466250000000001,0.052825,75.615876010481,,,,,,,,
2020-06-25,75.97000122070312,0.004790482727360157,-0.007576770841701053,0.0012520753964166964,-0.0021016161629726637,0.003924319505950747,0.004736930650480322,76.00402069091797,75.86911544799804,75.99127197265625,0.9995523990717124,1.0013297343999514,1.0017781312214242,56.52679126365962,-0.0056788381326237395,75.97000122070312,2020,,,0.09466250000000001,0.052825,75.97811255842342,,,,,,,,
2020-06-26,75.53980255126953,-0.00566274401107103,-0.011264282946005455,-0.01112968772315659,-0.005531813299995414,0.004355177371438682,0.004878392305115033,75.83190155029297,75.8481056213379,75.95066802978516,0.9961480723409037,0.9959352568196294,0.9997863615589053,50.27128262274205,0.0010584072661744008,75.53980255126953,2020,,,0.09466250000000001,0.052825,75.54786795656074,,,,,,,,
2020-06-29,75.61979675292969,0.0010589675768064577,-0.008292248298191529,-0.004436806246804648,0.001411645937537287,0.004608605726002418,0.004701525289433615,75.70544128417968,75.85343551635742,75.93186401367187,0.9988687136644708,0.9969198657669586,0.9980489449005138,49.93570477745557,0.0010600094126539518,75.61979675292969,2020,,,0.09466250000000001,0.052825,75.62787069922358,,,,,,,,
2020-06-30,75.69999694824219,0.0010605714211919803,-0.0011849298982747891,-0.003658952453902131,-0.00039622880445389086,0.003961117328369145,0.004662243006302601,75.68748016357422,75.85193519592285,75.90166397094727,1.0001653745723984,0.9979969100684352,0.9978318940456319,52.37067284923894,0.0006603242599178434,75.69999694824219,2020,,,0.09466250000000001,0.052825,75.70807945753278,,,,,,,,
2020-07-01,75.75,0.0006605423219765427,0.00188071401340828,-0.011806128676650651,0.009114622637913739,0.003773923000844119,0.004181650260733582,75.7159194946289,75.88614501953126,75.87727600097656,1.0004501101696786,0.998205930483144,0.9977568299871006,48.309066064491624,-0.0039032825069843327,75.75,2020,,,0.09466250000000001,0.052825,75.75808784813005,,,,,,,,
2020-07-02,75.45490264892578,-0.0038956746016398647,-0.0067802891075506855,-0.0143056872524433,-0.0011926073493051526,0.0031912505101159903,0.0040450042909923765,75.61289978027344,75.88164024353027,75.8583740234375,0.9979104473997586,0.9943762734538296,0.9964584257483845,36.55032558384525,-0.009773975768570059,75.45490264892578,2020,,,0.09466250000000001,0.052825,75.46295898943129,,,,,,,,
2020-07-03,74.72100067138672,-0.00972636570686125,-0.010839343660278722,-0.02198152917234586,-0.010198546844521372,0.004715702380107082,0.004588165369519638,75.44913940429687,75.8431453704834,75.8243440246582,0.9903492771599633,0.9852044018794954,0.9948049891092746,33.640368684818114,-0.0005582622237015127,74.72100067138672,2020,,,0.09466250000000001,0.052825,74.72897865297821,,,,,,,,
2020-07-06,74.6792984008789,-0.0005581064243399547,-0.012437197565124958,-0.02062631353297284,-0.011102056766363666,0.004489030533906495,0.004583724962379724,75.26103973388672,75.80122528076171,75.7925,0.9922703521627555,0.9851990930789406,0.9928736567928264,32.900581623120274,-0.0009605806987523871,74.6792984008789,2020,,,0.09466250000000001,0.052825,74.68727192990761,,,,,,,,
2020-07-07,74.60759735107422,-0.0009601194888012587,-0.014430642552269446,-0.015598473150732706,-0.013453258167613669,0.004168801326405031,0.0045607583241235716,75.04255981445313,75.75035514831544,75.76092590332031,0.9942037896301196,0.9849141592141218,0.9906562110174074,17.93110535913597,0.006911049663901295,74.60759735107422,2020,,,0.09466250000000001,0.052825,74.61556322456231,,,,,,,,
2020-07-08,75.125,0.0069349860777727645,-0.008250825082508295,-0.006385628511454966,-0.005096076969484664,0.006034080090000459,0.004859563350250212,74.91755981445313,75.73111495971679,75.7341259765625,1.002768912736355,0.9919964870444704,0.9892573198519999,30.233542591785152,-0.002466890399692903,75.125,2020,,,0.09466250000000001,0.052825,75.13302111670983,,,,,,,,
2020-07-09,74.93990325927734,-0.00246385012609196,-0.0068252608057107755,-0.013559272671764266,-0.012324174507053143,0.0059334676008611,0.0047303122840244415,74.81455993652344,75.68436012268066,75.72775405883789,1.0016753867544,0.9901636631108912,0.9885075306873532,29.93875677511035,0.005324651200445283,74.93990325927734,2020,,,0.09466250000000001,0.052825,74.94790461315776,,,,,,,,
2020-07-10,75.33999633789062,0.005338852349849432,0.008284092302593304,-0.002645045481066699,-0.013745294674005426,0.004187797191507815,0.004620918267536742,74.93835906982422,75.63185997009278,75.72015396118164,1.0053595684913808,0.9961409962373322,0.9908305719237529,38.282001972096594,-0.0024119278012287725,75.33999633789062,2020,,,0.09466250000000001,0.052825,75.34804040981801,,,,,,,,
2020-07-13,75.15850067138672,-0.002409021440483272,0.00641680198889194,-0.006100202610305194,-0.01050994344006162,0.004502672665073745,0.004491304163098488,75.03419952392578,75.59194488525391,75.71131393432617,1.001656593236812,0.9942659999749293,0.9926216296964607,41.2588313839497,0.003870918911542002,75.15850067138672,2020,,,0.09466250000000001,0.052825,75.16652536497236,,,,,,,,
2020-07-14,75.44999694824219,0.0038784205944975003,0.011291069905440931,-0.0033025100406666175,-0.006949378767351355,0.004417820392747698,0.004595844513956767,75.20267944335937,75.56554489135742,75.70331390380859,1.0032886794288904,0.9984708911544096,0.9951980039511427,47.87927753535221,0.001655355518563263,75.44999694824219,2020,,,0.09466250000000001,0.052825,75.45805276496469,,,,,,,,
2020-07-15,75.57499694824219,0.0016567263758240358,0.005989976016534948,-0.002310271310334122,-0.014089124626617044,0.0035693650656391965,0.004085395711740004,75.29267883300781,75.51154479980468,75.69141387939453,1.0037496091201712,1.0008402973162016,0.9971015562272348,44.33016334701494,-0.005973427658505978,75.57499694824219,2020,,,0.09466250000000001,0.052825,75.58306611124874,,,,,,,,
2020-07-16,75.1249008178711,-0.005955622210336853,0.0024686121885384438,-0.004373497539187254,-0.01861661890363564,0.004644988698682996,0.004250253813651781,75.32967834472656,75.44028968811035,75.67088592529296,0.9972815823543232,0.9958193576463829,0.9985337895196176,44.07838286343977,0.0006599985833518094,75.1249008178711,2020,,,0.09466250000000001,0.052825,75.13292192399122,,,,,,,,
2020-07-17,75.17449951171875,0.0006602164303404212,-0.0021966662359478306,0.006069228680788852,-0.016045711418857245,0.003826043621656875,0.004257310816616482,75.29657897949218,75.37899475097656,75.65277587890625,0.9983786850687243,0.9972871057788263,0.9989066480422477,43.588943712406476,-0.00369421978447319,75.17449951171875,2020,,,0.09466250000000001,0.052825,75.18252591350493,,,,,,,,
2020-07-20,74.89730072021484,-0.003687404549473472,-0.0034753214718040715,0.0029191800673555868,-0.017767345388945865,0.004028395649113832,0.004299646768056552,75.24433898925781,75.3112548828125,75.64022186279297,0.9953878487909567,0.9945034223205842,0.9991114755203745,39.06373760703839,0.0012368914010531884,74.89730072021484,2020,,,0.09466250000000001,0.052825,74.90529752541056,,,,,,,,
2020-07-21,74.98999786376953,0.0012376566667064992,-0.006096740928806299,0.005125490248612197,-0.010552932724147923,0.003404593254044856,0.004144215374305902,75.15233917236328,75.2712646484375,75.61382186889648,0.997839836918164,0.9962632913638205,0.9984200414775856,39.76449554576,-0.0029380527114013497,74.98999786376953,2020,,,0.09466250000000001,0.052825,74.99800456626451,,,,,,,,
2020-07-22,74.7699966430664,-0.0029337408583847147,-0.01065167499413977,-0.004725502255355618,-0.011080955464877862,0.003034515849714082,0.004158605834265634,74.99133911132813,75.2293743133545,75.5956217956543,0.9970484262464878,0.9938936396257314,0.996835874228664,40.58543706425712,0.0006685347261754845,74.7699966430664,2020,,,0.09466250000000001,0.052825,74.77797985597114,,,,,,,,
2020-07-23,74.81999969482422,0.0006687582453228647,-0.004058589358887255,-0.0015999962535083734,-0.01513757413979755,0.002309268727563253,0.003978305929296977,74.93035888671875,75.17187423706055,75.5834977722168,0.9985271765205159,0.9953190665284377,0.9967871580588751,51.67591415847825,-0.0001697944456208617,74.81999969482422,2020,,,0.09466250000000001,0.052825,74.8279882465684,,,,,,,,
2020-07-24,74.80729675292969,-0.0001697800313598119,-0.004884671812571462,-0.007070608054874916,-0.009696951456057645,0.0022045382731974085,0.003807593984984896,74.85691833496094,75.13524894714355,75.56994369506836,0.9993371142823538,0.9956351752498408,0.996295605377199,52.18831766802059,-0.0006350725846336506,74.80729675292969,2020,,,0.09466250000000001,0.052825,74.8152839483773,,,,,,,,
2020-07-27,74.75980377197266,-0.0006348709687222787,-0.0018358064565746623,-0.0053047479107821705,-0.01137259048403505,0.0016083007755862422,0.003790355497155891,74.8294189453125,75.09224929809571,75.54873977661133,0.9990696817599143,0.9955728383524199,0.9964999003859926,52.62390900625529,0.0032077557253645007,74.75980377197266,2020,,,0.09466250000000001,0.052825,74.76778589658176,,,,,,,,
2020-07-28,75.0,0.0032129060793146813,0.00013337960415249484,-0.005964174505545428,-0.009246987800023199,0.0022251190695894542,0.003868680570958689,74.8314193725586,75.0572494506836,75.53673782348633,1.0022528054239102,0.9992372562130563,0.9969912289648533,47.61738563916422,0.0011992318058794207,75.0,2020,,,0.09466250000000001,0.052825,75.00800777042579,,,,,,,,
2020-07-29,75.08999633789062,0.0011999511718749911,0.0042797874707929395,-0.006417474428529801,-0.008712919631806981,0.0014986066216070573,0.00387875069615165,74.89541931152344,75.02424926757813,75.51853775024414,1.0025979830029104,1.0008763442614135,0.9982828224565738,52.968532618700564,-0.0034524397601450813,75.08999633789062,2020,,,0.09466250000000001,0.052825,75.09801371724993,,,,,,,,
2020-07-30,74.8311996459961,-0.0034464869425482325,0.0001496919435652888,-0.003909504953451215,-0.008265904282345082,0.002452935808045093,0.003858878416696494,74.89765930175781,74.99306411743164,75.49956176757813,0.9991126604438471,0.9978416074427618,0.9987278181416293,39.34132253331586,0.0021198372443816276,74.8311996459961,2020,,,0.09466250000000001,0.052825,74.83918939356211,,,,,,,,
2020-07-31,74.98999786376953,0.002122085687850328,0.002442289973974887,-0.002454311623590666,0.003600021278700849,0.002614536930813144,0.0032075103884404194,74.93419952392578,75.00651397705079,75.48686172485351,1.0007446311590469,0.9997798042809147,0.9990358910274496,46.43617845248237,-0.0009632182798354895,74.98999786376953,2020,,,0.09466250000000001,0.052825,74.99800456626451,,,,,,,,
2020-08-03,74.91780090332031,-0.0009627545340162857,0.0021133968172197815,0.000273710573122532,0.003193689650927478,0.002653645754069797,0.0032137119020315286,74.9657989501953,75.01843910217285,75.46551773071289,0.9993597340714413,0.9986584871658624,0.9992983038222664,37.59319863403529,0.005486961598123263,74.91780090332031,2020,,,0.09466250000000001,0.052825,74.92579989732616,,,,,,,,
2020-08-04,75.33000183105469,0.005502042542149699,0.004400024414062509,0.004533990891729678,0.009682720066444661,0.003358668351209324,0.003413360374234105,75.03179931640625,75.05455932617187,75.44991775512695,1.0039743484411314,1.0036698970369782,0.9996967538019015,44.963044760387,-0.0010625825157291695,75.33000183105469,2020,,,0.09466250000000001,0.052825,75.33804483586586,,,,,,,,
2020-08-05,75.25,-0.001062018174831758,0.0021308252751723877,0.006419732225280361,0.0016638935108153063,0.0034562191163341176,0.003069391629847651,75.06380004882813,75.06080932617188,75.43851776123047,1.0024805558878014,1.0025204987199912,1.0000398439969287,53.03361639932657,-0.004899662858465193,75.25,2020,,,0.09466250000000001,0.052825,75.25803446299388,,,,,,,,
2020-08-06,74.8822021484375,-0.00488767909053156,0.0006815673500182307,0.0008313613187247437,-0.0007699651097787807,0.0038928976650525137,0.0032196102050951196,75.07400054931641,75.05792427062988,75.41356185913087,0.9974452087343751,0.997658846498888,1.000214184962384,43.859508529885055,0.000235021733460847,74.8822021484375,2020,,,0.09466250000000001,0.052825,74.8901973415546,,,,,,,,
2020-08-07,74.8998031616211,0.00023504935323215292,-0.001202756430428109,0.0012365960635756235,-0.005842755477387107,0.003741510789165117,0.0029634485307145344,75.05596160888672,75.03591461181641,75.39235794067383,0.9979194397897484,0.9981860492952014,1.0002671653590687,50.05900638996028,0.001667505181835198,74.8998031616211,2020,,,0.09466250000000001,0.052825,74.90780023400316,,,,,,,,
2020-08-10,75.0248031616211,0.0016688962416933073,0.0014282621354417824,0.003544677437312682,-0.0017788740936994785,0.0037982255026098675,0.002950148118972981,75.07736206054688,75.02922973632812,75.38259002685547,0.9992999367920866,0.9999410019971872,1.0006415143056633,50.80837792819931,0.0010017707663113843,75.0248031616211,2020,,,0.09466250000000001,0.052825,75.0328135802872,,,,,,,,
2020-08-11,75.0999984741211,0.0010022727062410919,-0.0030532769327342724,0.001333312988281321,-0.004638813628596861,0.0025985452707360723,0.002813731637476803,75.03136138916015,75.01172981262206,75.36998992919922,1.0009147786164367,1.0011767314487952,1.0002617134225158,58.21725749458566,-0.0026666275567387137,75.0999984741211,2020,,,0.09466250000000001,0.052825,75.10801692141119,,,,,,,,
2020-08-12,74.9000015258789,-0.002663075263724557,-0.004651142513237172,-0.0025302280100903962,-0.00893146476506712,0.0027618855499576623,0.00282715249162687,74.96136169433593,74.97798004150391,75.36667388916015,0.9991814427183536,0.9989599811093625,0.9997783569634875,51.8536326674916,-0.0017090586386675672,74.9000015258789,2020,,,0.09466250000000001,0.052825,74.90799861944038,,,,,,,,
2020-08-13,74.77210235595703,-0.0017075990295899457,-0.0014703065524465098,-0.0007897413153689081,-0.004696158771235748,0.0018319355527146018,0.0025359024899006713,74.93934173583985,74.9603401184082,75.35121597290039,0.9977683366839232,0.9974888352673718,0.9997198734352701,49.2258742267972,0.0034431650313823626,74.77210235595703,2020,,,0.09466250000000001,0.052825,74.7800857936893,,,,,,,,
2020-08-14,75.02999877929688,0.003449099533300748,0.0017382638161924646,0.0005334166777817284,-0.0019222041165615211,0.002504081726674774,0.0026611466870214364,74.965380859375,74.9531150817871,75.34199798583984,1.0008619701411654,1.0010257572006964,1.000163646001564,55.43964095144181,-0.0016967240776113773,75.02999877929688,2020,,,0.09466250000000001,0.052825,75.0380097527005,,,,,,,,
2020-08-17,74.90280151367188,-0.0016952854550771335,-0.0016261508568892191,-0.00020021129114289327,7.344448203250309e-05,0.0025130318682747782,0.00255467394817032,74.94098052978515,74.95339012145996,75.32970001220703,0.9994905455487322,0.9993250657814662,0.9998344358853589,47.949896368387854,0.0012968203258184863,74.90280151367188,2020,,,0.09466250000000001,0.052825,74.9107989061888,,,,,,,,
2020-08-18,75.0,0.0012976615609014974,-0.001331537631862334,-0.004380749011460239,0.00013337960415249484,0.00255509359807658,0.0025562303607462784,74.92098083496094,74.95389022827149,75.31720001220702,1.001054700087458,1.0006151751641987,0.9995609381553069,48.10755310274016,-0.002737100190863634,75.0,2020,,,0.09466250000000001,0.052825,75.00800777042579,,,,,,,,
2020-08-19,74.79499816894531,-0.0027333577473958037,-0.0014019139491915356,-0.006046535960859689,0.0003343791226613213,0.0025717315832947873,0.002544451598712776,74.89998016357421,74.95514030456543,75.30290390014649,0.9985983708620533,0.9978634936180573,0.999264091284906,49.22113266515434,0.002294293833264289,74.79499816894531,2020,,,0.09466250000000001,0.052825,74.80298405126977,,,,,,,,
2020-08-20,74.966796875,0.002296927739293908,0.002603839037668365,0.0011297040436231143,0.001962004554591612,0.002637879582911829,0.002591911425800152,74.93891906738281,74.96248016357421,75.28473983764648,1.0003720070687452,1.0000575849600541,0.9996856948150596,49.503612318119046,0.00044148392833948417,74.966796875,2020,,,0.09466250000000001,0.052825,74.97480110031908,,,,,,,,
2020-08-21,74.9999008178711,0.0004415813967120208,-0.0004011457005925756,0.001336420818543571,0.0025746694948425297,0.0020898102253566458,0.002592152468881581,74.93289947509766,74.97211036682128,75.25693786621093,1.00089415121052,1.000370677188008,0.999476993624272,51.7864198227691,-0.001041905463049624,74.9999008178711,2020,,,0.09466250000000001,0.052825,75.00790857770718,,,,,,,,
2020-08-24,74.92179870605469,-0.0010413628680132625,0.00025362459078848154,-0.0013729386979465241,0.0021668721145409187,0.0019809597841200224,0.002600061461037138,74.93669891357422,74.98021011352539,75.23623779296875,0.9998011627448826,0.9992209756763516,0.9994196975457219,39.606756851257586,-0.006988923295830006,74.92179870605469,2020,,,0.09466250000000001,0.052825,74.92979812690703,,,,,,,,
2020-08-25,74.4000015258789,-0.006964557567857965,-0.00799997965494792,-0.00932086501284557,-0.00799997965494792,0.003525945029849109,0.0029354255472740128,74.81669921875,74.95021018981933,75.20467788696288,0.9944304186468752,0.9926590110615172,0.998218671158744,32.33282060227398,0.0007053676038131335,74.4000015258789,2020,,,0.09466250000000001,0.052825,74.40794523430421,,,,,,,,
2020-08-26,74.45249938964844,0.0007056164340435434,-0.004579166891925612,-0.005974661243175694,-0.008489771998037798,0.003584559595709385,0.002923323683231205,74.74819946289062,74.91833534240723,75.16062789916992,0.9960440508886239,0.9937820835096011,0.9977290488538084,39.7214374876815,-0.002856934283373665,74.45249938964844,2020,,,0.09466250000000001,0.052825,74.46044870328495,,,,,,,,
2020-08-27,74.24009704589844,-0.0028528571302676164,-0.009693622502149335,-0.007115024097168687,-0.007899146384048206,0.003144766487164666,0.002893865615582243,74.60285949707031,74.88878021240234,75.11442977905273,0.9951374189459036,0.9913380460375495,0.9961820620589481,35.56497090257119,-0.006291279527756415,74.24009704589844,2020,,,0.09466250000000001,0.052825,74.24802368127887,,,,,,,,
2020-08-28,73.77449798583984,-0.006271530865197272,-0.016338726033878426,-0.016733317524769364,-0.016208826677630017,0.0033016732518729034,0.0031105296950578094,74.35777893066407,74.82800521850587,75.06191177368164,0.9921557508412386,0.9859209499225635,0.9937159050749959,26.190891287040102,-0.00879763516027366,73.77449798583984,2020,,,0.09466250000000001,0.052825,73.78237490908182,,,,,,,,
2020-08-31,73.12830352783203,-0.00875904920602566,-0.023938229049454418,-0.023690675782212844,-0.02388614393256938,0.003762442907321607,0.0035830299867327183,73.99907989501953,74.73853034973145,74.99943588256836,0.9882326054807323,0.9784551982175121,0.990106168113666,19.160326112898446,0.007380154859320099,73.12830352783203,2020,,,0.09466250000000001,0.052825,73.13611145671574,,,,,,,,
2020-09-01,73.66999816894531,0.0074074553214149574,-0.009811872875831518,-0.017733357747395817,-0.02203642136943429,0.0063338005354874995,0.0037900203497019257,73.85307922363282,74.65553016662598,74.95703979492187,0.9975210098669939,0.9867989418134058,0.9892512859904398,32.619134379656,-0.0054444334839646455,73.66999816894531,2020,,,0.09466250000000001,0.052825,73.67786393471339,,,,,,,,
2020-09-02,73.2699966430664,-0.005429639416599352,-0.01588264673820261,-0.020389084340028507,-0.026312336969217198,0.006283817648508339,0.00391120465897221,73.6165786743164,74.5565299987793,74.91028366088867,0.9952920654899857,0.9827441894662485,0.9873927699628955,30.289839983341608,-0.0002934733139473885,73.2699966430664,2020,,,0.09466250000000001,0.052825,73.27781970056262,,,,,,,,
2020-09-03,73.24849700927734,-0.00029343025486672225,-0.013356664068044588,-0.022920812110830302,-0.021817001801331837,0.006420014430048628,0.003824916043385143,73.41825866699219,74.47484474182129,74.85585357666015,0.9976877460621227,0.9835333965878644,0.9858128462235548,25.077540808985987,0.0027185668344345748,73.24849700927734,2020,,,0.09466250000000001,0.052825,73.2563177712518,,,,,,,,
2020-09-04,73.4478988647461,0.002722265488170894,-0.004426992118014006,-0.020693386740522013,-0.01938462099482474,0.006418342434789568,0.003909937617653275,73.35293884277344,74.40224952697754,74.81401550292969,1.0012945632918158,0.9871730939817162,0.9858967881902061,30.049568239501014,-0.002148049605380866,73.4478988647461,2020,,,0.09466250000000001,0.052825,73.45574091691097,,,,,,,,
2020-09-07,73.29029846191406,-0.002145744197832644,0.002215215262314718,-0.021776042117482963,-0.0231190836445182,0.004884416223040633,0.0038671902015543634,73.38533782958984,74.31552429199219,74.76742553710938,0.9987049270264794,0.9862044190652558,0.9874832819755458,26.93765900165485,0.004895917355572385,73.29029846191406,2020,,,0.09466250000000001,0.052825,73.298123687041,,,,,,,,
2020-09-08,73.6500015258789,0.00490792194210754,-0.0002714353680388637,-0.010080644954545082,-0.01930754963652692,0.004051491772598081,0.004075233972480348,73.38133850097657,74.24302444458007,74.72642562866211,1.003661190029925,0.992012408934878,0.9883937117318446,35.17380231209533,0.0018556437058542114,73.6500015258789,2020,,,0.09466250000000001,0.052825,73.65786515659995,,,,,,,,
2020-09-09,73.78679656982422,0.001857366478088096,0.007053363592677497,-0.008941309227783578,-0.014862549177252826,0.00272500579350859,0.004101455267722041,73.48469848632813,74.18736419677734,74.6871615600586,1.0041110338576444,0.9946005949761115,0.9905284987806625,34.58077534279897,-0.0032143187927349344,73.78679656982422,2020,,,0.09466250000000001,0.052825,73.79467480618936,,,,,,,,
2020-09-10,73.55000305175781,-0.003209158400613421,0.004116207905839886,-0.009295434968437322,-0.01634432182181189,0.0034071759510155464,0.004133707735718511,73.54499969482421,74.12625923156739,74.64906356811524,1.000068031231958,0.9922260183397441,0.9921585205732918,32.0115631229519,-0.0003087502714160827,73.55000305175781,2020,,,0.09466250000000001,0.052825,73.55785600561454,,,,,,,,
2020-09-11,73.52729797363281,-0.0003087026129560133,0.0010810262800429182,-0.0033507515327922954,-0.020027999868216795,0.003251652654852769,0.004013314713418388,73.56087951660156,74.05112419128417,74.62518951416016,0.9995434863858422,0.9929261544186926,0.9933796457510051,32.45772309346029,-0.0006625370532098108,73.52729797363281,2020,,,0.09466250000000001,0.052825,73.53514850326216,,,,,,,,
2020-09-14,73.47859954833984,-0.0006623176239990425,0.0025692498240217354,0.004790156527759271,-0.019014001299698657,0.0030427622764780744,0.004010587782788653,73.59853973388672,73.97991409301758,74.60117553710937,0.9983703455804891,0.993223639810565,0.9948448931874759,36.843080006972286,0.001854579083306968,73.47859954833984,2020,,,0.09466250000000001,0.052825,73.48644487842506,,,,,,,,
2020-09-15,73.61499786376953,0.0018562998787143847,-0.0004752703514483425,-0.0007465767143043367,-0.01846669514973953,0.002102664518566404,0.0040289815604594255,73.59153900146484,73.91066398620606,74.58132354736328,1.0003187711878703,0.9959996825019498,0.9956822876763659,38.3209527680192,0.002509992659742589,73.61499786376953,2020,,,0.09466250000000001,0.052825,73.62285775714004,,,,,,,,
2020-09-16,73.80000305175781,0.0025131453284918948,0.00017898164099183766,0.0072336076562595775,-0.013302963320354966,0.002268658408260938,0.004075492243055223,73.59418029785157,73.86091423034668,74.55482360839844,1.0027967259513353,0.9991753259592902,0.9963886998248727,43.81558689955958,-0.003383844967754103,73.80000305175781,2020,,,0.09466250000000001,0.052825,73.80788269818262,,,,,,,,
2020-09-17,73.55069732666016,-0.0033781262166454606,9.439495221474914e-06,0.004125686255985972,-0.01888968993434592,0.002329558163464093,0.004056188808354898,73.59431915283203,73.79010925292968,74.52703948974609,0.9994072663940096,0.9967555011275442,0.9973466620109405,46.65149218293396,0.0004472863106701204,73.55069732666016,2020,,,0.09466250000000001,0.052825,73.55855035464481,,,,,,,,
2020-09-18,73.58360290527344,0.0004473863581080373,0.0007657690843041465,0.0018476231808515209,-0.018883997140702546,0.002328720089775717,0.004056293474326901,73.60558013916015,73.7192943572998,74.49191162109375,0.9997014189162674,0.998159349554152,0.9984574700676256,58.34337627330964,-0.0006634824524525492,73.58360290527344,2020,,,0.09466250000000001,0.052825,73.59145944659568,,,,,,,,
2020-09-21,73.53479766845703,-0.000663262396640607,0.0007648229615511148,0.003336037806832337,-0.01851265001043767,0.0023288030521746218,0.004056701560298842,73.6168197631836,73.64994430541992,74.45943756103516,0.9988858239870939,0.9984365685806171,0.9995502434856032,46.976217208653125,0.0006118468105348665,73.53479766845703,2020,,,0.09466250000000001,0.052825,73.54264899883084,,,,,,,,
2020-09-22,73.57980346679688,0.0006120340269752944,-0.00047808731907850177,-0.0009531304497986115,-0.011024167234683913,0.002162078537301738,0.0038093482909035245,73.60978088378906,73.60893440246582,74.42203369140626,0.9995927522588404,0.9996042472845801,1.0000114997089702,58.23681424114695,-0.0010443793669611511,73.57980346679688,2020,,,0.09466250000000001,0.052825,73.58765960245204,,,,,,,,
2020-09-23,73.50299835205078,-0.001043834192636206,-0.004024453759151392,-0.0038461924214975296,-0.012753111653491023,0.0016026982514942766,0.0037991381573734603,73.55037994384766,73.56145935058593,74.38059371948242,0.9993557940579906,0.9992052767977789,0.9998493857131698,56.57310854161248,0.0037397605508059993,73.50299835205078,2020,,,0.09466250000000001,0.052825,73.51084628720292,,,,,,,,
2020-09-24,73.77839660644531,0.003746762180713681,0.0030958140175596505,0.0031052827357025414,-0.006219017186463005,0.0018855773050291478,0.0038820413672021334,73.59591979980469,73.53837432861329,74.35366363525391,1.0024794418921184,1.0032639051382815,1.0007825230257914,58.21347176980513,-0.0013019467606370356,73.77839660644531,2020,,,0.09466250000000001,0.052825,73.78627394594407,,,,,,,,
2020-09-25,73.68240356445312,-0.0013010995956477256,0.0013426993960445888,0.002109496678035505,-0.0012483232539839406,0.0020778808550427044,0.0036309286858227105,73.61567993164063,73.53376960754395,74.3238217163086,1.0009063780009158,1.00202130201814,1.0011139143897265,60.05234086499343,0.0002293243767107761,73.68240356445312,2020,,,0.09466250000000001,0.052825,73.69027065474864,,,,,,,,
2020-09-28,73.69930267333984,0.00022935067355578376,0.0022371042023465737,0.003003638152559107,0.007808182577221823,0.002015034937903506,0.002998169286069876,73.6485809326172,73.56231956481933,74.2998617553711,1.0006886994980808,1.0018621368838132,1.0011726297961805,51.53345989558614,0.0037338402002444673,73.69930267333984,2020,,,0.09466250000000001,0.052825,73.70717156795783,,,,,,,,
2020-09-29,73.9749984741211,0.0037408196655974724,0.005370971227213861,0.004890316114900539,0.004140088404459119,0.002504762276439255,0.0026370455740236005,73.72761993408203,73.57756958007812,74.27956176757813,1.0033553034840978,1.0054014952697021,1.002039349150295,55.38823796667628,-0.001758859250432803,73.9749984741211,2020,,,0.09466250000000001,0.052825,73.98289680485482,,,,,,,,
2020-09-30,73.84500122070312,-0.0017573133639664507,0.0046529104433847834,0.0006097312613084771,0.007847749474288124,0.0026704498618737257,0.0023341558697045953,73.7960205078125,73.60631980895997,74.26106185913086,1.0006637310867657,1.0032426755251809,1.0025772338481924,58.99594244979247,-0.0018976540666267132,73.84500122070312,2020,,,0.09466250000000001,0.052825,73.85288567159469,,,,,,,,
2020-10-01,73.70500183105469,-0.0018958546595457815,-0.0009948003584590026,0.0020979339422062537,0.00623227561542361,0.0023573247187102216,0.0023859052175481906,73.78134155273438,73.62914505004883,74.23876190185547,0.9989653248358852,1.0010302548121983,1.0020670687209812,55.057277598770206,-0.006642990721331473,73.70500183105469,2020,,,0.09466250000000001,0.052825,73.71287133417329,,,,,,,,
2020-10-02,73.21700286865234,-0.006620974835885973,-0.006316307195294968,-0.004982088701106835,-0.0031436705428284917,0.0037622480819821057,0.0027727659347965635,73.68826141357422,73.61760025024414,74.20695602416993,0.9936046999090269,0.9945584020637719,1.0009598406235722,44.04436848211991,0.001438522328287369,73.21700286865234,2020,,,0.09466250000000001,0.052825,73.22482026798883,,,,,,,,
2020-10-05,73.32240295410156,0.0014395574978438574,-0.005114020154421639,-0.002888356548053417,0.0004380455921348947,0.003917795639571741,0.0027530305240438947,73.61288146972656,73.61920547485352,74.1782080078125,0.99605397167146,0.9959684090742689,0.9999140984327912,43.24328133643882,-0.002924302732641977,73.32240295410156,2020,,,0.09466250000000001,0.052825,73.33023160703388,,,,,,,,
2020-10-06,73.1082992553711,-0.00292003112424577,-0.011716109991583123,-0.0064080656540289604,-0.007355088381328367,0.0028932865714117063,0.0025729220689587945,73.43954162597656,73.59212036132813,74.14037399291992,0.9954895909850247,0.9934256398160356,0.99792669738822,34.23871660877637,0.009620102844140164,73.1082992553711,2020,,,0.09466250000000001,0.052825,73.11610504839318,,,,,,,,
2020-10-07,73.81500244140625,0.009666524775342022,-0.0004062398104269782,0.00424478043550125,0.0003822617716617849,0.0061532572389166075,0.0033906689303257738,73.43354187011718,73.59353065490723,74.11487411499023,1.0051946366956366,1.003009392055635,0.9978260482495362,54.98367211888424,-0.0036984800145324318,73.81500244140625,2020,,,0.09466250000000001,0.052825,73.82288368931998,,,,,,,,
2020-10-08,73.5425033569336,-0.0036916490612997066,-0.002204714335311553,-0.00319732144315954,-0.00010196729453482156,0.006336436834431822,0.0034165057218106267,73.40104217529297,73.59315567016601,74.08910018920898,1.0019272366910377,0.9993117252172276,0.997389519539914,49.289255849423036,-0.003568940909368895,73.5425033569336,2020,,,0.09466250000000001,0.052825,73.55035551004586,,,,,,,,
2020-10-09,73.28050231933594,-0.0035625798094749417,0.0008672773836087,-0.00545450780206469,-0.0033565173901178857,0.005704980235012208,0.003508244747870303,73.41374206542969,73.58081588745117,74.0549102783203,0.9981850843950305,0.9959185887721796,0.9977293833996481,45.90440708456107,-0.0036324007677150795,73.28050231933594,2020,,,0.09466250000000001,0.052825,73.28832649852606,,,,,,,,
2020-10-12,73.01480102539062,-0.003625811580650229,-0.004195197051895416,-0.009287762884041983,-0.0063120218104333325,0.005874048826784944,0.003592059013888323,73.3522216796875,73.55762596130371,74.01685028076172,0.9953999940755671,0.9926204125157784,0.9972075732606669,41.50422173274597,0.004591230781434864,73.01480102539062,2020,,,0.09466250000000001,0.052825,73.02259683558124,,,,,,,,
2020-10-13,73.35079956054688,0.004601786630075377,0.003317001047018042,-0.008437971293674074,-0.0035889195257680084,0.006160130329760855,0.003729068994173943,73.40072174072266,73.54441604614257,73.97726623535156,0.9993198679932314,0.9973673530091772,0.9980461561442033,47.87692124313291,0.0036633601078951057,73.35079956054688,2020,,,0.09466250000000001,0.052825,73.35863124539259,,,,,,,,
2020-10-14,73.62000274658203,0.0036700784128869124,-0.0026417352621374013,-0.0030469018945321613,-0.002439028424559009,0.004264743757316135,0.0037815373695564217,73.36172180175781,73.5354160308838,73.94466629028321,1.0035206499858627,1.0011502854034675,0.9976379513641014,47.78667849322283,-0.004407950158921324,73.62000274658203,2020,,,0.09466250000000001,0.052825,73.62786317432524,,,,,,,,
2020-10-15,73.29620361328125,-0.004398249405333177,-0.003349080224491985,-0.005546410794622592,-0.003460112855879882,0.00440543557541082,0.0038343738708973914,73.31246185302734,73.52269134521484,73.91294631958007,0.999778233613561,0.9969194852937285,0.9971406175652576,44.926432265565495,0.001019977029708273,73.29620361328125,2020,,,0.09466250000000001,0.052825,73.30402946890281,,,,,,,,
2020-10-16,73.37100219726562,0.0010204973831799968,0.0012349789516359344,0.0021033274045585415,-0.002889240260245174,0.004118759534004902,0.0038413368803993726,73.33056182861328,73.51206130981446,73.88237030029296,1.000551480414767,0.9980811432840342,0.9975310244609215,45.75169464250103,0.000991721360000519,73.37100219726562,2020,,,0.09466250000000001,0.052825,73.37883603915236,,,,,,,,
2020-10-19,73.44380187988281,0.0009922132782302917,0.0058755327477095776,0.0016556866781527457,-0.0012374520833590141,0.0035030932122844505,0.0038472467625076203,73.41636199951172,73.50751152038575,73.8507502746582,1.00037375701579,0.9991332907455959,0.998759997189556,42.745204280459724,0.0017847391521314646,73.44380187988281,2020,,,0.09466250000000001,0.052825,73.45164349461149,,,,,,,,
2020-10-20,73.57499694824219,0.0017863327469613832,0.003056509118353201,0.006383648609317172,-6.532388411251144e-05,0.003006031798347862,0.0038668714873539268,73.46120147705078,73.50727119445801,73.82025024414062,1.0015490554048039,1.000921347680082,0.9993732631254212,46.31363382582102,0.0009849329286675172,73.57499694824219,2020,,,0.09466250000000001,0.052825,73.58285257070405,,,,,,,,
2020-10-21,73.64749908447266,0.0009854181343897928,0.0003734900416301201,-0.0022692318823203106,0.0019659161620833032,0.0025250099776792257,0.0038645571935602115,73.46670074462891,73.51449623107911,73.7952001953125,1.0024609562973599,1.0018092058058248,0.999349849500431,49.20017403669628,0.0004588134729293416,73.64749908447266,2020,,,0.09466250000000001,0.052825,73.65536244800735,,,,,,,,
2020-10-22,73.6812973022461,0.00045891874393011456,0.005253937720930857,0.001887261637516957,-0.001316093987745126,0.00047432444813164457,0.0037702818156148026,73.54371948242188,73.50964126586913,73.77338409423828,1.0018706943406241,1.0023351499670106,1.000463588394201,57.39203949158472,0.0005251503173222487,73.6812973022461,2020,,,0.09466250000000001,0.052825,73.6891642744257,,,,,,,,
2020-10-23,73.72000122070312,0.000525288232891219,0.004756634269478477,0.005997487564317838,0.0005102664195408835,0.0005301011896274505,0.0037607225534873018,73.61351928710937,73.51152114868164,73.7471841430664,1.001446499700394,1.0028360190180234,1.0013875122815297,56.46752215244856,0.0013948168385707657,73.72000122070312,2020,,,0.09466250000000001,0.052825,73.72787232531064,,,,,,,,
2020-10-26,73.8228988647461,0.0013957900480077168,0.005161728766210905,0.011067589420321156,0.0016770333900453238,0.0005676037975440925,0.0037729654060776733,73.68933868408203,73.51770095825195,73.72558609008789,1.0018124763099945,1.0041513527016772,1.0023346449031036,62.060342918359886,0.0016999602363105945,73.8228988647461,2020,,,0.09466250000000001,0.052825,73.83078095576309,,,,,,,,
2020-10-27,73.94850158691406,0.001701405987837079,0.005076515856801578,0.00814854139216048,-0.0003581870598658998,0.0005399212736693696,0.0036958901109406593,73.7640396118164,73.5163761138916,73.70455612182617,1.0025007032704336,1.0058779485043308,1.0033688208126734,52.80283711572716,-0.0019424423112930549,73.94850158691406,2020,,,0.09466250000000001,0.052825,73.95639708856791,,,,,,,,
2020-10-28,73.80500030517578,-0.0019405569911328246,0.002138582065393413,0.002512870846127946,-0.0005416875193460235,0.0014299181299082173,0.0037006700168207957,73.79553985595703,73.51437606811524,73.68475616455078,1.0001281981165422,1.0039532980160406,1.0038246095917522,55.82678498848394,0.008566980447163778,73.80500030517578,2020,,,0.09466250000000001,0.052825,73.8128804851587,,,,,,,,
2020-10-29,74.44000244140625,0.00860378204193224,0.010297119716118575,0.015605157862742969,0.009972194452098515,0.00392907761252223,0.004139383187575181,73.94728088378906,73.5511260986328,73.67422027587891,1.0066631463892706,1.0120851493365506,1.0053861144780436,72.08148083573069,-0.0023671532952527163,74.44000244140625,2020,,,0.09466250000000001,0.052825,74.4479504207402,,,,,,,,
2020-10-30,74.26399993896484,-0.0023643537972737327,0.007379255415814523,0.012170990104487078,0.014299917086073144,0.00439555587108669,0.003853285140894869,74.0560806274414,73.60347595214844,73.65950225830078,1.002807592702204,1.0089740868657593,1.0061492296313181,74.63121252327957,0.003850422902556529,74.26399993896484,2020,,,0.09466250000000001,0.052825,74.27192912646368,,,,,,,,
2020-11-02,74.55049896240234,0.0038578453042250604,0.009856021760799694,0.015068624638053585,0.01674926023727763,0.0045200174900548356,0.003914599397151859,74.20160064697265,73.66488075256348,73.65207626342773,1.0047020321985995,1.012022258107138,1.0072859670568393,74.12614879482025,-0.0012576109459162552,74.55049896240234,2020,,,0.09466250000000001,0.052825,74.55845873947993,,,,,,,,
2020-11-03,74.45680236816406,-0.001256820484669574,0.0068737130616849385,0.011985123431839106,0.018445280857684487,0.0047518904316530925,0.003847654111488826,74.30326080322266,73.73230590820313,73.65321228027344,1.0020664175876215,1.0098260382750397,1.0077436191366422,68.10628596709599,0.0026664347958735876,74.45680236816406,2020,,,0.09466250000000001,0.052825,74.46475214123076,,,,,,,,
2020-11-04,74.65560150146484,0.0026699928949107665,0.01152498059443019,0.013688209776626659,0.011387916172269419,0.004379172046433614,0.003288062147932225,74.47338104248047,73.77433586120605,73.65727432250976,1.0024467864414592,1.0119454228895635,1.0094754520405247,81.09613713232599,-0.003698506457706325,74.65560150146484,2020,,,0.09466250000000001,0.052825,74.66357250036914,,,,,,,,
2020-11-05,74.37999725341797,-0.0036916754068543334,-0.0008060879368658735,0.009482731395265231,0.011387889427963316,0.003266757481102849,0.003288063945734734,74.46138000488281,73.81621055603027,73.66007232666016,0.9989070474995292,1.0076377084808459,1.0087402136196468,71.13871688559125,-0.003501613097530623,74.37999725341797,2020,,,0.09466250000000001,0.052825,74.38793882598165,,,,,,,,
2020-11-06,74.12000274658203,-0.0034954895998465796,-0.0019389905270542629,0.005425956582412184,0.011455986253857686,0.0034894133082794578,0.0032836556479612397,74.43258056640624,73.85818557739258,73.666982421875,0.9958005242133807,1.0035448632692867,1.0077769983722629,63.13624008086486,-0.0018933911468119586,74.12000274658203,2020,,,0.09466250000000001,0.052825,74.12791655946141,,,,,,,,
2020-11-09,73.97979736328125,-0.0018915998125383915,-0.007655235136775018,0.002125336459932514,0.013216448231572198,0.0025681346876860267,0.0031884086251174064,74.31844024658203,73.90643539428712,73.68401229858398,0.9954433531950188,1.0009926330312475,1.0055746816917484,57.83643592667206,-0.00035956912742789925,73.97979736328125,2020,,,0.09466250000000001,0.052825,73.98769620639366,,,,,,,,
2020-11-10,73.95320129394531,-0.000359504490196616,-0.006763667767098136,6.355378311106996e-05,0.008212613045903927,0.002623035317893456,0.0030559623555148196,74.21772003173828,73.93655548095703,73.68967636108398,0.9964359085986494,1.0002251364413721,1.0038027813028654,56.02510548332867,0.004430810990282121,73.95320129394531,2020,,,0.09466250000000001,0.052825,73.96109729738816,,,,,,,,
2020-11-11,74.28160095214844,0.004440641547048374,-0.0050096783335014106,0.00645756581535073,0.008986663690353058,0.003327098919500668,0.0031036662791325237,74.142919921875,73.96963539123536,73.70990844726562,1.0018704554719393,1.004217481393048,1.002342644109615,60.600434886872826,0.003874988274146121,74.28160095214844,2020,,,0.09466250000000001,0.052825,74.28953201891224,,,,,,,,
2020-11-12,74.56999969482422,0.0038825057481133296,0.0025544830387516093,0.0017463359639233733,0.0173787456750647,0.003513945916930287,0.0029721262153320632,74.18092041015625,74.0333251953125,73.73633850097656,1.0052450048141315,1.007249093541265,1.001993632117082,63.793304098707715,0.0039481855920173595,74.56999969482422,2020,,,0.09466250000000001,0.052825,74.57796155400031,,,,,,,,
2020-11-13,74.86499786376953,0.003955989944382177,0.010051201964126344,0.00809272225167823,0.02036220879860884,0.0029171094034369004,0.0030515766223941543,74.32991943359374,74.1080249786377,73.76468048095703,1.0071986951452816,1.010214452285701,1.00299420278735,65.91817041847108,-0.005052432961430614,74.86499786376953,2020,,,0.09466250000000001,0.052825,74.87299121998046,,,,,,,,
2020-11-16,74.48770141601562,-0.005039690890534243,0.006865442605097805,-0.0008423491091372748,0.014213582486376497,0.00407749961459329,0.003338321208839629,74.43150024414062,74.16021995544433,73.78862854003906,1.0007550724047032,1.0044158642027767,1.0036580297207758,57.648237769139534,-0.000934859104756843,74.48770141601562,2020,,,0.09466250000000001,0.052825,74.49565448818208,,,,,,,,
2020-11-17,74.41809844970703,-0.0009344222601239682,0.0062863695908697,-0.0005198170916023148,0.01145907626823206,0.004146202122232501,0.003347626637777657,74.52447967529297,74.20237503051757,73.80399047851563,0.9985725331320736,1.0029072306526676,1.0043408940029603,58.882659580582825,0.0008274096239626583,74.41809844970703,2020,,,0.09466250000000001,0.052825,74.42604409034581,,,,,,,,
2020-11-18,74.47969818115234,0.0008277520217334633,0.002666841135148923,-0.002356197214606226,0.011299760440272033,0.003749366355277385,0.0033467952483419217,74.56409912109375,74.24398498535156,73.81784851074218,0.9988680753749289,1.0031748456908298,1.004311650779593,50.68971459628564,-0.0008018822988820665,74.47969818115234,2020,,,0.09466250000000001,0.052825,74.48765039881123,,,,,,,,
2020-11-19,74.41999816894531,-0.0008015608771912985,-0.002011553258586374,0.0005377913014847913,0.010025622427208614,0.0032578981051445003,0.00336078231846234,74.53409881591797,74.28092002868652,73.83524841308594,0.9984691483658444,1.0018723265706062,1.0034083959532767,52.824631638858264,-0.0043145405797744,74.41999816894531,2020,,,0.09466250000000001,0.052825,74.42794401241764,,,,,,,,
2020-11-20,74.09960174560547,-0.004305246321190337,-0.010223684498820607,-0.0002752428524094297,0.005149220274236033,0.002505441888079996,0.0035285792673522367,74.38101959228516,74.29990005493164,73.84669448852539,0.9962165368500961,0.9973041914029751,1.001091785282262,41.93469147124328,0.0008471159124057446,74.09960174560547,2020,,,0.09466250000000001,0.052825,74.10751338026442,,,,,,,,
2020-11-23,74.16239929199219,0.0008474748164275514,-0.004367192406792286,0.0024682674894911383,0.004598849848312048,0.002100106061843848,0.003521435415642802,74.31595916748047,74.31687507629394,73.86037048339844,0.9979336891132332,0.9979213902072286,0.9999876756280114,44.675078794703225,0.0011118628176988402,74.16239929199219,2020,,,0.09466250000000001,0.052825,74.17031763156227,,,,,,,,
2020-11-24,74.24490356445312,0.0011124811663132395,-0.0023273221012353185,0.003944417082748952,0.004008221548488011,0.0022772243428730503,0.0035109775696391793,74.28132019042968,74.33169517517089,73.87296859741211,0.9995097471896945,0.9988323741236732,0.9993222946870444,42.245405383602574,-0.0038339110357306313,74.24490356445312,2020,,,0.09466250000000001,0.052825,74.25283071302684,,,,,,,,
2020-11-25,73.96080017089844,-0.003826570982182642,-0.006966972516346925,-0.004318711190092084,0.0021109662635112603,0.002551979412520293,0.003595962009243138,74.1775405883789,74.33948516845703,73.87618453979492,0.9970780856879148,0.9949060045721264,0.9978215536506454,42.11025114515874,-0.0024488941019063376,73.96080017089844,2020,,,0.09466250000000001,0.052825,73.96869698567545,,,,,,,,
2020-11-26,73.77989959716797,-0.0024458980069506087,-0.008601163498072384,-0.0105954150581965,-0.008867582248642036,0.002562366151258557,0.0030262558308050526,74.04952087402344,74.30648002624511,73.88076858520508,0.9963589058555266,0.9929133982811303,0.9965419011621744,43.4024591668196,0.003637971678126367,73.77989959716797,2020,,,0.09466250000000001,0.052825,73.78777709714146,,,,,,,,
2020-11-27,74.04879760742188,0.003644597129056404,-0.0006856195848125024,-0.010902294525311773,-0.0028978015151329695,0.002990600122101506,0.0031220151240515218,74.03936004638672,74.29571990966797,73.89007247924805,1.0001274668099407,0.9966764935780108,0.9965494665965557,51.27485861530394,-0.0014581408888117912,74.04879760742188,2020,,,0.09466250000000001,0.052825,74.05670381770915,,,,,,,,
2020-11-30,73.94090270996094,-0.0014570783179080893,-0.0029866426133163815,-0.007340791777166067,-0.008176957376889504,0.002979166323825465,0.002987052841324552,73.99506072998047,74.2652400970459,73.89819458007813,0.9992680860116169,0.9956327161043156,0.9963619673657235,49.779396872143245,0.0011394121736595438,73.94090270996094,2020,,,0.09466250000000001,0.052825,73.94879740028063,,,,,,,,
2020-12-01,74.02519989013672,0.0011400615503227574,-0.0029591751590825055,-0.0052796103065686495,-0.005796682966496602,0.0029831398949927116,0.0029991872192369623,73.95111999511718,74.24365997314453,73.90710250854492,1.0010017413532672,0.997057525409081,0.9960597311860276,44.95945909463144,-0.005013561596161283,74.02519989013672,2020,,,0.09466250000000001,0.052825,74.0331035808893,,,,,,,,
2020-12-02,73.65499877929688,-0.005001014673236548,-0.0041346414708191,-0.011072808053673944,-0.013402915548786143,0.0033280884478968016,0.0030903334272567905,73.88995971679688,74.19362983703613,73.91014251708984,0.9968201236216591,0.9927401980611767,0.9959070593943679,32.5726774177611,0.00010316319494381512,73.65499877929688,2020,,,0.09466250000000001,0.052825,73.66286294357603,,,,,,,,
2020-12-03,73.66259765625,0.00010316851644920355,-0.0015898902215701893,-0.010177378813902793,-0.009645060818216145,0.0032106677797342116,0.0030105045340960836,73.86649932861329,74.15775985717774,73.90782653808594,0.9972395920448839,0.9933228538472388,0.9960724200794981,24.283415845623153,0.0027425552146524484,73.66259765625,2020,,,0.09466250000000001,0.052825,73.67046263186332,,,,,,,,
2020-12-04,73.86489868164062,0.002746319459635105,-0.0024834829426428895,-0.0031673998029113637,-0.003441770851164372,0.002948183265787011,0.0030049931144552127,73.82971954345703,74.14500465393067,73.91147644042968,1.000476490204773,0.9962221868675114,0.9957477228311574,35.601907704898366,-0.0010104652937007188,73.86489868164062,2020,,,0.09466250000000001,0.052825,73.87278525698952,,,,,,,,
2020-12-07,73.79029846191406,-0.001009954945556668,-0.0020368191694606352,-0.005017378531849914,-0.0025614952746713104,0.0029182864651916027,0.002984777663167342,73.79959869384766,74.13552970886231,73.91329635620117,0.9998739799118397,0.9953432416507442,0.9954686907029074,35.519837261602675,0.003108015796756955,73.79029846191406,2020,,,0.09466250000000001,0.052825,73.79817707217717,,,,,,,,
2020-12-08,74.0199966430664,0.003112850685526025,-7.029021303606164e-05,-0.003029257371066185,0.0009032110571602914,0.0032890894434295446,0.0030701270017964404,73.79855804443359,74.13886947631836,73.91419631958007,1.0030005816441494,0.9983966192890232,0.9954098108820842,40.16004180683934,-0.003974306635321697,74.0199966430664,2020,,,0.09466250000000001,0.052825,74.02789977826687,,,,,,,,
2020-12-09,73.72640228271484,-0.00396641953075616,0.000969431872939408,-0.0031692178511045777,-0.007474242104599349,0.0029069236969095345,0.0030122686876728343,73.81283874511719,74.11110954284668,73.91182434082032,0.9988289779410758,0.9948090473546423,0.9959753564672104,36.50479326182283,0.002825320833492044,73.72640228271484,2020,,,0.09466250000000001,0.052825,73.73427407076551,,,,,,,,
2020-12-10,73.93499755859375,0.0028293158138792407,0.0036979404882639955,0.0021021709472714978,-0.008515517484634527,0.0031318395749701145,0.0029423970074948062,73.86731872558593,74.07935943603516,73.9164242553711,1.0009162216007763,0.9980512537022399,0.9971376546441074,46.6516436821211,-0.0028212850230213402,73.93499755859375,2020,,,0.09466250000000001,0.052825,73.94289161841883,,,,,,,,
2020-12-11,73.72669982910156,-0.0028173089385322703,-0.001870967875211016,-0.004349804301049587,-0.015204675978743865,0.0032287368632549973,0.0027980657998776027,73.83967895507813,74.02244453430175,73.92661819458007,0.9984699401788394,0.9960046617338726,0.9975309437512708,41.632380349544604,0.00015324526365283913,73.72669982910156,2020,,,0.09466250000000001,0.052825,73.73457164892133,,,,,,,,
2020-12-14,73.73799896240234,0.00015325700630808292,-0.0007087584764101651,-0.0027441340330195407,-0.010064781693640557,0.0032129937705958353,0.0026151943392116934,73.82921905517578,73.98495941162109,73.9349301147461,0.9987644445662459,0.9966620181833883,0.9978949727392722,39.99114220378355,0.001653161642944655,73.73799896240234,2020,,,0.09466250000000001,0.052825,73.74587198863365,,,,,,,,
2020-12-15,73.86000061035156,0.0016545288679643555,-0.0021615244524579857,-0.0022316627314797888,-0.007499490728490432,0.0028945679168563246,0.0026564341318237204,73.7972198486328,73.95705451965333,73.9499641418457,1.0008507198759997,0.9986876990987253,0.9978388177833929,47.87358689774161,-0.0013574988015336953,73.86000061035156,2020,,,0.09466250000000001,0.052825,73.86788666273205,,,,,,,,
2020-12-16,73.75980377197266,-0.001356577816827964,0.00045304651011890407,0.0014229175807853878,-0.009665646166136854,0.00226387946195398,0.0026493636127044484,73.80390014648438,73.92105979919434,73.94886016845703,0.9994025197255945,0.9978185374011177,0.9984150707115371,49.56112581060096,-0.001943374607069445,73.75980377197266,2020,,,0.09466250000000001,0.052825,73.76767912630942,,,,,,,,
2020-12-17,73.6166000366211,-0.0019414874773023838,-0.004306452052295295,-0.0006244365674362706,-0.010795460253847033,0.0017745983098019296,0.002668786722507697,73.74022064208984,73.88088989257812,73.95034210205078,0.9983235661028361,0.9964227575447276,0.9980959995109314,40.01290500015867,-0.0011797724087489235,73.6166000366211,2020,,,0.09466250000000001,0.052825,73.62446010105603,,,,,,,,
2020-12-18,73.52980041503906,-0.001179076750880248,-0.0026706663192427316,-0.00453663746356503,-0.007689667921868426,0.0014435858126342978,0.0025242358270906157,73.70084075927734,73.8523998260498,73.95532806396484,0.9976792619666723,0.9956318357728309,0.9979478112135903,40.40684218397272,0.0010031595750252013,73.52980041503906,2020,,,0.09466250000000001,0.052825,73.53765121185477,,,,,,,,
2020-12-21,73.60359954833984,0.0010036629078853387,-0.0018226615307397331,-0.002530128180340374,-0.007534812101375521,0.001587686049991773,0.0025284805927519517,73.67396087646485,73.82445983886718,73.96710403442383,0.9990449634132881,0.9970083046864223,0.9979613943301336,40.113428990589334,0.004496491973026982,73.60359954833984,2020,,,0.09466250000000001,0.052825,73.61145822470911,,,,,,,,
2020-12-22,73.935302734375,0.00450661636211569,0.0010195250934357247,-0.0011442030874414533,-0.004169994372871022,0.0026506298659431534,0.002738737961892307,73.68902130126953,73.80897979736328,73.97879409790039,1.0033421726704521,1.0017114846643123,0.9983747438804454,56.6940209311139,0.004516633063406934,73.935302734375,2020,,,0.09466250000000001,0.052825,73.94319682678378,,,,,,,,
2020-12-23,74.2699966430664,0.004526848424410312,0.006916949951100815,0.0073731301612558475,0.004180545254425683,0.0030578224481669115,0.0027938326271988285,73.79105987548829,73.82443962097167,73.99179397583008,1.0064904443490343,1.0060353593523,0.9995478496598855,62.54550153326378,-0.005809202293020634,74.2699966430664,2020,,,0.09466250000000001,0.052825,74.27792647083497,,,,,,,,
2020-12-24,73.83979797363281,-0.005792361503678012,0.0030318968398526103,-0.0012876119308111722,0.0008118522360680558,0.004326409318100044,0.0030498891589346017,73.83569946289063,73.82743453979492,74.00266586303711,1.0000555085246297,1.0001674639504265,1.0001119492116612,49.52616600608351,-0.0038263584758693563,73.83979797363281,2020,,,0.09466250000000001,0.052825,73.84768186897227,,,,,,,,
2020-12-25,73.55780029296875,-0.003819047294316258,0.0003807963270896497,-0.002290886972078243,-0.006630726363123451,0.004741034002074379,0.003042878455650734,73.84129943847657,73.80288467407226,74.00640182495117,0.9961606966878471,0.9966792032291711,1.0005205049175783,45.929766636748305,0.0017820791969790123,73.55780029296875,2020,,,0.09466250000000001,0.052825,73.56565407933904,,,,,,,,
2020-12-28,73.68900299072266,0.0017836680437879338,0.0011603161109903226,-0.0006644602832884816,-0.0034067709482311637,0.0047913786982557985,0.003065800120236353,73.85838012695312,73.79028968811035,74.01130584716798,0.9977067309635098,0.9986273709208109,1.0009227560852596,43.99848385079764,-0.0019574846279953972,73.68900299072266,2020,,,0.09466250000000001,0.052825,73.69687078564073,,,,,,,,
2020-12-29,73.5448989868164,-0.001955570004446794,-0.005280342855444653,-0.004266201204051856,-0.006488343213299608,0.004186543238805758,0.0030745147742753504,73.78029937744141,73.76627464294434,74.01070388793946,0.9968094411026884,0.9969989584373147,1.0001901239362425,46.52038332826286,-0.0012422028517748145,73.5448989868164,2020,,,0.09466250000000001,0.052825,73.55275139571073,,,,,,,,
2020-12-30,73.45359802246094,-0.001241431637180379,-0.01099230722372313,-0.004151390511535902,-0.0027343800172942023,0.0028449280873658295,0.0028822285044375236,73.61701965332031,73.75620460510254,74.00682586669922,0.9977801107457356,0.9958972050655022,0.9981129051782499,40.33644333086249,-0.004360475807809254,73.45359802246094,2020,,,0.09466250000000001,0.052825,73.46144068312643,,,,,,,,
2020-12-31,73.13400268554688,-0.0043509827362893105,-0.009558467214901722,-0.006555550661591969,-0.007175893703475378,0.002433869324924132,0.003031255229052369,73.47586059570312,73.72977485656739,73.99587997436524,0.9953473439115289,0.9919195172889173,0.9965561503292499,38.611161606980545,-0.0006127591843679004,73.13400268554688,2020,,,0.09466250000000001,0.052825,73.14181122293121,,,,,,,,
2021-01-01,73.08920288085938,-0.0006125714857988518,-0.0063704652700736775,-0.005992094792760638,-0.010501548294603591,0.0022203734587692764,0.002942083874532006,73.38214111328125,73.69099006652831,73.98326400756837,0.9960080446280566,0.9918336395653574,0.9958088641098697,37.69166862062278,3.83084511986282e-05,73.08920288085938,2021,74.22281195371205,74.22281195371205,0.0915,0.0354416666666667,73.09976149499033,,,,,,,,
2021-01-04,73.09200286865234,3.830918497671476e-05,-0.008101617579837184,-0.006950701906249912,-0.009463243919824116,0.001694032948350108,0.0029423008834771197,73.26274108886719,73.65607528686523,73.96864608764649,0.997669508160939,0.9923418072980943,0.994659853970414,34.74012291217571,0.003114457919767062,73.09200286865234,2021,74.22281195371205,74.22281195371205,0.0915,0.0354416666666667,73.10256188727521,,,,,,,,
2021-01-05,73.31999969482422,0.0031193128827182726,-0.0030579862790008905,-0.008322181918445137,-0.009456862739641303,0.002679633479825207,0.002942715506594675,73.21776123046875,73.62107543945312,73.9560760498047,1.0013963615199002,0.9959104679898827,0.9945217560789904,41.68359397541693,0.0007471559042350619,73.31999969482422,2021,74.22281195371205,74.22281195371205,0.0915,0.0354416666666667,73.33059165032991,,,,,,,,
2021-01-06,73.37480163574219,0.0007474350947362929,-0.0010727369229027728,-0.012053252292799077,-0.004768992329564514,0.002709817847495932,0.002834804887617881,73.202001953125,73.60349540710449,73.94747207641602,1.0023605868419805,0.9968928952341545,0.9945451849567903,45.26960264841355,-0.00020173844533484978,73.37480163574219,2021,74.22281195371205,74.22281195371205,0.0915,0.0354416666666667,73.38540150804714,,,,,,,,
2021-01-07,73.36000061035156,-0.00020171809750302305,0.0030901894673591723,-0.006497815222254233,-0.007777060488661003,0.0014828692495651413,0.0027418484464017223,73.24720153808593,73.57474555969239,73.92587203979492,1.0015399779090124,0.997081268202734,0.995548146050458,46.58184766983253,0.0011715944189789444,73.36000061035156,2021,74.22281195371205,74.22281195371205,0.0915,0.0354416666666667,73.37059834447044,,,,,,,,
2021-01-08,73.44599914550781,0.001172281003827047,0.004881654889984821,-0.0015199087930261035,-0.0038073138258516437,0.0013182221366876178,0.0027005247364595033,73.31856079101563,73.56071052551269,73.90951202392579,1.0017381458817152,0.9984405890157206,0.9967081648237603,46.84293377756721,-0.000988988182406116,73.44599914550781,2021,74.22281195371205,74.22281195371205,0.0915,0.0354416666666667,73.45660930314908,,,,,,,,
2021-01-11,73.37339782714844,-0.0009884992947749582,0.00384987341230425,-0.004282934369650104,-0.004944548813154093,0.001558698635895522,0.00270501220032872,73.37483978271484,73.54248046875,73.8859700012207,0.9999803480924705,0.9977008847060386,0.9977204918168842,37.44005675423099,0.0019075713323287741,73.37339782714844,2021,74.22281195371205,74.22281195371205,0.0915,0.0354416666666667,73.38399749665636,,,,,,,,
2021-01-12,73.51349639892578,0.00190939190396211,0.00263907126168772,-0.0004269852610206959,-0.00469136486003785,0.0011405866617396282,0.002715010283186965,73.41353912353516,73.52515525817871,73.86710388183593,1.0013615645912728,0.9998414303348019,0.9984819326902252,31.47918472251277,-0.0047518367794843405,73.51349639892578,2021,74.22281195371205,74.22281195371205,0.0915,0.0354416666666667,73.52411630735685,,,,,,,,
2021-01-13,73.16500091552734,-0.004740564664579505,-0.0028593020429051874,-0.003928971686932847,-0.00806405150268752,0.0025926487417253044,0.002888698697058801,73.37157897949218,73.49541511535645,73.83729187011718,0.9971844947752511,0.9955042882700846,0.9983150495079197,32.791006268994735,6.694331009435716e-05,73.16500091552734,2021,74.22281195371205,74.22281195371205,0.0915,0.0354416666666667,73.17557047959576,,,,,,,,
2021-01-14,73.1698989868164,6.694555084774123e-05,-0.0025913525348080224,0.000490829162241635,-0.006067939154789426,0.0026049398409571547,0.002867149306486744,73.33355865478515,73.47308006286622,73.81308990478516,0.9977682841120643,0.995873576066358,0.9981010540464387,38.479282512836555,-0.001125388956685444,73.1698989868164,2021,74.22281195371205,74.22281195371205,0.0915,0.0354416666666667,73.18046925847011,,,,,,,,
2021-01-15,73.08760070800781,-0.0011247559440176191,-0.0048797544000995785,-2.1920787043883116e-05,-0.006013884228370681,0.0024293750364507813,0.002866298700791924,73.26187896728516,73.45097007751465,73.79244186401367,0.9976211603942732,0.9950528989729698,0.9974256145285767,31.603881465024344,0.0009763766271254852,73.08760070800781,2021,74.22281195371205,74.22281195371205,0.0915,0.0354416666666667,73.09815909068564,,,,,,,,
2021-01-18,73.15899658203125,0.0009768534379541727,-0.002922056923440719,0.0009165669396047349,-0.006040505750219416,0.0025810090645536354,0.002865664286990196,73.21899871826172,73.42873992919922,73.77602584838867,0.9991805113798217,0.9963264609003496,0.9971436087403959,37.64623703710941,0.0004058995727991126,73.15899658203125,2021,74.22281195371205,74.22281195371205,0.0915,0.0354416666666667,73.1695652787015,,,,,,,,
2021-01-19,73.1886978149414,0.00040598196117747065,-0.00441821706073986,-0.0017908057887250362,-0.010098084295615872,0.0022892234969591765,0.002641679693153808,73.15403900146484,73.39140968322754,73.7607357788086,1.0004737785356714,0.9972379346689064,0.9967656884806105,41.17165450430979,4.378101612069856e-05,73.1886978149414,2021,74.22281195371205,74.22281195371205,0.0915,0.0354416666666667,73.19927080231186,,,,,,,,
2021-01-20,73.19190216064453,4.37819745233714e-05,0.0003676791468676388,-0.0024926742017734593,-0.014515881663534791,0.0007686570717731803,0.0023683936637349046,73.15941925048828,73.33750495910644,73.73894180297852,1.0004440017497274,0.9980146202336295,0.9975716966548364,52.44530368938295,-0.003846691628602306,73.19190216064453,2021,74.22281195371205,74.22281195371205,0.0915,0.0354416666666667,73.20247561092124,,,,,,,,
2021-01-21,72.91089630126953,-0.0038393025878495912,-0.0035397436532410564,-0.006121923464360801,-0.01257995955913882,0.0019120410010278362,0.002181487885279575,73.10761871337891,73.29105987548829,73.70575973510742,0.9973091393814831,0.9948129611597294,0.9974970867876516,43.72202970961936,0.0006033813177328059,72.91089630126953,2021,74.22281195371205,74.22281195371205,0.0915,0.0354416666666667,72.92142915687124,,,,,,,,
2021-01-22,72.95490264892578,0.0006035633888576974,-0.0018156028901834542,-0.00668649759409079,-0.008196243520628976,0.001973000863088586,0.0020621554423358875,73.0810791015625,73.26091499328614,73.66755783081055,0.9982734730495514,0.9958229794920197,0.9975452682820011,45.30897585832428,0.0005618381769516912,72.95490264892578,2021,74.22281195371205,74.22281195371205,0.0915,0.0354416666666667,72.96544186177351,,,,,,,,
2021-01-25,72.99590301513672,0.0005619960375828903,-0.0022293029499339534,-0.0051448457232553535,-0.00940574505633085,0.0019103595320328422,0.002011240395295562,73.0484603881836,73.22625999450683,73.63772186279297,0.9992805136101762,0.9968541752728134,0.9975719146883021,37.28341695304923,-0.0003549019867491504,72.99590301513672,2021,74.22281195371205,74.22281195371205,0.0915,0.0354416666666667,73.0064481509803,,,,,,,,
2021-01-26,72.97000122070312,-0.000354839016488695,-0.0029881197612131594,-0.007393134660244494,-0.007816963161732526,0.0018551545629542385,0.0019806488197662386,73.00472106933594,73.19751510620117,73.6087599182129,0.9995244163921968,0.9968917812965653,0.9973661122705395,33.74826939805682,-0.0006854898063612958,72.97000122070312,2021,74.22281195371205,74.22281195371205,0.0915,0.0354416666666667,72.98054261472107,,,,,,,,
2021-01-27,72.91999816894531,-0.0006852549118996354,-0.0037149463762047308,-0.0033486331376514356,-0.007264448139796431,0.0018205315506529237,0.0019719571944919905,72.9503402709961,73.17083511352538,73.57756591796876,0.9995840718228584,0.9965718999353923,0.9969865747440604,32.820580034792556,0.001604630427099594,72.91999816894531,2021,74.22281195371205,74.22281195371205,0.0915,0.0354416666666667,72.93053233942123,,,,,,,,
2021-01-28,73.03710174560547,0.0016059185353904937,0.0017309545038981522,-0.0018149162845620959,-0.0013249779361598213,0.0009020877923727701,0.0017781969304334606,72.97558135986328,73.16599006652832,73.54990798950195,1.0008430270043183,0.9982384121255564,0.9973975790323906,34.41362422860598,-0.0013468629306975525,73.03710174560547,2021,74.22281195371205,74.22281195371205,0.0915,0.0354416666666667,73.04765283310101,,,,,,,,
2021-01-29,72.93879699707031,-0.001345956317893915,-0.00022076174829499529,-0.0020359638228102384,-0.0020578399799247027,0.0011502587410838466,0.0017975441846642172,72.97236022949218,73.15846977233886,73.52669189453125,0.9995400555454652,0.9969973022132346,0.9974560766043107,33.75223904437016,-0.0004415092405738752,72.93879699707031,2021,74.22281195371205,74.22281195371205,0.0915,0.0354416666666667,72.94933388326298,,,,,,,,
2021-02-01,72.90660095214844,-0.00044141178971146555,-0.0012233845914579877,-0.0034499602465133394,-0.0025365554264134005,0.0011048154186579517,0.0017987812518445666,72.95449981689453,73.14919967651367,73.50157592773438,0.9993434419416718,0.9966835081526787,0.9973383186626762,25.319723247804916,0.0029199645490242732,72.90660095214844,2021,74.22281195371205,74.22281195371205,0.0915,0.0354416666666667,72.91713318723532,,,,,,,,
2021-02-02,73.11979675292969,0.0029242317979023547,0.0020528371895389697,-0.0009414166950467706,-0.0027305365893047773,0.001786017867550221,0.001780698251933256,72.98445892333984,73.13918952941894,73.47907379150391,1.001854337643744,0.9997348510885337,0.9978844364139848,47.93440291170749,-0.0027869681466896083,73.11979675292969,2021,74.22281195371205,74.22281195371205,0.0915,0.0354416666666667,73.13035978671331,,,,,,,,
2021-02-03,72.91629791259766,-0.002783088156271152,-5.0744054313933695e-05,-0.003765501919077985,-0.006248789951361022,0.0022848306009372603,0.001861746546160585,72.98371887207031,73.11626434326172,73.4581837463379,0.9990762191826531,0.9972650896150099,0.99818719579861,40.19191275405424,-0.0007998146020567823,72.91629791259766,2021,74.22281195371205,74.22281195371205,0.0915,0.0354416666666667,72.92683154852706,,,,,,,,
2021-02-04,72.85800170898438,-0.0007994948356149223,-0.002452178856232723,-0.0007254689623701349,-0.00684295116126743,0.002106302298042497,0.0018646836638684596,72.9478988647461,73.09116439819336,73.43974578857421,0.9987676525690151,0.9968099743501316,0.9980399062646373,40.95222060539007,0.0012029859149437071,72.85800170898438,2021,74.22281195371205,74.22281195371205,0.0915,0.0354416666666667,72.86852692332626,,,,,,,,
2021-02-05,72.9457015991211,0.0012037097927419804,9.466295490256904e-05,-0.00012611969135190026,-0.006811773986429848,0.002155081432976009,0.001866039376389798,72.94927978515625,73.06614952087402,73.4176838684082,0.9999509496729002,0.9983515222501425,0.9984004941209557,41.70134704321343,-0.002208240510500436,72.9457015991211,2021,74.22281195371205,74.22281195371205,0.0915,0.0354416666666667,72.95623948276655,,,,,,,,
2021-02-08,72.78479766845703,-0.0022058041411174845,-0.0016706756603747097,-0.002892016372972539,-0.008021983118159826,0.0023821721484760788,0.0019076913821996255,72.92491912841797,73.03671951293946,73.39456176757812,0.9980785517264107,0.996550750825579,0.9984692578573209,35.741219564748974,0.001991611055798607,72.78479766845703,2021,74.22281195371205,74.22281195371205,0.0915,0.0354416666666667,72.7953123075951,,,,,,,,
2021-02-09,72.92990112304688,0.0019935956303789304,-0.002597048108933686,-0.0005495422363357427,-0.0079386140568255,0.0020815224899021463,0.0019131435792094347,72.8869400024414,73.00753974914551,73.37265579223633,1.000589421377877,0.9989365670125935,0.9983481192885216,41.59293768575051,-0.0010289767582647052,72.92990112304688,2021,74.22281195371205,74.22281195371205,0.0915,0.0354416666666667,72.94043672412359,,,,,,,,
2021-02-10,72.85489654541016,-0.0010284475432124074,-0.0008420801514237297,-0.000892781475176796,-0.004238425015195668,0.0017208923783318848,0.001628418081971354,72.87465972900391,72.99203453063964,73.3566537475586,0.9997288058199209,0.9981211924546106,0.9983919505410352,47.92933795235785,-0.000653564155488369,72.85489654541016,2021,74.22281195371205,74.22281195371205,0.0915,0.0354416666666667,72.86542131117382,,,,,,,,
2021-02-11,72.80729675292969,-0.0006533506289559954,-0.0006959421733417903,-0.0031464144548918327,-0.004955620260621796,0.0017086677665481267,0.0016299098224655624,72.86451873779296,72.97390441894531,73.33954772949218,0.9992146797116825,0.9977168870524027,0.9985010301693005,44.55655031540328,-0.0013440866466738637,72.80729675292969,2021,74.22281195371205,74.22281195371205,0.0915,0.0354416666666667,72.81781464233103,,,,,,,,
2021-02-12,72.70950317382812,-0.0013431837667785551,-0.003238003338305151,-0.0031436469023665703,-0.0051732103738119095,0.001583732069335278,0.0016368173078878932,72.81727905273438,72.95499954223632,73.31643981933594,0.998519913400936,0.9966349616894169,0.9981122542613106,39.862708138674506,-0.0015787603869492758,72.70950317382812,2021,74.22281195371205,74.22281195371205,0.0915,0.0354416666666667,72.72000693577115,,,,,,,,
2021-02-15,72.59480285644531,-0.001577514800350066,-0.0026103639509608145,-0.004276678539817946,-0.007711884415381842,0.0014483108703245205,0.001635046040225291,72.77928009033204,72.92678985595703,73.29252990722657,0.9974652506364757,0.9954476674461135,0.9979772897461091,37.50508150737836,0.0006045373262116705,72.59480285644531,2021,74.22281195371205,74.22281195371205,0.0915,0.0354416666666667,72.60529004854843,,,,,,,,
2021-02-16,72.63870239257812,0.0006047200957295384,-0.003992857881124023,-0.0065795363460482426,-0.0075147589557331695,0.0008582700253949692,0.001640705072977445,72.72104034423828,72.89929008483887,73.2649040222168,0.9988677561367331,0.9964253740748713,0.9975548494314121,40.5940038368913,0.004070729469263208,72.63870239257812,2021,74.22281195371205,74.22281195371205,0.0915,0.0354416666666667,72.64919592649704,,,,,,,,
2021-02-17,72.93499755859375,0.004079026142486564,0.0010994595693876175,0.00025645358488324277,-0.003510014010660867,0.0023171867523584916,0.0019194526317462854,72.737060546875,72.88644485473633,73.24907592773438,1.0027212676760726,1.000666141749048,0.9979504514432135,46.951188952018185,-0.001889702607590708,72.93499755859375,2021,74.22281195371205,74.22281195371205,0.0915,0.0354416666666667,72.94553389591185,,,,,,,,
2021-02-18,72.79730224609375,-0.001887918243767439,-0.00013727342288027966,-0.0008331200618577617,-0.0015579846214811566,0.0024928875328168285,0.001766866397269227,72.73506164550781,72.88076515197754,73.22632202148438,1.0008557166128391,0.9988548020083249,0.9980007961474349,45.872098717069825,-0.002639597049987456,72.79730224609375,2021,74.22281195371205,74.22281195371205,0.0915,0.0354416666666667,72.8078186916684,,,,,,,,
2021-02-19,72.60540008544922,-0.00263611637689265,-0.0014317672908591428,-0.004665134561896878,-0.004790665887917656,0.00272047814203839,0.0018478872015612006,72.71424102783203,72.86329002380371,73.20389602661133,0.9985031688312451,0.9964606328060366,0.9979544020600362,41.961926091825305,-0.0007219517903055846,72.60540008544922,2021,74.22281195371205,74.22281195371205,0.0915,0.0354416666666667,72.61588880844947,,,,,,,,
2021-02-22,72.5530014038086,-0.0007216912458157809,-0.0005758188050923874,-0.0031846796594021676,-0.006067485886656954,0.0026445774495517525,0.001840901484653687,72.70588073730468,72.84114494323731,73.18019607543945,0.9978972906737976,0.9960442200674734,0.9981430247144243,33.45404656590898,-0.0015034956442162202,72.5530014038086,2021,74.22281195371205,74.22281195371205,0.0915,0.0354416666666667,72.56348255718927,,,,,,,,
2021-02-23,72.44400024414062,-0.0015023659608690565,-0.0026804188679642182,-0.0066625742174865055,-0.0072084550878870335,0.002669501757229595,0.0018603935064756788,72.66694030761718,72.81484489440918,73.15187606811523,0.996932029028155,0.9949070186058032,0.9979687577854972,35.407542206276844,-0.0009252987888385177,72.44400024414062,2021,74.22281195371205,74.22281195371205,0.0915,0.0354416666666667,72.45446565099324,,,,,,,,
2021-02-24,72.37699890136719,-0.000924870831920388,-0.007650629682660726,-0.0065595816712895605,-0.007446506873465264,0.0007700327012500162,0.0018633674099277006,72.55534057617187,72.78769493103027,73.12421997070312,0.9975419910734558,0.9943576173135825,0.9968077797342179,35.21809672972135,0.0003177662838351533,72.37699890136719,2021,74.22281195371205,74.22281195371205,0.0915,0.0354416666666667,72.38745462907026,,,,,,,,
2021-02-25,72.4000015258789,0.00031781677688891286,-0.005457629719185952,-0.005594153954553871,-0.00872296688258023,0.0010845885436562726,0.0018129845631837732,72.4758804321289,72.75583992004394,73.09988800048828,0.9989530460920574,0.9951091432034035,0.9961520685044293,32.53538046822351,0.010318134939661848,72.4000015258789,2021,74.22281195371205,74.22281195371205,0.0915,0.0354416666666667,72.41046057658765,,,,,,,,
2021-02-26,73.1509017944336,0.010371550452057399,0.007513238799626176,0.00607071429920536,0.002907983214636811,0.004998293444691892,0.0030050044538531477,72.58498077392578,72.76644515991211,73.09231002807617,1.00779666832551,1.0052834329569982,0.9975062079013542,58.504959128838095,0.006064882490025951,73.1509017944336,2021,74.22281195371205,74.22281195371205,0.0915,0.0354416666666667,73.16146932171445,,,,,,,,
2021-03-01,73.59590148925781,0.006083311126836799,0.014374320362637194,0.013790224553569708,0.00945456965634417,0.00516311173997334,0.0032791503820870345,72.79356079101562,72.80091018676758,73.09215606689453,1.0110221383529465,1.0109200736701054,0.9998990480238076,63.57968227892999,-0.0039004634815479012,73.59590148925781,2021,74.22281195371205,74.22281195371205,0.0915,0.0354416666666667,73.60653330209496,,,,,,,,
2021-03-02,73.30940246582031,-0.003892866554251251,0.011945809435746746,0.009233370794777818,0.0025930831499887397,0.005746790710838233,0.0033644364524177744,72.96664123535156,72.81039047241211,73.07963806152344,1.0046975059378598,1.0068535821627997,1.0021459953988112,58.53151359789193,-0.00043532032799565706,73.30940246582031,2021,74.22281195371205,74.22281195371205,0.0915,0.0354416666666667,73.31999289042885,,,,,,,,
2021-03-03,73.27749633789062,-0.0004352255898493196,0.012441762579166848,0.004695945578413463,0.0049536034553745445,0.005679943368476663,0.0032975606326362387,73.14674072265625,72.82845039367676,73.05978805541992,1.0017875795140367,1.0061658039102375,1.0043704119373535,58.87840773543699,-0.005429707909095997,73.27749633789062,2021,74.22281195371205,74.22281195371205,0.0915,0.0354416666666667,73.28808215327537,,,,,,,,
2021-03-04,72.88069915771484,-0.005414993688459324,0.006639469913051199,0.00114560442554823,0.0003115299376605929,0.006712528105732108,0.003528459505198085,73.24288024902344,72.82958526611328,73.04060607910156,0.9950550676041522,1.0007018286787546,1.0056748226891588,52.90458203997732,0.003439416290978955,72.88069915771484,2021,74.22281195371205,74.22281195371205,0.0915,0.0354416666666667,72.89122765097609,,,,,,,,
2021-03-05,73.13179779052734,0.0034453378701693183,-0.00026115882972888027,0.007250117821244739,0.0025511604841221835,0.0048356441826180865,0.003602809159080184,73.23905944824219,72.8388900756836,73.03208602905273,0.9985354582851976,1.00402130942055,1.005493897176945,58.70784640242288,2.1907779516045644e-05,73.13179779052734,2021,74.22281195371205,74.22281195371205,0.0915,0.0354416666666667,73.14236255800515,,,,,,,,
2021-03-08,73.1333999633789,2.190801949319976e-05,-0.006284338074809992,0.007999649199072811,0.004789493219583996,0.0034878212243637688,0.0035608706210400096,73.14655914306641,72.85632019042968,73.02097396850586,0.9998200984456184,1.0038030986498494,1.0039837168810901,58.133531358268755,0.002684656826881142,73.1333999633789,2021,74.22281195371205,74.22281195371205,0.0915,0.0354416666666667,73.14396496230984,,,,,,,,
2021-03-09,73.33000183105469,0.002688263745077135,0.00028099213117971367,0.01223015824537832,0.0054860996908903115,0.003485345480860001,0.0035821494850531597,73.15067901611329,72.87632522583007,73.01667602539062,1.0024514169567982,1.006225294755447,1.0037646490740724,56.71454805776892,-0.007584945979345239,73.33000183105469,2021,74.22281195371205,74.22281195371205,0.0915,0.0354416666666667,73.3405952314892,,,,,,,,
2021-03-10,72.7759017944336,-0.0075562528676555996,-0.0068451375732615505,0.005511459429397236,-0.0010842751101475256,0.004904738908794357,0.003982620138031458,73.05036010742188,72.87237548828125,73.00312210083008,0.9962428889798122,0.9986761280498785,1.0024424154962432,49.681333287890666,-0.0009609513842793334,72.7759017944336,2021,74.22281195371205,74.22281195371205,0.0915,0.0354416666666667,72.7864151484557,,,,,,,,
2021-03-11,72.70600128173828,-0.0009604898183571686,-0.002397038969103704,0.004226515875831893,-0.0013912818592228815,0.004358956548036273,0.003985673405749181,73.01542053222656,72.86731071472168,72.99456207275391,0.9957622753079713,0.9977862579063068,1.002032596181362,51.554498212786825,-0.0009219628739445303,72.70600128173828,2021,74.22281195371205,74.22281195371205,0.0915,0.0354416666666667,72.7165045377909,,,,,,,,
2021-03-12,72.63899993896484,-0.0009215379967577597,-0.006738489500477285,-0.006997888514174155,-0.0009696563968361049,0.003776323687529003,0.003979650920304692,72.91686096191407,72.86378555297851,72.98555801391602,0.996189344696361,0.996914988532263,1.000728419591883,51.32288669085855,0.0006055341934623101,72.63899993896484,2021,74.22281195371205,74.22281195371205,0.0915,0.0354416666666667,72.64949351586792,,,,,,,,
2021-03-15,72.68299865722656,0.0006057175663030101,-0.006158626651815435,-0.012404261834668917,0.001214905162779445,0.0038377044945761478,0.003965202779033119,72.8267807006836,72.86819534301758,72.9773779296875,0.9980256982105529,0.9974584702568903,0.9994316499518202,53.751455027088646,-0.002309969205588359,72.68299865722656,2021,74.22281195371205,74.22281195371205,0.0915,0.0354416666666667,72.6934985902735,,,,,,,,
2021-03-16,72.51529693603516,-0.002307303279853512,-0.011110116932719238,-0.010832246656974132,-0.0016988940121207552,0.0031519814363493498,0.003997794123712107,72.6638397216797,72.86202507019043,72.96128387451172,0.9979557536979399,0.995241305277732,0.9972799912118856,52.10428192989829,4.208424318516657e-06,72.51529693603516,2021,74.22281195371205,74.22281195371205,0.0915,0.0354416666666667,72.52577264255214,,,,,,,,
2021-03-17,72.5156021118164,4.208433173946702e-06,-0.003576729057270134,-0.010397383428072393,-0.005750263396395061,0.0011067864190269909,0.0038768210552992677,72.61177978515624,72.84105529785157,72.9440998840332,0.9986754535748276,0.9955320089102998,0.9968523861748323,51.771161120488514,-0.003038458149637803,72.5156021118164,2021,74.22281195371205,74.22281195371205,0.0915,0.0354416666666667,72.5260778624197,,,,,,,,
2021-03-18,72.29560089111328,-0.003033846707414689,-0.005644656333590459,-0.008028164841495267,-0.0068917575171185685,0.001529156174089743,0.003910142051267704,72.52969970703126,72.81597023010254,72.92281188964844,0.9967723730159704,0.9928536372262176,0.9960685750369507,34.34955717620255,0.0051488542589269,72.29560089111328,2021,74.22281195371205,74.22281195371205,0.0915,0.0354416666666667,72.3060448598951,,,,,,,,
2021-03-19,72.6688003540039,0.0051621323882862225,0.00041025365250213497,-0.006331000337905124,0.0008732169849634541,0.0032212288080258086,0.004055093330920464,72.53565979003906,72.81914024353027,72.90726791381836,1.001835518755192,0.9979354344335352,0.9961070612404491,32.577958106926275,-0.0036367954384934355,72.6688003540039,2021,74.22281195371205,74.22281195371205,0.0915,0.0354416666666667,72.67929823593524,,,,,,,,
2021-03-22,72.40499877929688,-0.003630190307558845,-0.003824826755438826,-0.009959897727259692,-0.002039924216063471,0.003586717867530377,0.004135631807647082,72.48005981445313,72.81174011230469,72.88789993286133,0.9989643905461942,0.9944137946383309,0.9954446865664798,32.85825837984787,-0.000338403861518144,72.40499877929688,2021,74.22281195371205,74.22281195371205,0.0915,0.0354416666666667,72.41545855191896,,,,,,,,
2021-03-23,72.38050079345703,-0.00033834660938969474,-0.0018588649329674967,-0.012948329658919344,-0.0008765315342830204,0.003481034465915102,0.004122939592659347,72.4531005859375,72.80856513977051,72.86524002075195,0.9989979753538033,0.9941206869618743,0.9951178195429258,32.95079162062535,0.0031959854787835763,72.38050079345703,2021,74.22281195371205,74.22281195371205,0.0915,0.0354416666666667,72.39095702705052,,,,,,,,
2021-03-24,72.61219787597656,0.0032010980855285975,0.0013320687044866553,-0.002249424801625044,0.0032496370142383046,0.003841264272967508,0.0041789556438853155,72.47241973876953,72.82032508850098,72.85418395996093,1.0019287080203871,0.9971419076710867,0.9952224142187139,44.55484761371338,0.0004598925562811447,72.61219787597656,2021,74.22281195371205,74.22281195371205,0.0915,0.0354416666666667,72.62268758099938,,,,,,,,
2021-03-25,72.64559936523438,0.0004599983230759719,0.004841213985457227,-0.0008307693373185154,0.0033922352787199017,0.0033795484776795687,0.0041793403365543375,72.54241943359375,72.83260498046874,72.8436979675293,1.001422339266408,0.9974323915053633,0.9960157192379318,39.18506576156131,-0.0004515920271119034,72.64559936523438,2021,74.22281195371205,74.22281195371205,0.0915,0.0354416666666667,72.65609389550391,,,,,,,,
2021-03-26,72.61280059814453,-0.00045149007477995884,-0.0007706162147520512,-0.00036067871036671306,-0.007356043235136278,0.0024413129494808544,0.0034220150804346702,72.53121948242188,72.80569992065429,72.83420196533203,1.0011247724263401,0.9973504914763544,0.9962299594876287,38.578372623981465,-0.002283244346150241,72.61280059814453,2021,74.22281195371205,74.22281195371205,0.0915,0.0354416666666667,72.62329039023783,,,,,,,,
2021-03-29,72.44719696044922,-0.002280639726482958,0.00058280756665674,-0.003244248326756405,-0.015608267655723429,0.00199427306879811,0.003087405223914525,72.53965911865234,72.74826469421387,72.81996597290039,0.9987253571449533,0.9958615131916871,0.997132501009634,30.36473658667373,0.00405954769820111,72.44719696044922,2021,74.22281195371205,74.22281195371205,0.0915,0.0354416666666667,72.45766282910594,,,,,,,,
2021-03-30,72.74189758300781,0.004067798823458757,0.004993013112496225,0.003124866842544094,-0.0077412291428387014,0.0026180738422592487,0.0031770512160211213,72.6119384765625,72.71988945007324,72.81102996826172,1.001789776022675,1.0003026425521409,0.9985155234100727,49.145025340397694,0.00962334748208354,72.74189758300781,2021,74.22281195371205,74.22281195371205,0.0915,0.0354416666666667,72.75240602471274,,,,,,,,
2021-03-31,73.44529724121094,0.009669800782973192,0.011473270188809392,0.012820622077452715,0.0022899377258547293,0.004726981115824098,0.003891582895610107,72.77855834960937,72.72827949523926,72.81609786987305,1.0091611994895355,1.0098588575303586,1.0006913246775402,64.09735659106448,-0.0032976557116065407,73.44529724121094,2021,74.22281195371205,74.22281195371205,0.0915,0.0354416666666667,73.45590729745369,,,,,,,,
2021-04-01,73.20349884033203,-0.003292224416830747,0.0076797422001124716,0.012558135460913666,0.00442915183783632,0.005347829139632044,0.003759333135186171,72.8901382446289,72.74441947937012,72.82194992065429,1.0042990808256043,1.0063108533169627,1.0020031607414244,60.091490359960275,0.0011441166171956751,73.20349884033203,2021,74.22281195371205,74.22281195371205,0.0915,0.0354416666666667,73.21407396588856,,,,,,,,
2021-04-02,73.28730010986328,0.0011447713682926075,0.009288989078545251,0.00851121461819071,0.002126329777661695,0.005245693748689381,0.0036902596516446575,73.02503814697266,72.75219459533692,72.82859786987305,1.0035913978211526,1.0073551803832548,1.0037503136936743,60.651456511741124,0.0012095643818235398,73.28730010986328,2021,74.22281195371205,74.22281195371205,0.0915,0.0354416666666667,73.29788734152076,,,,,,,,
2021-04-05,73.3759994506836,0.0012102961998510242,0.012820406160661157,0.01341068555703595,0.0033172187731755898,0.004766965163483829,0.0036982801460369924,73.21079864501954,72.76432456970215,72.83619979858399,1.0022565087216857,1.0084062469431088,1.006135892526422,65.60540920383558,-0.0013159628439560619,73.3759994506836,2021,74.22281195371205,74.22281195371205,0.0915,0.0354416666666667,73.38659949602732,,,,,,,,
2021-04-06,73.27950286865234,-0.0013150973445493763,0.007390586491520246,0.012420500899277931,-0.0006886534998142846,0.004945821183424941,0.003663098208137751,73.31831970214844,72.76179962158203,72.84238983154297,0.9994705711525607,1.007115041818135,1.0076485200127092,63.383467088695575,0.0028683771272492017,73.27950286865234,2021,74.22281195371205,74.22281195371205,0.0915,0.0354416666666667,73.29008897390459,,,,,,,,
2021-04-07,73.48999786376953,0.002872494857047325,0.0006086247076078077,0.012088877812131082,0.009812259988931649,0.002424759164381481,0.0032545473211400386,73.32725982666015,72.79750442504883,72.85378982543945,1.0022193388583465,1.0095125986005975,1.007277109370648,70.9956547395526,0.012326747615895623,73.48999786376953,2021,74.22281195371205,74.22281195371205,0.0915,0.0354416666666667,73.50061437755467,,,,,,,,
2021-04-08,74.40149688720703,0.012403035105908788,0.016365311301417718,0.02417073487334953,0.023319885230637993,0.005323349431452463,0.004180449768342759,73.56685943603516,72.88227920532226,72.88107772827148,1.011345291311471,1.0208448157556222,1.009392958592641,75.61121937136878,0.0019202317062023122,74.40149688720703,2021,74.22281195371205,74.22281195371205,0.0915,0.0354416666666667,74.41224507798535,,,,,,,,
2021-04-09,74.54450225830078,0.001922076531746919,0.017154433940844482,0.026602770368914896,0.026232496605639533,0.0052569569074333794,0.0041541480547492605,73.81829986572265,72.97755432128906,72.9131918334961,1.0098377014087172,1.0214716422273227,1.0115206045509848,82.79541473021428,0.0024786319216306874,74.54450225830078,2021,74.22281195371205,74.22281195371205,0.0915,0.0354416666666667,74.55527110792434,,,,,,,,
2021-04-12,74.72949981689453,0.0024817062692661374,0.0184460910426254,0.031502983582529565,0.02815653175399757,0.005153162867949297,0.004158735089596089,74.08899993896485,73.07987937927246,72.94964981079102,1.0086450063903865,1.0225728401802747,1.0138084595686758,84.31807035534354,0.003493145807951496,74.72949981689453,2021,74.22281195371205,74.22281195371205,0.0915,0.0354416666666667,74.74029539163972,,,,,,,,
2021-04-13,74.99099731445312,0.0034992539519109744,0.02335570492158623,0.030918903770400075,0.03414038807014408,0.004379935443657794,0.0040885739923096345,74.431298828125,73.20366439819335,72.98707382202149,1.007519665720473,1.0244158940806232,1.0167701226437775,84.45344165344342,0.002537163366991189,74.99099731445312,2021,74.22281195371205,74.22281195371205,0.0915,0.0354416666666667,75.0018306656559,,,,,,,,
2021-04-14,75.18150329589844,0.0025403846897311677,0.023016811556648697,0.023639444864460346,0.036763139330640904,0.0044157315720589636,0.004072907322545246,74.76959991455078,73.33695945739746,73.0323779296875,1.005508968642582,1.02515162684884,1.0195350402819137,85.13014767120856,-0.002069178777631757,75.18150329589844,2021,74.22281195371205,74.22281195371205,0.0915,0.0354416666666667,75.19236416798076,,,,,,,,
2021-04-15,75.0261001586914,-0.00206703950299314,0.008395036358358254,0.02489773504316717,0.03776853963342286,0.0021674567019727723,0.004017696139983815,74.89452056884765,73.47348442077637,73.07573989868165,1.001756865373386,1.0211316470173557,1.019340802457838,82.33336331744175,-0.003989206497838464,75.0261001586914,2021,74.22281195371205,74.22281195371205,0.0915,0.0354416666666667,75.03693858092208,,,,,,,,
2021-04-16,74.72740173339844,-0.003981260183605118,0.0024535608872120473,0.019650084276216173,0.028328544978947212,0.0033074572188804188,0.004140853072857776,74.93110046386718,73.5764144897461,73.11137390136719,0.9972815195665388,1.0156434266555996,1.0184119596410868,79.49813755815813,-0.002199735164998945,74.72740173339844,2021,74.22281195371205,74.22281195371205,0.0915,0.0354416666666667,74.73819700505024,,,,,,,,
2021-04-19,74.56320190429688,-0.002197317520651554,-0.0022253315358075065,0.016179710838708283,0.029807377410205893,0.0032663570513821916,0.004060756731132341,74.89784088134766,73.6843246459961,73.14694198608399,0.9955320610966487,1.0119276014610052,1.0164691234015064,74.384867453339,0.004215636114431332,74.56320190429688,2021,74.22281195371205,74.22281195371205,0.0915,0.0354416666666667,74.57397345530913,,,,,,,,
2021-04-20,74.8781967163086,0.00422453440795123,-0.0015041885317451653,0.021816385006347305,0.03450785633521547,0.0034933165187434967,0.004081494720460931,74.87528076171876,73.80920944213867,73.18590789794922,1.0000389441556703,1.0144831150780438,1.0144436084282384,71.41153589205138,0.007596878816508248,74.8781967163086,2021,74.22281195371205,74.22281195371205,0.0915,0.0354416666666667,74.88901377210873,,,,,,,,
2021-04-21,75.44920349121094,0.007625808311940485,0.0035607188414268354,0.026659486792655063,0.03907064788315662,0.004958631953804945,0.004281826669291578,74.92882080078125,73.9510597229004,73.23779403686524,1.0069450270919553,1.020258584176132,1.0132217317986327,80.55130581717107,-0.00026122608629048396,75.44920349121094,2021,74.22281195371205,74.22281195371205,0.0915,0.0354416666666667,75.4601030358051,,,,,,,,
2021-04-22,75.42949676513672,-0.0002611919697271814,0.005376750298790256,0.013816924671396613,0.03832162476774359,0.00476685539476957,0.004297836745123796,75.0095001220703,74.0902545928955,73.29023803710938,1.0055992459939462,1.0180758208970933,1.0124071044731293,79.66040462427746,-0.004488399664679274,75.42949676513672,2021,74.22281195371205,74.22281195371205,0.0915,0.0354416666666667,75.44039346285737,,,,,,,,
2021-04-23,75.0916976928711,-0.004478341852358181,0.004874998340934411,0.007340520333400935,0.0341385688791338,0.004902120335883863,0.004502779029994719,75.08235931396484,74.21419944763184,73.33788192749023,1.0001243751394013,1.011823859204443,1.0116980291210391,72.22231006091174,-0.0029820635950462875,75.0916976928711,2021,74.22281195371205,74.22281195371205,0.0915,0.0354416666666667,75.10254559145429,,,,,,,,
2021-04-26,74.86810302734375,-0.002977621659878582,0.004089163491640457,0.0018547322113600107,0.033416145392294094,0.005039171404275741,0.004537684353674272,75.14333953857422,74.33524475097656,73.3833479309082,0.9963371802089102,1.0071683126645008,1.0108709507892897,69.92023144170811,-0.0007108324669082344,74.86810302734375,2021,74.22281195371205,74.22281195371205,0.0915,0.0354416666666667,74.87891862498915,,,,,,,,
2021-04-27,74.81490325927734,-0.0007105798853614953,-0.0008452855411442695,-0.0023482026040723136,0.028498097315978965,0.004677586357420887,0.00452972547749569,75.13068084716797,74.43889503479004,73.4268719482422,0.995796955593508,1.0050512332875383,1.0092933380063556,67.29592446516075,-0.0032118170898662074,74.81490325927734,2021,74.22281195371205,74.22281195371205,0.0915,0.0354416666666667,74.82571117157661,,,,,,,,
2021-04-28,74.57499694824219,-0.003206664722986252,-0.011586690150686474,-0.008067228255188907,0.015381511811723758,0.0017822574917675813,0.004197712997226558,74.95583953857422,74.4953800201416,73.45967193603515,0.9949191071345943,1.0010687498752147,1.006181047983219,52.74654402369122,-0.003535560378351867,74.57499694824219,2021,74.22281195371205,74.22281195371205,0.0915,0.0354416666666667,74.58577020319036,,,,,,,,
2021-04-29,74.31179809570312,-0.003529317644112462,-0.014817793003627622,-0.009520714277796993,0.01513997654385979,0.001391799834264772,0.004210110798945575,74.7322998046875,74.55079498291016,73.48996185302734,0.9943732267027329,0.9967941738614347,1.0024346463618388,46.45128412763789,-0.002775970250036594,74.31179809570312,2021,74.22281195371205,74.22281195371205,0.0915,0.0354416666666667,74.32253332841253,,,,,,,,
2021-04-30,74.10579681396484,-0.0027721208074252823,-0.013129292707412699,-0.008318299646644545,0.011168329340480287,0.001114237219035177,0.004281762575922214,74.53511962890624,74.59171981811524,73.51996978759766,0.9942399929445488,0.9934855637417227,0.9992412001044216,40.54913294797688,-0.000148365898169781,74.10579681396484,2021,74.22281195371205,74.22281195371205,0.0915,0.0354416666666667,74.11650228731227,,,,,,,,
2021-05-03,74.09480285644531,-0.00014835489249420686,-0.010328833503581714,-0.006281906300815265,0.00979616511042991,0.0015374713994119665,0.004281749464781596,74.38045959472656,74.62765998840332,73.5508058166504,0.99615951904791,0.9928597904310438,0.9966875499819347,35.30447924016555,-0.0034786396535391078,74.09480285644531,2021,74.22281195371205,74.22281195371205,0.0915,0.0354416666666667,74.1055067415834,,,,,,,,
2021-05-04,73.8375015258789,-0.0034725961963204544,-0.013064265150636745,-0.013898507657343462,0.007614662154937557,0.0014168588317591943,0.004356314711979074,74.18497924804687,74.65555992126465,73.57867584228515,0.9953160636332306,0.9890422307963598,0.9936966426383503,28.433895416739105,-0.000793968445363632,73.8375015258789,2021,74.22281195371205,74.22281195371205,0.0915,0.0354416666666667,73.84816824074618,,,,,,,,
2021-05-05,73.77890014648438,-0.0007936533358187114,-0.010675116786264649,-0.02213811766642615,0.003931178270686342,0.0015720083455168445,0.004323291644902248,74.02575988769532,74.6700050354004,73.6067138671875,0.9966652184106526,0.988066093091951,0.9913721025276528,29.34554358620585,0.0002778211047450593,73.77890014648438,2021,74.22281195371205,74.22281195371205,0.0915,0.0354416666666667,73.78955839567782,,,,,,,,
2021-05-06,73.79940032958984,0.00027785970060234533,-0.006895241122457874,-0.021610861870422826,-0.008092532849573786,0.0016527397202911471,0.003236220282468766,73.92328033447265,74.63990020751953,73.63470184326172,0.9983242084993753,0.9887392684664252,0.9903989706436573,33.07187650479166,-0.002499131045865617,73.79940032958984,2021,74.22281195371205,74.22281195371205,0.0915,0.0354416666666667,73.81006154028121,,,,,,,,
2021-05-07,73.61519622802734,-0.002496010817701011,-0.006620272732092758,-0.019662645941002865,-0.01246645965994031,0.0015983902788670003,0.003220034027103464,73.82516021728516,74.59343490600585,73.64398773193359,0.9971559291081815,0.9868857268845285,0.9897005052832225,32.832261647844234,-0.004423228641192215,73.61519622802734,2021,74.22281195371205,74.22281195371205,0.0915,0.0354416666666667,73.6258308282215,,,,,,,,
2021-05-10,73.29029846191406,-0.004413460572826433,-0.010857770903175634,-0.021074456298878497,-0.019258811560452838,0.0019184658167578585,0.0032392903531896482,73.66425933837891,74.52147483825684,73.63787567138672,0.9949234421166573,0.983478904852394,0.9884970674327307,21.347012161711945,0.002857159947748784,73.29029846191406,2021,74.22281195371205,74.22281195371205,0.0915,0.0354416666666667,73.30088612671955,,,,,,,,
2021-05-11,73.5,0.00286124551934952,-0.004570868717173715,-0.017575418826920597,-0.019882350786735836,0.0027584627499613293,0.0031958432859316454,73.59675903320313,74.44692497253418,73.64168762207031,0.9986852813293113,0.9872805361284764,0.9885802410288309,9.55349679576483,-0.0017007763558881967,73.5,2021,74.22281195371205,74.22281195371205,0.0915,0.0354416666666667,73.51061795871396,,,,,,,,
2021-05-12,73.3750991821289,-0.0016993308553889808,-0.005473122580490375,-0.01608981314402269,-0.024027241203995464,0.002778346829055822,0.003087505851822543,73.51599884033203,74.3566047668457,73.64363967895508,0.9980834150331122,0.9868000214937942,0.9886949393513932,9.153874158121468,0.00416851100653368,73.3750991821289,2021,74.22281195371205,74.22281195371205,0.0915,0.0354416666666667,73.38569909741801,,,,,,,,
2021-05-13,73.68160247802734,0.004177211333475039,-0.0015961898204648328,-0.00848042482923339,-0.0179203994052769,0.0036653462695166944,0.003304452947160582,73.49243927001953,74.2893798828125,73.65965774536133,1.0025739138595307,0.9918187847880291,0.9892724826341248,21.6107865002857,-0.003217668669379978,73.68160247802734,2021,74.22281195371205,74.22281195371205,0.0915,0.0354416666666667,73.69224667140273,,,,,,,,
2021-05-14,73.44490051269531,-0.0032124975213808638,-0.002313322847154131,-0.008918280751081364,-0.01716239546610554,0.003784058672496814,0.0032710089394261993,73.45838012695313,74.22525482177734,73.66591979980468,0.9998164999795187,0.9894866738961592,0.9896682780454502,21.497329144715124,-0.002262760864879064,73.44490051269531,2021,74.22281195371205,74.22281195371205,0.0915,0.0354416666666667,73.45551051162586,,,,,,,,
2021-05-17,73.27890014648438,-0.002260202751343421,-0.00015552284093389712,-0.01101160511273247,-0.017224337542007917,0.003314688303115454,0.0032723919058333354,73.45610046386719,74.16103973388672,73.66882980346679,0.9975876705098172,0.9881050806384627,0.9904944796816619,20.568035296078307,-0.00012556994559205,73.27890014648438,2021,74.22281195371205,74.22281195371205,0.0915,0.0354416666666667,73.28948616466614,,,,,,,,
2021-05-18,73.26969909667969,-0.0001255620620164155,-0.0031333456234056145,-0.0076898922290892235,-0.02148152186040253,0.002908345144914786,0.0030536843041959767,73.41004028320313,74.08061485290527,73.66762374877929,0.9980882562387647,0.9890536038633624,0.9909480426015141,22.562880474177476,-0.001933121014492451,73.26969909667969,2021,74.22281195371205,74.22281195371205,0.0915,0.0354416666666667,73.2802837856592,,,,,,,,
2021-05-19,73.1281967163086,-0.001931253739480776,-0.0033649353605296195,-0.008819641237316378,-0.03076250864825525,0.0029315383653161,0.002265609366753873,73.36065979003907,73.96456451416016,73.6746696472168,0.9968312297845222,0.9886923176882703,0.9918352155780559,23.779455161899875,0.0012941985322578813,73.1281967163086,2021,74.22281195371205,74.22281195371205,0.0915,0.0354416666666667,73.13876096356792,,,,,,,,
2021-05-20,73.222900390625,0.0012950363685815258,-0.006225462964640771,-0.0078117157644937985,-0.029253759724559125,0.0018081437578132584,0.002338079284340728,73.2689193725586,73.85423469543457,73.68500762939453,0.9993719167373057,0.9914516167229528,0.992074722251341,29.426510170919812,-0.0027488725664605368,73.222900390625,2021,74.22281195371205,74.22281195371205,0.0915,0.0354416666666667,73.23347831896874,,,,,,,,
2021-05-21,73.02189636230469,-0.0027450978757739275,-0.005759476116623086,-0.008059475436088981,-0.027563650765121905,0.0016892944070393517,0.002251650888989351,73.18431854248047,73.75074462890625,73.69266555786133,0.9977806423095748,0.9901174114204687,0.9923197238309134,27.03267700589258,-0.0015363176127132876,73.02189636230469,2021,74.22281195371205,74.22281195371205,0.0915,0.0354416666666667,73.0324452531998,,,,,,,,
2021-05-24,72.90979766845703,-0.0015351380809321968,-0.0050369543932770044,-0.005191693872753977,-0.026156738045993944,0.001599254003504059,0.00222115612393256,73.110498046875,73.65282936096192,73.69720153808593,0.9972548350267114,0.9899117019814216,0.9926366533534098,28.82458657824712,-0.0010044353455898364,72.90979766845703,2021,74.22281195371205,74.22281195371205,0.0915,0.0354416666666667,72.92033036534802,,,,,,,,
2021-05-25,72.83660125732422,-0.001003931069259889,-0.005911008843969667,-0.00902583323368411,-0.02644261926126068,0.0015245293362059317,0.0022178720504702092,73.02387847900391,73.55391426086426,73.70362762451173,0.9974353974948956,0.9902477929183205,0.9927939146789586,28.63380491230984,-0.0004353173272705117,72.83660125732422,2021,74.22281195371205,74.22281195371205,0.0915,0.0354416666666667,72.84712338011356,,,,,,,,
2021-05-26,72.80490112304688,-0.0004352225904301621,-0.004420943053141335,-0.007771002226064527,-0.02373578139632815,0.0014875858322977347,0.002181163098178998,72.95921936035157,73.4654094696045,73.70941360473633,0.9978848699498483,0.9910092606666693,0.9931098170838841,27.56414007717808,-0.001820221528204043,72.80490112304688,2021,74.22281195371205,74.22281195371205,0.0915,0.0354416666666667,72.81541866637068,,,,,,,,
2021-05-27,72.67250061035156,-0.0018185659296692247,-0.007516771083051821,-0.013695438667701398,-0.022059720358809987,0.0008707087411721894,0.0021175471599763347,72.84913940429688,73.38344459533691,73.71695159912109,0.9975752796067362,0.990311929497099,0.9927189954902446,28.223836563778832,0.0001444465045513571,72.67250061035156,2021,74.22281195371205,74.22281195371205,0.0915,0.0354416666666667,72.6829990268294,,,,,,,,
2021-05-28,72.68299865722656,0.00014445693745002153,-0.0046410422347381575,-0.010373788379453908,-0.019199552773315087,0.0008000733084050757,0.0020975784518409892,72.78135986328125,73.3123046875,73.71723556518555,0.9986485384961279,0.9914160926606261,0.9927577665648086,33.58749350510108,-0.003990966970737262,72.68299865722656,2021,74.22281195371205,74.22281195371205,0.0915,0.0354416666666667,72.6934985902735,,,,,,,,
2021-05-31,72.39350128173828,-0.0039830136460597965,-0.007081303243584691,-0.012082589435378877,-0.0229611458445097,0.0016061068136686977,0.0021919672859708815,72.6781005859375,73.22723960876465,73.71700561523437,0.9960841119690147,0.988614369031513,0.9925008913928606,21.332874757369822,0.0012934311864256493,72.39350128173828,2021,74.22281195371205,74.22281195371205,0.0915,0.0354416666666667,72.40395939340861,,,,,,,,
2021-06-01,72.48719787597656,0.0012942680293033249,-0.004797085192281947,-0.010679738423254759,-0.018287504614834305,0.0020280955983776566,0.002186254199813034,72.60821990966797,73.15972442626953,73.71913955688477,0.9983332185551173,0.9908074209468798,0.9924616375891714,26.61823383574358,0.005061245295378921,72.48719787597656,2021,74.22281195371205,74.22281195371205,0.0915,0.0354416666666667,72.49766952324647,,,,,,,,
2021-06-02,72.8550033569336,0.005074075033033143,0.0006881711686146375,-0.0037358142500739655,-0.012522506945975453,0.003410009084527385,0.0025650236606697234,72.61824035644531,73.113529586792,73.72399566650391,1.003260379201233,0.9964640439147243,0.9932257513329494,28.913359958272025,0.0015100772594442869,72.8550033569336,2021,74.22281195371205,74.22281195371205,0.0915,0.0354416666666667,72.86552813812747,,,,,,,,
2021-06-03,72.96510314941406,0.0015112180002390119,0.0040263171984593615,-0.003520718789281174,-0.011304931699306353,0.003252862942489862,0.0026024697545216522,72.67676086425782,73.0718147277832,73.7303857421875,1.0039674619744652,0.9985396342109926,0.9945936218363114,36.91512558882768,0.0010834096282411232,72.96510314941406,2021,74.22281195371205,74.22281195371205,0.0915,0.0354416666666667,72.97564383584672,,,,,,,,
2021-06-04,73.04419708251953,0.0010839967284566043,0.004969503624862481,0.0003053977139158004,-0.007756539067546697,0.0032320051683425877,0.002585733412044605,72.7490005493164,73.04326477050782,73.739013671875,1.0040577400510542,1.0000127638327043,0.9959713709112544,43.28075241244644,-0.0018430290433670937,73.04419708251953,2021,74.22281195371205,74.22281195371205,0.0915,0.0354416666666667,73.0547491950218,,,,,,,,
2021-06-07,72.90969848632812,-0.0018413317082458525,0.007130435680696268,-1.3603402022610567e-06,-0.005193047150486407,0.0024558846424967353,0.0024344192282607733,72.85223999023438,73.02423477172852,73.74826370239258,1.000788699099732,0.998431530494521,0.9976446890264337,40.38354936007174,-0.001376566773886805,72.90969848632812,2021,74.22281195371205,74.22281195371205,0.0915,0.0354416666666667,72.92023116889106,,,,,,,,
2021-06-08,72.80940246582031,-0.001375619740446754,0.00444498613941513,-0.0003734220300561919,-0.009395884818771294,0.0027623918545236093,0.0023308882647876694,72.91668090820312,72.98970489501953,73.74961380004883,0.9985287530775315,0.9975297553338714,0.9989995303183998,41.29257853037647,0.0022759761310665325,72.80940246582031,2021,74.22281195371205,74.22281195371205,0.0915,0.0354416666666667,72.81992065941719,,,,,,,,
2021-06-09,72.97530364990234,0.002278568130811287,0.0016512289812049552,0.002340536477997146,-0.005448654062248037,0.0018292427083103162,0.002389390830063252,72.94074096679688,72.9697151184082,73.74021392822266,1.0004738460652765,1.000076586998936,0.9996029290841508,43.49041805906022,0.00013694800826865032,72.97530364990234,2021,74.22281195371205,74.22281195371205,0.0915,0.0354416666666667,72.98584580991995,,,,,,,,
2021-06-10,72.98529815673828,0.00013695738607522046,0.0002767762458015799,0.004304207833219387,-0.00945017884887489,0.0017067909830093609,0.002152634227172466,72.94477996826171,72.93489990234374,73.73584991455078,1.0005554638521659,1.0006910032708898,1.0001354641732723,48.930363234999,0.0003698749589948741,72.98529815673828,2021,74.22281195371205,74.22281195371205,0.0915,0.0354416666666667,72.99584176058256,,,,,,,,
2021-06-11,73.01229858398438,0.00036994337117191023,-0.00043670133712492287,0.004530632098859844,-0.005890156099212951,0.0016273509793753248,0.0020596738387791418,72.93840026855469,72.9132698059082,73.7303498840332,1.0010131606281136,1.0013581722276312,1.000344662401143,53.15255700883702,0.002999092420990702,73.01229858398438,2021,74.22281195371205,74.22281195371205,0.0915,0.0354416666666667,73.02284608836501,,,,,,,,
2021-06-14,73.23159790039062,0.0030035941979555947,0.004415042453136175,0.011576959310072299,-0.0006455097715603042,0.0017582448274924718,0.0021302151829387522,73.00278015136719,72.91090469360351,73.72746185302735,1.003134370342458,1.0043984258340337,1.0012601058531612,61.146875309497865,-0.0006938826366181233,73.23159790039062,2021,74.22281195371205,74.22281195371205,0.0915,0.0354416666666667,73.24217708519421,,,,,,,,
2021-06-15,73.18080139160156,-0.0006936419557327378,0.005100974780772205,0.009568634682385335,-0.0012132942563449767,0.0015538293117315905,0.0021353358126260987,73.07705993652344,72.90645980834961,73.72548782348633,1.001419617252914,1.0037629255894898,1.0023399864514377,60.494858009491594,0.002237185273676315,73.18080139160156,2021,74.22281195371205,74.22281195371205,0.0915,0.0354416666666667,73.19137323823873,,,,,,,,
2021-06-16,73.3447036743164,0.0022396896398795274,0.005061986808390095,0.0067215742889155106,0.0029606494858300803,0.0015460285963147112,0.002146459080530291,73.15093994140625,72.91728515625,73.72258193969726,1.002648820822608,1.0058616899566477,1.0032043813021227,68.44299870637144,0.006514895817924961,73.3447036743164,2021,74.22281195371205,74.22281195371205,0.0915,0.0354416666666667,73.35529919860895,,,,,,,,
2021-06-17,73.8240966796875,0.00653616391307299,0.011492705300016448,0.011772662453644944,0.008210495430463371,0.002789730540558848,0.0025714713074524343,73.31869964599609,72.94734497070313,73.71103393554688,1.0068931532628322,1.0120189666853054,1.005090722293486,74.9009396581003,0.005805091391736581,73.8240966796875,2021,74.22281195371205,74.22281195371205,0.0915,0.0354416666666667,73.83476145806357,,,,,,,,
2021-06-18,74.25389862060547,0.0058219735865217,0.017005354723806043,0.016561227125534872,0.016871682600354543,0.002913809421033508,0.0027267338078425947,73.56701965332032,73.00894508361816,73.70522186279297,1.0093367784983274,1.0170520685590163,1.0076439204684164,88.25491352694596,-0.0014825102932240518,74.25389862060547,2021,74.22281195371205,74.22281195371205,0.0915,0.0354416666666667,74.26462548903955,,,,,,,,
2021-06-21,74.1438980102539,-0.0014814119176906893,0.012457738681384445,0.016927782579668982,0.016926399211923515,0.003655259434444596,0.002724295665949761,73.74947967529297,73.07065010070801,73.69350982666016,1.0053480829518728,1.014687811153544,1.0092900442742658,83.83943848975686,-0.00011731268753260976,74.1438980102539,2021,74.22281195371205,74.22281195371205,0.0915,0.0354416666666667,74.15460898777725,,,,,,,,
2021-06-22,74.13520050048828,-0.00011730580666835522,0.013041659707709208,0.018209159665749874,0.017828937934325717,0.0035371597938396965,0.002699761063564795,73.94035949707032,73.13558006286621,73.67639389038087,1.0026351103070534,1.0136680455226144,1.0110039386234762,80.64467820878077,0.0026537638880837636,74.13520050048828,2021,74.22281195371205,74.22281195371205,0.0915,0.0354416666666667,74.14591022155176,,,,,,,,
2021-06-23,74.33219909667969,0.00265728823637712,0.013463759111335571,0.018593899290738403,0.02097795546829384,0.0035314560403706436,0.0027085656922642997,74.13785858154297,73.21194496154786,73.65940780639649,1.0026213397426764,1.015301521298474,1.0126470293950176,81.41775081530315,-0.0011481647059753608,74.33219909667969,2021,74.22281195371205,74.22281195371205,0.0915,0.0354416666666667,74.34293727655897,,,,,,,,
2021-06-24,74.24690246582031,-0.0011475058170744568,0.0057272056841726204,0.01728573207130979,0.02166434128791339,0.003078478648146224,0.0026752149827391266,74.22241973876953,73.2906650543213,73.64382385253906,1.0003298562231864,1.0130471924465452,1.0127131427141185,77.5612536409507,-0.0007626454801786928,74.24690246582031,2021,74.22281195371205,74.22281195371205,0.0915,0.0354416666666667,74.25762832357572,,,,,,,,
2021-06-25,74.19029998779297,-0.0007623547400297248,-0.0008565022711797265,0.016134287327683072,0.020738017946601905,0.0016600103986899519,0.002699402434915796,74.20970001220704,73.36603012084962,73.63308181762696,0.9997385783204773,1.0112350343283616,1.0114994622166105,80.4328197466757,0.0003058887410372234,74.19029998779297,2021,74.22281195371205,74.22281195371205,0.0915,0.0354416666666667,74.20101766863988,,,,,,,,
2021-06-28,74.21299743652344,0.0003059355297687638,0.0009319637640305967,0.013401312606447613,0.025133418367266236,0.0014909100936675332,0.0024378649538932926,74.22351989746093,73.45700492858887,73.62607772827148,0.9998582327953184,1.0102916326178764,1.0104348791462057,84.63302234169923,0.0009751345590016888,74.21299743652344,2021,74.22281195371205,74.22281195371205,0.0915,0.0354416666666667,74.22371839628971,,,,,,,,
2021-06-29,74.285400390625,0.0009756101572839793,0.0020260266259848336,0.015094109083509055,0.02480717378157049,0.0015150247740690808,0.0024385653276048367,74.25355987548828,73.54691505432129,73.61422180175781,1.0004288079277293,1.0100410103640414,1.0096080824144027,83.88968489857784,2.9578263265159066e-05,74.285400390625,2021,74.22281195371205,74.22281195371205,0.0915,0.0354416666666667,74.29613180986851,,,,,,,,
2021-06-30,74.28759765625,2.9578700706300864e-05,-0.0006000285336866806,0.012855651938011414,0.01966363644646063,0.0008474290496370343,0.002275325091589737,74.24463958740235,73.61854476928711,73.59098968505859,1.0005786016214286,1.0090881025842011,1.00850458019888,83.82443277519073,0.0011220951878870115,74.28759765625,2021,74.22281195371205,74.22281195371205,0.0915,0.0354416666666667,74.29832939291495,,,,,,,,
2021-07-01,74.37100219726562,0.0011227249722296495,0.001671446583275893,0.007408224985820944,0.019268101971604557,0.0007630864772274038,0.0022721766230921793,74.2694595336914,73.68883972167968,73.56981979370117,1.0013672196379477,1.009257337721186,1.007879345287627,84.28487821406294,0.0023368348657166033,74.37100219726562,2021,74.22281195371205,74.22281195371205,0.0915,0.0354416666666667,74.38174598271932,,,,,,,,
2021-07-02,74.54499816894531,0.0023395673923847227,0.00478092393764018,0.0039203267942495845,0.020546479342230306,0.0008976736705668561,0.0022931147384192756,74.34039916992188,73.76387977600098,73.55888580322265,1.0027521912890967,1.0105894428996463,1.007815741195713,83.9171723540074,-0.0008481952299413636,74.54499816894531,2021,74.22281195371205,74.22281195371205,0.0915,0.0354416666666667,74.55576709020913,,,,,,,,
2021-07-05,74.48179626464844,-0.0008478356140493304,0.0036219912604245064,0.00455733058906338,0.021562258670087653,0.0012026258133198034,0.002237968116294211,74.39415893554687,73.842484664917,73.55115966796875,1.001178013574661,1.0086577747570726,1.0074709602897745,83.38292757413686,-0.002204225055540764,74.48179626464844,2021,74.22281195371205,74.22281195371205,0.0915,0.0354416666666667,74.49255605563728,,,,,,,,
2021-07-06,74.31780242919922,-0.002201797535420824,0.00043618313159554667,0.0024630934762188694,0.020717104004349007,0.0017508986683204735,0.002292439881884922,74.40063934326172,73.91790466308593,73.54121765136719,0.9988866101851583,1.0054100257297065,1.0065306867446535,74.96809152056629,0.005971265071029666,74.31780242919922,2021,74.22281195371205,74.22281195371205,0.0915,0.0354416666666667,74.32853852930678,,,,,,,,
2021-07-07,74.76290130615234,0.005989128612584604,0.0063981561512018725,0.005794288541261405,0.02449592624959762,0.003161246139659229,0.002536145693511131,74.49570007324219,74.00728454589844,73.5449757385254,1.0035868007502105,1.0102100322271015,1.0065995601695241,74.51967336593297,0.0007888249432478468,74.76290130615234,2021,74.22281195371205,74.22281195371205,0.0915,0.0354416666666667,74.77370170614425,,,,,,,,
2021-07-08,74.8218994140625,0.0007891361474665626,0.006062809475135156,0.007744389720593325,0.025163989237668938,0.0031689155388059938,0.002525742490054384,74.58587951660157,74.09911460876465,73.55517776489258,1.0031644045627752,1.0097542974583984,1.0065691055879276,68.39873270693602,-0.0013441194815471038,74.8218994140625,2021,74.22281195371205,74.22281195371205,0.0915,0.0354416666666667,74.83270833704044,,,,,,,,
2021-07-09,74.72139739990234,-0.0013432165575479882,0.0023663456340456968,0.007158582890172349,0.023408368851064676,0.0032682305892553355,0.0025853779287634718,74.62115936279297,74.18456954956055,73.56748977661132,1.0013432924115,1.0072363815494427,1.0058851836154519,68.82223636833834,-0.0030948762430258094,74.72139739990234,2021,74.22281195371205,74.22281195371205,0.0915,0.0354416666666667,74.73219180415597,,,,,,,,
2021-07-12,74.4905014038086,-0.003090092050313409,0.00011687606363874892,0.0037392906481443777,0.017190714657494333,0.0036293632535981126,0.00271270432307567,74.622900390625,74.24751472473145,73.5754037475586,0.9982257593027964,1.003272657407834,1.00505586843257,60.11511728931364,0.0006871114759268984,74.4905014038086,2021,74.22281195371205,74.22281195371205,0.0915,0.0354416666666667,74.50126245235946,,,,,,,,
2021-07-13,74.54170227050781,0.0006873475910931237,0.003012734957036578,0.0034502321928004953,0.0185964194573911,0.003408767024522025,0.002688650622277184,74.66768035888671,74.31555976867676,73.58948776245117,0.9983128163648128,1.0030430034105235,1.0047381812275384,56.50433464399072,0.0015737334226090186,74.54170227050781,2021,74.22281195371205,74.22281195371205,0.0915,0.0354416666666667,74.55247071563947,,,,,,,,
2021-07-14,74.65910339355469,0.0015749723909017632,-0.0013883612163819725,0.005000911982963263,0.017920853904800138,0.0019070079278670862,0.0026756222932296635,74.64692077636718,74.38127975463867,73.60709182739258,1.0001632032113421,1.003735128513955,1.0035713424480566,62.54726007673086,-0.002548177188216032,74.65910339355469,2021,74.22281195371205,74.22281195371205,0.0915,0.0354416666666667,74.66988879869012,,,,,,,,
2021-07-15,74.46910095214844,-0.0025449333406092345,-0.004715176501490337,0.0013190457568745817,0.008737042530429173,0.002020803432569093,0.002426290715740402,74.57636108398438,74.41352996826171,73.62048583984375,0.998561740875032,1.0007467860201018,1.0021881923326594,57.84915565140066,0.0009113937540303885,74.46910095214844,2021,74.22281195371205,74.22281195371205,0.0915,0.0354416666666667,74.47985890914676,,,,,,,,
2021-07-16,74.53700256347656,0.0009118091995197197,-0.0024677648283116804,-0.00010725877879325108,0.0038126475259916415,0.0021563008438221084,0.0020759413539704146,74.53948211669922,74.42768516540528,73.63892196655273,0.999966735035551,1.001468773317729,1.0015020882490901,58.89538683244801,0.0012709794486078707,74.53700256347656,2021,74.22281195371205,74.22281195371205,0.0915,0.0354416666666667,74.54777032967904,,,,,,,,
2021-07-19,74.63179779052734,0.0012717874852836708,0.0018968376377652696,0.002013935396320443,0.006580444154769882,0.0016700121522006805,0.0020502363941258413,74.56774139404297,74.45208015441895,73.665751953125,1.0008590362975576,1.0024138699111649,1.001553499101491,59.39464416515272,0.004833457080032048,74.63179779052734,2021,74.22281195371205,74.22281195371205,0.0915,0.0354416666666667,74.64257925104012,,,,,,,,
2021-07-20,74.99340057373047,0.004845157076586171,0.006059672498267776,0.009090663642468133,0.011576148272999243,0.0026239195964298787,0.0022805960919000494,74.6580810546875,74.49499015808105,73.69561996459962,1.0044914028636411,1.0066905226055036,1.0021892867729811,66.01916530159204,-0.006238635745685,74.99340057373047,2021,74.22281195371205,74.22281195371205,0.0915,0.0354416666666667,75.00423427211294,,,,,,,,
2021-07-21,74.5270004272461,-0.00621921586321228,-0.0017694153867912066,-0.003155320015474583,0.002620685691177238,0.004197540908493293,0.0026829126785685863,74.63166046142578,74.50473022460938,73.71865798950195,0.9985976456435164,1.0002989099157809,1.0017036533980292,53.01621768338197,-0.0011653522478344647,74.5270004272461,2021,74.22281195371205,74.22281195371205,0.0915,0.0354416666666667,74.53776674851973,,,,,,,,
2021-07-22,74.44020080566406,-0.001164673488593837,-0.0003880823873910755,-0.005101429011927783,0.0026034532542651423,0.004059996076093987,0.0026833470779455237,74.62588043212891,74.51439514160157,73.73382995605469,0.9975118601564277,0.9990042952667533,1.0014961577600607,47.90304162773799,0.00015853984325474643,74.44020080566406,2021,74.22281195371205,74.22281195371205,0.0915,0.0354416666666667,74.45095458768874,,,,,,,,
2021-07-23,74.4520034790039,0.00015855241135986908,-0.0011403609153758376,-0.00360531160112898,0.0035274623671017746,0.0040282605714797165,0.0026750550735926176,74.60888061523437,74.52748031616211,73.75397201538085,0.997897339633877,0.9989872616538488,1.001092218584701,49.39133687672428,-4.170778735719779e-05,74.4520034790039,2021,74.22281195371205,74.22281195371205,0.0915,0.0354416666666667,74.46275896606666,,,,,,,,
2021-07-26,74.44889831542969,-4.1706917599526605e-05,-0.002450690999177163,-0.0005585019243377065,0.0031787003227841115,0.003948557603820013,0.0026753195697185564,74.57230072021484,74.53927536010742,73.77737197875976,0.9983451978336012,0.9987875245064952,1.0004430598492924,52.86672872934998,-0.0021433739449136587,74.44889831542969,2021,74.22281195371205,74.22281195371205,0.0915,0.0354416666666667,74.45965335391423,,,,,,,,
2021-07-27,74.28949737548828,-0.0021410785592292925,-0.009386201890526857,-0.003383406701718328,5.515195235861192e-05,0.0025953637767899104,0.0027159032184454466,74.4315200805664,74.53948020935059,73.79776794433593,0.9980919010531507,0.9966463029637421,0.9985516382931439,38.16968541468064,0.0028603622805448412,74.28949737548828,2021,74.22281195371205,74.22281195371205,0.0915,0.0354416666666667,74.30022938659052,,,,,,,,
2021-07-28,74.5022964477539,0.0028644570199480857,-0.00033147690569279575,-0.0021003057721467044,0.002890102766512692,0.0018809319887386025,0.002790146117839902,74.42657928466797,74.55021514892579,73.82524993896484,1.0010173403616514,0.9993572292034818,0.9983415760234784,42.583274612353,-0.0015084337140081204,74.5022964477539,2021,74.22281195371205,74.22281195371205,0.0915,0.0354416666666667,74.51305920024069,,,,,,,,
2021-07-29,74.38999938964844,-0.0015072965996990595,-0.0006743858220732424,-0.0010622064922044538,0.0002554381657036142,0.0019364371669840551,0.00280373325346692,74.41653900146484,74.55116500854493,73.84859191894532,0.9996433640670136,0.9978381877885072,0.9981941797010864,42.35142892359705,-0.001856817447523463,74.38999938964844,2021,74.22281195371205,74.22281195371205,0.0915,0.0354416666666667,74.40074591947499,,,,,,,,
2021-07-30,74.25199890136719,-0.0018550946284918712,-0.0026863558842056268,-0.003823653384326331,-0.0039305020427270465,0.0020656196647153065,0.0027775791874194654,74.3765380859375,74.53651504516601,73.87319396972656,0.9983255581965053,0.9961828622705741,0.9978537102367668,44.248819813157006,0.0017102493084359982,74.25199890136719,2021,74.22281195371205,74.22281195371205,0.0915,0.0354416666666667,74.26272549536398,,,,,,,,
2021-08-02,74.37909698486328,0.0017117126188741505,-0.0009375737203076717,-0.003385967016007463,-0.0013788507385112947,0.0023054627253839854,0.002804664427655689,74.36257781982422,74.53138008117676,73.9025799560547,1.0002221435233065,0.99795679221091,0.9977351518089604,46.21743744830989,-0.0006333925946195697,74.37909698486328,2021,74.22281195371205,74.22281195371205,0.0915,0.0354416666666667,74.38984193970637,,,,,,,,
2021-08-03,74.33200073242188,-0.0006331920438747973,0.0005721314376212483,-0.008819440594087125,0.00019104848042550415,0.0020725533339000014,0.0027634019096869746,74.37107849121094,74.53208999633789,73.93248794555664,0.9994745570511838,0.9973153944304279,0.9978397022660325,42.13355742132457,-0.0015833370624558911,74.33200073242188,2021,74.22281195371205,74.22281195371205,0.0915,0.0354416666666667,74.34273888364505,,,,,,,,
2021-08-04,74.21440124511719,-0.0015820842456268913,-0.0038642460214446395,-0.004194442018823352,-0.007336527227442158,0.0014627098548998013,0.0023958091178880275,74.3134994506836,74.50466499328613,73.96067794799805,0.9986664844705346,0.9961040862582887,0.9974341802272414,43.65376280311153,-0.0004097502097725738,74.21440124511719,2021,74.22281195371205,74.22281195371205,0.0915,0.0354416666666667,74.22512240768049,,,,,,,,
2021-08-05,74.18399810791016,-0.00040966627362004626,-0.002769206659880008,-0.0034417249682433537,-0.008525596264567059,0.0014062682143437702,0.002380350663669455,74.27229919433594,74.47276992797852,73.99090789794921,0.9988111168311251,0.9961224509260549,0.9973081337804885,41.036856807448075,-0.0013758702922626789,74.18399810791016,2021,74.22281195371205,74.22281195371205,0.0915,0.0354416666666667,74.19471487837474,,,,,,,,
2021-08-06,74.08200073242188,-0.0013749242166742892,-0.0022894759933820286,-0.0049696815302811,-0.008557075880935017,0.0013081471609503914,0.0023810046529951574,74.23829956054688,74.4408000946045,74.01888793945312,0.9978946335105975,0.9951800711205866,0.9972797104034311,36.09096278339014,0.005511107230748939,74.08200073242188,2021,74.22281195371205,74.22281195371205,0.0915,0.0354416666666667,74.09270276813922,,,,,,,,
2021-08-09,74.49140167236328,0.005526321318185312,0.0015098958182142574,0.00057090645926694,1.2085682573159673e-05,0.00295957684485053,0.0026392856205853022,74.26076049804688,74.44084510803222,74.06084594726562,1.0031058283374632,1.0006791508647932,0.9975808360353244,37.60006935126415,-0.00033834983636551455,74.49140167236328,2021,74.22281195371205,74.22281195371205,0.0915,0.0354416666666667,74.50216285096876,,,,,,,,
2021-08-10,74.46620178222656,-0.0003382926025148336,0.0018054276554155813,0.002378592034956828,-0.0010128624109932982,0.0029390660400217174,0.0026352685588449617,74.28760070800782,74.43707008361817,74.10042602539062,1.0024041841776632,1.0003913600921648,0.9979920035078967,48.07963872435381,-0.0004123617585938,74.46620178222656,2021,74.22281195371205,74.22281195371205,0.0915,0.0354416666666667,74.47695932040493,,,,,,,,
2021-08-11,74.43550109863281,-0.00041227674916910484,0.0029792041680074544,-0.0008965542312905361,-0.0029949769654101788,0.0027880761725893118,0.0026082043979378335,74.33182067871094,74.42588996887207,74.13203598022461,1.0013948322397486,1.0001291369141136,0.9987360676479586,49.846103110915685,-0.004477018853572552,74.43550109863281,2021,74.22281195371205,74.22281195371205,0.0915,0.0354416666666667,74.44625420172831,,,,,,,,
2021-08-12,74.10299682617188,-0.0044670119439425005,-0.0010918969562742076,-0.0038580799278310485,-0.0049161883424886366,0.0036208391249963386,0.002733617263961893,74.31562042236328,74.40758476257324,74.15479385375977,0.9971389111066693,0.9959064934391666,0.9987640461586893,40.55514950303301,0.002117838638761687,74.10299682617188,2021,74.22281195371205,74.22281195371205,0.0915,0.0354416666666667,74.1137018950274,,,,,,,,
2021-08-13,74.26010131835938,0.002120082843019455,0.00240410064761587,0.00010912052351552681,-0.0037149500998698848,0.0036774227449658994,0.002773538371549031,74.35124053955079,74.39373970031738,74.17911193847657,0.9987742071210912,0.9982036340356548,0.9994287266517613,45.28385311449415,-0.0005833155880030113,74.26010131835938,2021,74.22281195371205,74.22281195371205,0.0915,0.0354416666666667,74.27082908284773,,,,,,,,
2021-08-16,74.216796875,-0.0005831454925401269,-0.0036863958953421427,-0.002182066150874462,-0.0055606447628683275,0.0023645291109802473,0.0027532908684579564,74.29631958007812,74.37298965454102,74.20525390625,0.9989296548533281,0.9978998722484261,0.9989691139912618,48.072121940462175,-0.0011027132478752314,74.216796875,2021,74.22281195371205,74.22281195371205,0.0915,0.0354416666666667,74.22751838364084,,,,,,,,
2021-08-17,74.13500213623047,-0.0011021054830390176,-0.00444765058602925,-0.0026502528419832805,-0.011446319688571238,0.002357062523176833,0.0024786370609426937,74.2300796508789,74.33006973266602,74.2317658996582,0.998719151116426,0.9973756570236363,0.9986547828873734,39.532800500943615,0.0030909194076816503,74.13500213623047,2021,74.22281195371205,74.22281195371205,0.0915,0.0354416666666667,74.14571182863784,,,,,,,,
2021-08-18,74.364501953125,0.0030957012245416138,-0.0009538344534516519,0.002022528046976335,-0.002180397348471419,0.0029753827347670458,0.002223814920483317,74.21587982177735,74.32194480895996,74.25954986572266,1.0020025651074211,1.0005726053627153,0.9985728981197244,49.3188710624144,-0.001274318067690888,74.364501953125,2021,74.22281195371205,74.22281195371205,0.0915,0.0354416666666667,74.37524479954028,,,,,,,,
2021-08-19,74.2697982788086,-0.0012735064692035447,0.002250940714692007,0.001156585963102641,-0.002289119655927929,0.0020146834358048303,0.002226671124948246,74.24924011230469,74.31342468261718,74.28523986816407,1.0002768804969964,0.9994129404748212,0.9991362991197538,50.48674541941891,0.002145274407212764,74.2697982788086,2021,74.22281195371205,74.22281195371205,0.0915,0.0354416666666667,74.28052744413947,,,,,,,,
2021-08-20,74.4292984008789,0.00214757715473457,0.002278438616642564,0.004688016860012301,-0.0003049626210717138,0.0020204059255169533,0.00228310507600097,74.2830795288086,74.31228942871094,74.31357986450195,1.0019684007851828,1.00157455749335,0.999606930426624,51.34891348913489,-0.0017185414451368073,74.4292984008789,2021,74.22281195371205,74.22281195371205,0.0915,0.0354416666666667,74.44005060792013,,,,,,,,
2021-08-23,74.30149841308594,-0.0017170655983431704,0.0011412718097845165,-0.0025493312652726807,-0.0019798802356918443,0.0022201039809900216,0.0023147380207758955,74.30001983642578,74.30491943359375,74.33497787475586,1.000019900084326,0.9999539597036927,0.9999340609315598,49.214470406086186,-0.002635918399774443,74.30149841308594,2021,74.22281195371205,74.22281195371205,0.0915,0.0354416666666667,74.31223215788235,,,,,,,,
2021-08-24,74.10590362548828,-0.002632447417281303,-0.0003925070466540559,-0.004838411898487327,-0.0024713284715340844,0.0025331070568861075,0.0023400499541794133,74.29420013427735,74.29573974609374,74.3534799194336,0.9974655288239359,0.9974448585981615,0.9999792772530207,47.31376156493554,0.0005247146045596428,74.10590362548828,2021,74.22281195371205,74.22281195371205,0.0915,0.0354416666666667,74.11660911426593,,,,,,,,
2021-08-25,74.1447982788086,0.0005248522913487985,-0.002954415998844384,-0.0039054324285264785,-0.004798485227848204,0.0019135225141601905,0.0022392526694769983,74.25025939941406,74.27786483764649,74.36948181152344,0.9985796531694501,0.9982085301034332,0.9996283490607496,49.033534727290515,-0.0006044030823685953,74.1447982788086,2021,74.22281195371205,74.22281195371205,0.0915,0.0354416666666667,74.15550938638656,,,,,,,,
2021-08-26,74.0999984741211,-0.0006042204676184326,-0.00228625644101077,-4.046195402618302e-05,-0.003898385776404445,0.001876823379312319,0.002221346109982893,74.21629943847657,74.26336479187012,74.37499984741211,0.9984329457917545,0.997800176194455,0.9993662372621351,50.456609514666084,0.0007554467915978193,74.0999984741211,2021,74.22281195371205,74.22281195371205,0.0915,0.0354416666666667,74.11070310982862,,,,,,,,
2021-08-27,74.15599822998047,0.0007557322133944222,-0.003671943398235955,-0.001401871079230066,-0.0012929035286206592,0.0014483932882420852,0.002195085285216194,74.16163940429688,74.25856475830078,74.37304183959961,0.9999239340666991,0.9986187919379516,0.9986947585868462,39.63140813977622,-0.008931848727972003,74.15599822998047,2021,74.22281195371205,74.22281195371205,0.0915,0.0354416666666667,74.16671095552603,,,,,,,,
2021-08-30,73.49659729003906,-0.008892078263128544,-0.010832905664593162,-0.009703997144661747,-0.011864888531838647,0.003989799384498263,0.002908638273236951,74.0006591796875,74.21443977355958,74.36009582519532,0.9931884135190676,0.9903274553346927,0.9971194204992404,28.46856554238586,-0.001162577117392896,73.49659729003906,2021,74.22281195371205,74.22281195371205,0.0915,0.0354416666666667,73.50721475719067,,,,,,,,
2021-08-31,73.41120147705078,-0.0011619015864269278,-0.009374450812290713,-0.009763278320942481,-0.01238765600680869,0.004001337868407876,0.0029114280144714685,73.86171875,74.16839981079102,74.34561584472657,0.9939005308761623,0.9897908228346317,0.9958650710872368,27.79341760092096,-0.005662346337627484,73.41120147705078,2021,74.22281195371205,74.22281195371205,0.0915,0.0354416666666667,73.42180660775045,,,,,,,,
2021-09-01,72.99669647216797,-0.005646345469667802,-0.015484590062857628,-0.018393258141084723,-0.016407930974573937,0.004027511053382407,0.0031167832774042416,73.63209838867188,74.10751457214356,74.31890579223632,0.9913705852419159,0.9850107225105463,0.9935847776542437,26.83914783780935,-0.00015887843564918152,72.99669647216797,2021,74.22281195371205,74.22281195371205,0.0915,0.0354416666666667,73.00724172263597,,,,,,,,
2021-09-02,72.98509979248047,-0.00015886581513890885,-0.01504586645882311,-0.017297724190731834,-0.016161144532621963,0.004101029247246725,0.0031190342902566916,73.40911865234375,74.04756965637208,74.29366973876954,0.9942238938752094,0.9856515228140215,0.9913778263487762,21.575550997220773,0.0009476704839009717,72.98509979248047,2021,74.22281195371205,74.22281195371205,0.0915,0.0354416666666667,72.99564336766865,,,,,,,,
2021-09-03,73.0542984008789,0.0009481196654548274,-0.014856516740356596,-0.018473907850027005,-0.013872496981486071,0.004145975369983878,0.003140061427726499,73.18877868652343,73.99618453979492,74.27094970703125,0.9981625559538229,0.9872711526307214,0.9890885474934553,24.37945796523418,-0.0008188933925821964,73.0542984008789,2021,74.22281195371205,74.22281195371205,0.0915,0.0354416666666667,73.06485197263807,,,,,,,,
2021-09-06,72.99449920654297,-0.0008185581908923822,-0.0068315827127978235,-0.017590482486323333,-0.02009496978462244,0.0025236391084143854,0.0027782592138506017,73.08835906982422,73.92133941650391,74.24657974243163,0.9987158028381566,0.987461804435946,0.9887315306614464,24.618137857497004,0.001581079679466809,72.99449920654297,2021,74.22281195371205,74.22281195371205,0.0915,0.0354416666666667,73.00504413958953,,,,,,,,
2021-09-07,73.11000061035156,0.0015823302449375909,-0.0041029278998161445,-0.013438916016323743,-0.018212304903654886,0.002856052341662203,0.00283533468511626,73.02811889648437,73.85352935791016,74.22307174682618,1.0011212354241694,0.9899323870636527,0.9888236829221029,20.58876137599451,0.003828023285660177,73.11000061035156,2021,74.22281195371205,74.22281195371205,0.0915,0.0354416666666667,73.12056222896462,,,,,,,,
2021-09-08,73.3904037475586,0.00383535952490921,0.005393494423966638,-0.010174611689052426,-0.014040307859140788,0.001802846287235838,0.003027525738215858,73.1068603515625,73.80127449035645,74.20512786865234,1.0038784786356925,0.9944327419054051,0.9905907568183706,31.03436928220721,0.005416500919139371,73.3904037475586,2021,74.22281195371205,74.22281195371205,0.0915,0.0354416666666667,73.40100587377619,,,,,,,,
2021-09-09,73.78900146484375,0.005431196681465522,0.011014599892978483,-0.004196990764931741,-0.004237282900510508,0.0024584219390590936,0.003184682173955334,73.26764068603515,73.78557472229004,74.1934878540039,1.0071158395974933,1.000046441903673,0.9929805515752332,37.481914592127445,-0.0034073820495040892,73.78900146484375,2021,74.22281195371205,74.22281195371205,0.0915,0.0354416666666667,73.79966117329407,,,,,,,,
2021-09-10,73.53800201416016,-0.003401583511103312,0.006621151990632734,-0.008333732005113337,-0.009723920266463404,0.0035413417509005786,0.0032115112934246394,73.3643814086914,73.74946975708008,74.1733479309082,1.0023665517535214,0.9971326201582673,0.9947784255309617,35.759314441190455,-0.00018634813225917358,73.53800201416016,2021,74.22281195371205,74.22281195371205,0.0915,0.0354416666666667,73.54862546272199,,,,,,,,
2021-09-13,73.52429962158203,-0.00018633077052443436,0.00725808685309226,0.000376919919620855,-0.009330734854864575,0.0034558933451202343,0.0032120893027263687,73.47034149169922,73.71484489440918,74.15419799804687,1.0007344205673647,0.9974151031166097,0.9966831185352123,38.3623084861475,0.00022442279314649182,73.52429962158203,2021,74.22281195371205,74.22281195371205,0.0915,0.0354416666666667,73.5349210906685,,,,,,,,
2021-09-14,73.54080200195312,0.00022444797782550374,0.00589250975249711,0.0017654053100173428,-0.008015109154316136,0.003496228411885697,0.003211909200531697,73.55650177001954,73.68513488769531,74.13865798950195,0.9997865617900713,0.9980412211233356,0.9982542867313492,37.80496446253238,0.0014946590346417213,73.54080200195312,2021,74.22281195371205,74.22281195371205,0.0915,0.0354416666666667,73.55142585500685,,,,,,,,
2021-09-15,73.65080261230469,0.0014957765941774337,0.0035481323367805295,0.008960763592721133,-0.009597312186265805,0.0031957548035864533,0.0031394375392267606,73.60858154296875,73.64944992065429,74.116416015625,1.000573588954588,1.0000183666225866,0.9994450959548297,41.16313904656698,-0.00289347947405309,73.65080261230469,2021,74.22281195371205,74.22281195371205,0.0915,0.0354416666666667,73.66144235626915,,,,,,,,
2021-09-16,73.43800354003906,-0.002889297396876933,-0.0047567783522849405,0.006205427530363572,-0.01119963643427413,0.0021044873624476825,0.003181511530009992,73.53838195800782,73.60786018371581,74.08873809814453,0.9986350200358491,0.9976924116085862,0.9990561031724793,36.69592999420388,0.0017264930812991527,73.43800354003906,2021,74.22281195371205,74.22281195371205,0.0915,0.0354416666666667,73.44861254261899,,,,,,,,
2021-09-17,73.56490325927734,0.0017279843285649132,0.0003658141964750783,0.006989388298502819,-0.011613640866878772,0.0018458500533157745,0.0031640657708581284,73.54376220703125,73.56464042663575,74.06560821533203,1.0002874622076932,1.0000035728121563,0.9997161921884833,51.57684869790657,0.001781803758709996,73.56490325927734,2021,74.22281195371205,74.22281195371205,0.0915,0.0354416666666667,73.57553059404746,,,,,,,,
2021-09-20,73.69609832763672,0.00178339211426648,0.0023366248565290793,0.009611671135773214,-0.008147885283328216,0.001981470665143263,0.003194477044754144,73.57812194824218,73.53437042236328,74.0497201538086,1.001603416562841,1.0021993511924359,1.0005949806278018,56.44067445807404,-0.0005035692374564825,73.69609832763672,2021,74.22281195371205,74.22281195371205,0.0915,0.0354416666666667,73.70674461511187,,,,,,,,
2021-09-21,73.65899658203125,-0.0005034424677480276,0.001607197322582632,0.007509177500977238,-0.006030653721133761,0.002030024179682434,0.003151497429385405,73.60176086425781,73.51202507019043,74.03206604003907,1.0007776406039932,1.0019992853101312,1.0012206954437957,68.05323905583862,0.001813545416492346,73.65899658203125,2021,74.22281195371205,74.22281195371205,0.0915,0.0354416666666667,73.66963750971316,,,,,,,,
2021-09-22,73.7927017211914,0.0018151908845411846,0.0019266471491650172,0.00548161548499726,-0.004748769513043816,0.002080558293770668,0.0031822797073679443,73.63014068603516,73.49442024230957,74.0147380065918,1.0022078055758363,1.0040585595191909,1.0018466768399306,70.63994072456421,0.001113299109030734,73.7927017211914,2021,74.22281195371205,74.22281195371205,0.0915,0.0354416666666667,73.80336196418824,,,,,,,,
2021-09-23,73.8749008178711,0.0011139190565248036,0.00594919873596278,0.0011641213639173031,-0.0030377552076281678,0.0009881683954011961,0.003194901334965251,73.71752014160157,73.48316535949706,74.00285400390625,1.0021349154986117,1.0053309551440466,1.0031892309069428,70.83375301200152,-0.00047259255907421464,73.8749008178711,2021,74.22281195371205,74.22281195371205,0.0915,0.0354416666666667,73.88557293551575,,,,,,,,
2021-09-24,73.83999633789062,-0.0004724809048004541,0.0037394608899807835,0.004106643034336388,-0.004261312633265679,0.0011619498180046647,0.0031884287070646166,73.77253875732421,73.46736526489258,73.98891387939453,1.0009143996086174,1.0050720625634864,1.0041538646626473,71.74060603207113,-0.0003670718414856908,73.83999633789062,2021,74.22281195371205,74.22281195371205,0.0915,0.0354416666666667,73.85066341316349,,,,,,,,
2021-09-27,73.81289672851562,-0.0003670044788598448,0.0015848654613932478,0.00392519355395371,0.004303592957213498,0.0010774882480492085,0.00245104621053029,73.7958984375,73.48318023681641,73.9725358581543,1.0002303419482048,1.004486965461166,1.0042556432598015,68.93466072573618,0.00016805129882951146,73.81289672851562,2021,74.22281195371205,74.22281195371205,0.0915,0.0354416666666667,73.82355988892408,,,,,,,,
2021-09-28,73.82530212402344,0.00016806542024006,0.0022577763709688004,0.0038686023856899787,0.005640837346901462,0.0009877344383945755,0.0024295973661494583,73.82915954589843,73.50388526916504,73.94917388916015,0.9999477520548964,1.0043727872843917,1.0044252664405735,63.69230917048189,0.004567892667231476,73.82530212402344,2021,74.22281195371205,74.22281195371205,0.0915,0.0354416666666667,73.83596707654043,,,,,,,,
2021-09-29,74.16329956054688,0.004578341392434959,0.005022147593344517,0.006958470648853021,0.015981587452025492,0.00209442320295531,0.002178835611562934,73.90327911376953,73.56221542358398,73.94189987182617,1.0035183884923031,1.0081710988923016,1.0046363977515038,62.251890477189406,0.002137573187947054,74.16329956054688,2021,74.22281195371205,74.22281195371205,0.0915,0.0354416666666667,74.17401334085743,,,,,,,,
2021-09-30,74.3219985961914,0.0021398594262243,0.00605209311106325,0.012037296951712184,0.018317421055971117,0.002157178307755975,0.0021864684307451258,73.9926986694336,73.62906036376953,73.93953582763672,1.0044504381199688,1.0094112056978368,1.0049387878083393,77.31293457228519,-0.0009099216277477999,74.3219985961914,2021,74.22281195371205,74.22281195371205,0.0915,0.0354416666666667,74.33273530248574,,,,,,,,
2021-10-01,74.25440216064453,-0.0009095077745976399,0.005612213479231354,0.009372661022023943,0.016427558487799976,0.002249248929047491,0.0022239111834750744,74.07557983398438,73.6890655517578,73.93558380126953,1.0024140523376384,1.0076719199063482,1.0052452053684287,74.51480684496362,-0.001378680398146549,74.25440216064453,2021,74.22281195371205,74.22281195371205,0.0915,0.0354416666666667,74.26512910182102,,,,,,,,
2021-10-04,74.152099609375,-0.001377730454932613,0.004595441933500588,0.006187590552094058,0.015858734773376737,0.0024527325642777816,0.0022489345290514985,74.14342041015625,73.74694557189942,73.92964782714844,1.0001170596011182,1.0054938416002677,1.0053761526688627,69.40743898539912,0.0056574413207750324,74.152099609375,2021,74.22281195371205,74.22281195371205,0.0915,0.0354416666666667,74.16281177171794,,,,,,,,
2021-10-05,74.57279968261719,0.005673474863940209,0.010125221801842166,0.01240585865934607,0.020008193955048492,0.0031636189582245127,0.002497206868193834,74.292919921875,73.8200855255127,73.93531387329102,1.0037672467448648,1.0101966036986554,1.0064052268836627,74.44831074246409,-0.0001287117561344703,74.57279968261719,2021,74.22281195371205,74.22281195371205,0.0915,0.0354416666666667,74.58357262014393,,,,,,,,
2021-10-06,74.56320190429688,-0.00012870347313176378,0.005392186514348918,0.010441414464219312,0.015980265768428925,0.0029018466633135235,0.0024158043621210963,74.372900390625,73.87872543334962,73.93653198242187,1.0025587480476406,1.0092648657232828,1.0066890022043113,83.44020388543235,0.00263589771120627,74.56320190429688,2021,74.22281195371205,74.22281195371205,0.0915,0.0354416666666667,74.57397345530913,,,,,,,,
2021-10-07,74.76000213623047,0.0026393747439412696,0.00589332295029954,0.01198108300059153,0.01315915179919247,0.0029555803865183054,0.0022053539495851897,74.46050109863282,73.92727546691894,73.94393203735352,1.0040222807149917,1.0112641330828451,1.0072128402994167,84.1007845766682,0.0009358873999206891,74.76000213623047,2021,74.22281195371205,74.22281195371205,0.0915,0.0354416666666667,74.77080211740243,,,,,,,,
2021-10-08,74.83000183105469,0.0009363254791869835,0.00775172452624262,0.013407442338347453,0.01756914495237094,0.0027366046085006844,0.0019878609996696805,74.57562103271485,73.99187545776367,73.95549209594726,1.0034110449878553,1.011327275705688,1.007889319892755,83.52544697437934,0.00633827698950798,74.83000183105469,2021,74.22281195371205,74.22281195371205,0.0915,0.0354416666666667,74.84081192452419,,,,,,,,
2021-10-11,75.30580139160156,0.006358406373169645,0.015558585506062927,0.02022552601582417,0.024230108674120565,0.002852984617733961,0.002315905813957111,74.80636138916016,74.08095054626465,73.97402618408204,1.0066764375805315,1.0165339515260672,1.009792137351727,88.66090171157552,0.0012846233946888549,75.30580139160156,2021,74.22281195371205,74.22281195371205,0.0915,0.0354416666666667,75.31668022003828,,,,,,,,
2021-10-12,75.40260314941406,0.0012854488767619632,0.011127428101513237,0.02136531758096738,0.025316573885222127,0.002516936621679063,0.002304499152117577,74.97232208251953,74.17404060363769,73.99543823242188,1.005739198879567,1.0165632414761037,1.0107622757555785,88.4609636156182,0.0010776157340776108,75.40260314941406,2021,74.22281195371205,74.22281195371205,0.0915,0.0354416666666667,75.41349596202856,,,,,,,,
2021-10-13,75.48390197753906,0.0010781965705335406,0.012347914919532688,0.017806683694191028,0.02488906162888327,0.002282557865785205,0.002304078949566824,75.15646209716797,74.26569557189941,74.02082824707031,1.0043567761338705,1.016403352803183,1.0119943201017512,88.45599792854199,-0.0023556538590726347,75.48390197753906,2021,74.22281195371205,74.22281195371205,0.0915,0.0354416666666667,75.49480653474677,,,,,,,,
2021-10-14,75.3062973022461,-0.002352881483866809,0.007307318758768222,0.013243706098413854,0.025440421473173824,0.003121815222072314,0.0022561983146645657,75.26572113037109,74.35911026000977,74.04327423095702,1.0005391056016686,1.0127380093565443,1.0121923308010436,82.8075122820554,-0.0041422795501380736,75.3062973022461,2021,74.22281195371205,74.22281195371205,0.0915,0.0354416666666667,75.31717620232305,,,,,,,,
2021-10-15,74.99500274658203,-0.004133712143815305,0.002205010176264288,0.009973827333970897,0.019439969658688216,0.004027045783342805,0.0025532771563835993,75.29872131347656,74.430615234375,74.06153427124023,0.9959664844024361,1.007582733401166,1.01166329307326,73.4647455604455,0.00014526280029363158,74.99500274658203,2021,74.22281195371205,74.22281195371205,0.0915,0.0354416666666667,75.00583667641764,,,,,,,,
2021-10-18,75.00589752197266,0.00014527335144509657,-0.003982480288196699,0.011514143457776127,0.017772978815145057,0.0023608917257155818,0.002551957902811564,75.23874053955078,74.4961051940918,74.07182418823243,0.9969052775749785,1.0068432077966043,1.009968780831214,73.44882242945336,0.0030564037191105433,75.00589752197266,2021,74.22281195371205,74.22281195371205,0.0915,0.0354416666666667,75.01673302568956,,,,,,,,
2021-10-19,75.2354965209961,0.0030610792832146405,-0.0022161917684305754,0.00888657581852037,0.021402680081436642,0.002837589029739974,0.002574310274879851,75.20531921386718,74.57493019104004,74.08721008300782,1.0004012655945664,1.0088577532458143,1.00845309571477,72.25408628951294,-0.0015349560127011243,75.2354965209961,2021,74.22281195371205,74.22281195371205,0.0915,0.0354416666666667,75.24636519304894,,,,,,,,
2021-10-20,75.12010192871094,-0.0015337785702385087,-0.0048195713164957965,0.0074688319464721875,0.01798823158060814,0.0027263738702370923,0.00263106989037998,75.13255920410157,74.64130020141602,74.10090209960937,0.999834196045994,1.0064147023967012,1.006581597605614,66.86833830524873,-0.004147366865675409,75.12010192871094,2021,74.22281195371205,74.22281195371205,0.0915,0.0354416666666667,75.13095393062751,,,,,,,,
2021-10-21,74.80919647216797,-0.004138778416967748,-0.006601052606304392,0.0006580301569261149,0.012646997071444677,0.003051600840058502,0.002860258886878319,75.03313903808593,74.68801498413086,74.11502609252929,0.9970154178701721,1.0016225024599041,1.004620875973587,60.632343566319456,0.0007510392898214206,74.80919647216797,2021,74.22281195371205,74.22281195371205,0.0915,0.0354416666666667,74.82000356005322,,,,,,,,
2021-10-22,74.86540222167969,0.0007513213904473126,-0.0017281221435551108,0.00047307750579683727,0.013886862603524897,0.0026855908720917793,0.0028484425827003776,75.00721893310546,74.73928527832031,74.12713211059571,0.998109292499536,1.0016874250655425,1.0035849105833352,63.91594527333563,0.0017122207391962346,74.86540222167969,2021,74.22281195371205,74.22281195371205,0.0915,0.0354416666666667,74.87621742916124,,,,,,,,
2021-10-25,74.99369812011719,0.0017136874261038937,-0.00016264590196912732,-0.0041444784560672465,0.015997223302921748,0.002843812918624362,0.002845660478656257,75.00477905273438,74.79832534790039,74.14267013549805,0.9998522636456352,1.0026119939358011,1.002760138062901,59.26887949515789,0.0012819395569769506,74.99369812011719,2021,74.22281195371205,74.22281195371205,0.0915,0.0354416666666667,75.00453186148381,,,,,,,,
2021-10-26,75.08989715576172,0.0012827615927200053,-0.0019352482799623871,-0.004147151167085084,0.017129561212141153,0.0024437516518177943,0.0028435951281260276,74.9756591796875,74.8615550994873,74.16176803588867,1.0015236675118846,1.003050191195881,1.001524201307982,61.17255598820517,-0.0026803324477343167,75.08989715576172,2021,74.22281195371205,74.22281195371205,0.0915,0.0354416666666667,75.10074479423568,,,,,,,,
2021-10-27,74.88890075683594,-0.0026767435639024617,-0.0030777537029224034,-0.007882491565952332,0.009783831094201556,0.002624828979216042,0.0028059136492235314,74.9294189453125,74.89783515930176,74.17225601196289,0.9994592485962538,0.9998807121401196,1.0004216915741766,52.72941108048814,0.002148906692320217,74.88890075683594,2021,74.22281195371205,74.22281195371205,0.0915,0.0354416666666667,74.89971935896342,,,,,,,,
2021-10-28,75.05000305175781,0.0021512172470654622,0.0032189435383045417,-0.0034033574836328517,0.00979527554852,0.0019276155012480673,0.002806266124861363,74.97758026123047,74.93423538208008,74.18786010742187,1.0009659259511312,1.001544923613185,1.0005784389328773,54.48544051767048,-0.003374106654122878,75.05000305175781,2021,74.22281195371205,74.22281195371205,0.0915,0.0354416666666667,75.06084492704879,,,,,,,,
2021-10-29,74.79720306396484,-0.003368420753009471,-0.000910956939934704,-0.0026375048386301225,0.007310016477487746,0.0026248834006530716,0.002922328010042697,74.9639404296875,74.9613754272461,74.1952182006836,0.9977757657246014,0.9978099072709706,1.0000342176544492,38.59334521972137,0.0017511501777276333,74.79720306396484,2021,74.22281195371205,74.22281195371205,0.0915,0.0354416666666667,74.80800841925809,,,,,,,,
2021-11-01,74.92829895019531,0.0017526843365835987,-0.0008720622073754569,-0.0010345662720002702,0.010467665041303587,0.0026319633814925227,0.0029076849050887056,74.95086059570312,75.00018539428712,74.20775421142578,0.9996989808345296,0.9990415164480743,0.9993423376445713,39.52363619205544,-0.0013140691378221553,74.92829895019531,2021,74.22281195371205,74.22281195371205,0.0915,0.0354416666666667,74.93912324386554,,,,,,,,
2021-11-02,74.82990264892578,-0.0013132061270326734,-0.0034624432404883887,-0.00539099083312522,0.0034476775366196755,0.0025272856889705392,0.0026662302346977624,74.89886169433593,75.01304054260254,74.22223419189453,0.9990793044934171,0.9975585859158349,0.9984778800133857,35.66284324646175,-0.0015768782798230682,74.82990264892578,2021,74.22281195371205,74.22281195371205,0.0915,0.0354416666666667,74.84071272806723,,,,,,,,
2021-11-03,74.71199798583984,-0.0015756356605073352,-0.002362202799190416,-0.0054326862237006335,0.001995569902348837,0.002352943523819047,0.0026944004365016525,74.86348114013671,75.02048034667969,74.23357818603516,0.9979765414059051,0.9958880247178596,0.9979072487163844,36.62141645083504,-0.003707701512336402,74.71199798583984,2021,74.22281195371205,74.22281195371205,0.0915,0.0354416666666667,74.72279103223511,,,,,,,,
2021-11-04,74.43550109863281,-0.003700836474209046,-0.008187900441539164,-0.004995313292453063,-0.004340570202316707,0.002171158873759764,0.002752642776097832,74.74058074951172,75.0042552947998,74.2402882385254,0.9959181525241105,0.9924170409541228,0.9964845388538061,37.20429507155545,0.000572177945732007,74.43550109863281,2021,74.22281195371205,74.22281195371205,0.0915,0.0354416666666667,74.44625420172831,,,,,,,,
2021-11-05,74.47810363769531,0.0005723416707579254,-0.004266194632928211,-0.0051732652532550105,-0.004702635102881159,0.002101508641259964,0.002745832735176186,74.67676086425782,74.98666038513184,74.24673034667968,0.9973397717808944,0.9932180371172076,0.9958672713348964,38.102002978841966,-0.003860959915159682,74.47810363769531,2021,74.22281195371205,74.22281195371205,0.0915,0.0354416666666667,74.4888628952398,,,,,,,,
2021-11-08,74.19110107421875,-0.0038535159927367557,-0.009838710958413377,-0.010702193197792753,-0.014802316644719093,0.0018434846774519728,0.00238104904268114,74.5293212890625,74.9309253692627,74.26062042236327,0.9954619174172813,0.9901265826973568,0.9946403427126906,27.05027142478734,-0.003681038464309898,74.19110107421875,2021,74.22281195371205,74.22281195371205,0.0915,0.0354416666666667,74.20181887079222,,,,,,,,
2021-11-09,73.91850280761719,-0.0036742717476164755,-0.012179620833993932,-0.015599892828653927,-0.019682348881988276,0.0019321158817343525,0.0024167129611619683,74.34704132080078,74.85672035217286,74.27076644897461,0.9942359708527675,0.9874664887782726,0.9931912722201264,25.30218349924415,0.003461257282998787,73.91850280761719,2021,74.22281195371205,74.22281195371205,0.0915,0.0354416666666667,73.92918122409351,,,,,,,,
2021-11-10,74.17479705810547,0.0034672543511240494,-0.0071902899429378,-0.009535507819098066,-0.01734283582508933,0.0033188496291219117,0.0025780141940600324,74.2396011352539,74.79126510620117,74.29432846069336,0.9991270955641266,0.9917574860216587,0.9926239518724023,36.661019994353325,0.003097364286008892,74.17479705810547,2021,74.22281195371205,74.22281195371205,0.0915,0.0354416666666667,74.18551249936777,,,,,,,,
2021-11-11,74.40489959716797,0.0031021660751191504,-0.0004111143340634893,-0.00859564861236517,-0.011969752030966507,0.003545874973234394,0.0026987468310152645,74.23348083496094,74.74619522094727,74.32272445678711,1.0023091839460974,0.9954339398444236,0.9931405955250195,40.977215447215244,-0.001113474068108629,74.40489959716797,2021,74.22281195371205,74.22281195371205,0.0915,0.0354416666666667,74.41564827950864,,,,,,,,
2021-11-12,74.32209777832031,-0.0011128543858798245,-0.002094654022528619,-0.006351912453708142,-0.008972664092506966,0.0035487884725878406,0.0025720332231644757,74.20227966308593,74.71254997253418,74.34808044433593,1.0016147497863732,0.9947739409997731,0.993170219599842,36.60225619296355,0.00024079520422733941,74.32209777832031,2021,74.22281195371205,74.22281195371205,0.0915,0.0354416666666667,74.3328344989427,,,,,,,,
2021-11-15,74.33999633789062,0.0002408241977196468,0.002006915405163179,-0.007851541013839558,-0.008877984346323697,0.0029842670566416706,0.0025732805184189318,74.23205871582032,74.67925491333008,74.37499038696289,1.0014540566964945,0.9954571242598338,0.9940117747823172,34.5578231292517,0.0012784453878263047,74.33999633789062,2021,74.22281195371205,74.22281195371205,0.0915,0.0354416666666667,74.35073564417515,,,,,,,,
2021-11-16,74.43509674072266,0.0012792629474958073,0.006988695840471459,-0.00527604465898357,-0.010638592383717005,0.0019263634149514772,0.0024745425357040065,74.3353775024414,74.63923492431641,74.40149230957032,1.0013414775256637,0.9972650016603097,0.9959289853093601,40.228993839835724,0.00031574424978298565,74.43509674072266,2021,74.22281195371205,74.22281195371205,0.0915,0.0354416666666667,74.4458497854038,,,,,,,,
2021-11-17,74.45860290527344,0.0003157941022453592,0.003826176254255742,-0.0033916250053228625,-0.008805885594581064,0.0015596229463600883,0.0024696791775486167,74.392138671875,74.60615997314453,74.4228562927246,1.0008934308730064,0.9980221865336025,0.9971313186290975,36.46434308863589,-0.00267349894547403,74.45860290527344,2021,74.22281195371205,74.22281195371205,0.0915,0.0354416666666667,74.46935934570266,,,,,,,,
2021-11-18,74.25980377197266,-0.002669928329889437,-0.0019500842818264141,-0.002360396908289042,-0.007343919278690714,0.0015332247881111197,0.0023738545289223823,74.36311950683594,74.57869033813476,74.4322723388672,0.998610658945611,0.995724159747023,0.9971094848901015,37.38854552355853,-0.0011507246907648458,74.25980377197266,2021,74.22281195371205,74.22281195371205,0.0915,0.0354416666666667,74.27053149347685,,,,,,,,
2021-11-19,74.17440032958984,-0.001150062860993506,-0.0019872615701861385,-0.004077752967272863,-0.0092299229227909,0.001537697899094712,0.0023648172013447937,74.33358001708984,74.54414024353028,74.44500030517578,0.9978585763330193,0.9950399868757958,0.997175361795675,31.92009455745719,0.0017268230154251134,74.17440032958984,2021,74.22281195371205,74.22281195371205,0.0915,0.0354416666666667,74.18511571353996,,,,,,,,
2021-11-22,74.30259704589844,0.0017283148328663955,-0.0005030843937925411,0.0015028213635506216,-0.009215455318816512,0.0018114322709438227,0.0023655272826536376,74.3261001586914,74.50958518981933,74.46056625366211,0.99968378385597,0.997221993071179,0.9975374305109808,37.532424895103894,0.0017105207325585107,74.30259704589844,2021,74.22281195371205,74.22281195371205,0.0915,0.0354416666666667,74.31333094940557,,,,,,,,
2021-11-23,74.42980194091797,0.001711984507633657,-7.113310839279574e-05,0.0069170656044199585,-0.008790732706351778,0.001901843468679517,0.0023840465027132785,74.32504119873047,74.47658042907715,74.47834625244141,1.0014094945727294,0.9993719033837258,0.9979652767423851,43.35699250713008,0.00023101860448217492,74.42980194091797,2021,74.22281195371205,74.22281195371205,0.0915,0.0354416666666667,74.44055422070161,,,,,,,,
2021-11-24,74.4469985961914,0.00023104529133499696,-0.0001558491380343474,0.0036697308099502557,-0.005900769755980084,0.0018985578575336413,0.0023283914445255383,74.32272033691406,74.45448532104493,74.49427017211914,1.0016721435748581,0.999899445616725,0.9982302612990648,50.30829217997554,0.0023881277514526396,74.4469985961914,2021,74.22281195371205,74.22281195371205,0.0915,0.0354416666666667,74.45775336023866,,,,,,,,
2021-11-25,74.625,0.0023909815998639505,0.004917818381916739,0.002958143939763014,-0.0056629318384532334,0.0014304471637412084,0.0023422161422016552,74.39575958251953,74.43323516845703,74.51801010131835,1.0030813640289027,1.0025763334229523,0.9994965207967559,53.67221294028792,-0.0015986192908379166,74.625,2021,74.22281195371205,74.22281195371205,0.0915,0.0354416666666667,74.6357804784902,,,,,,,,
2021-11-26,74.50579833984375,-0.0015973421796482423,0.004467821900566271,0.002471681599614639,-0.0038959307592275616,0.0016009702976077787,0.0022510627089976244,74.46203918457032,74.41866493225098,74.53682800292968,1.000587670654103,1.0011708542161042,1.000582841043424,58.5874652320914,0.0063657696802417495,74.50579833984375,2021,74.22281195371205,74.22281195371205,0.0915,0.0354416666666667,74.51656159822095,,,,,,,,
2021-11-29,74.98159790039062,0.006386074253933893,0.009138319271300155,0.008630637531696683,0.0007113327133014824,0.0029744588840783237,0.0026626182376056446,74.59783935546875,74.42132987976075,74.56253799438477,1.005144365416446,1.0075283258379697,1.0023717592253885,76.11376397124417,0.0009771386158150001,74.98159790039062,2021,74.22281195371205,74.22281195371205,0.0915,0.0354416666666667,74.99242989373504,,,,,,,,
2021-11-30,75.05490112304688,0.0009776161712855558,0.008398506590479915,0.008326776070207265,0.0030067989688120633,0.0029994327482250225,0.0026506374216329256,74.72285919189453,74.4325798034668,74.59045608520508,1.0044436459571178,1.0083608726343125,1.0038998969160304,73.75428827945785,-5.326646428020812e-05,75.05490112304688,2021,74.22281195371205,74.22281195371205,0.0915,0.0354416666666667,75.06574370592314,,,,,,,,
2021-12-01,75.0509033203125,-5.326504564728829e-05,0.00811187469620811,0.007954761329494575,0.0045361567567352434,0.0030361833242635054,0.002620051998499286,74.84364013671875,74.44952507019043,74.6156201171875,1.0027692825097114,1.008077664022102,1.0052937217014715,69.85978787580274,-0.00043986172823241827,75.0509033203125,2021,74.22281195371205,74.22281195371205,0.0915,0.0354416666666667,75.0617453256581,0.002551999447495025,75.24267778420209,0.0003270440283748081,75.07545228414475,-4.199391239511486e-05,75.04775170542807,0.006109169636221212,75.51080539958765
2021-12-02,75.01789855957031,-0.0004397650032448297,0.005264972322550188,0.010208682882135278,0.007824189430333472,0.0031194483990154777,0.0024591066230437116,74.9222198486328,74.4786449432373,74.63848007202148,1.0012770405245708,1.0072403789937907,1.0059557327571356,72.06629566900557,-0.0004586749379775232,75.01789855957031,2021,74.22281195371205,74.22281195371205,0.0915,0.0354416666666667,75.0287357969814,0.0009707616711474785,75.09075841919972,0.0010803187495606204,75.09898559397234,-4.199391239511486e-05,75.01474833065582,-0.026677910433220063,73.04303749039438
2021-12-03,74.9834976196289,-0.00045856976270919336,0.006411571856544951,0.010908039518268797,0.006785806260483307,0.0029120960319889895,0.002465936501216454,75.01775970458985,74.50391464233398,74.66135009765625,0.999543280349935,1.0064370171634232,1.0068968867571946,70.19630003879068,0.0033352142631083363,74.9834976196289,2021,74.22281195371205,74.22281195371205,0.0915,0.0354416666666667,74.9943298874106,0.001357385303335835,75.08534822691097,0.0007417555705800682,75.03913767980103,-4.199391239511486e-05,74.98034883531413,-0.09255114262939432,68.35515048876633
2021-12-06,75.23400115966797,0.003340782278652865,0.0033662027263363647,0.012535283432881572,0.014056943088173401,0.001601250265256498,0.0023435419962494204,75.06824035644532,74.55605964660644,74.6897721862793,1.0022081349241114,1.0090930437616332,1.0068697395257555,72.84516236004572,0.002088563963572557,75.23400115966797,2021,74.22281195371205,74.22281195371205,0.0915,0.0354416666666667,75.24486961569791,0.0029405252135190026,75.45555421852808,-1.4564569237848378e-05,75.23290541682857,-4.199391239511486e-05,75.23084185595036,-0.05567314989664933,71.15994728158321
2021-12-07,75.39129638671875,0.0020907465325012975,0.004481989299011779,0.01291813790615759,0.019924559117961316,0.0017266015158945904,0.00212107837081398,75.1355194091797,74.62969932556152,74.7210920715332,1.0034042085494361,1.010205013125336,1.0067777317634847,74.77524947510923,0.00022948910847053156,75.39129638671875,2021,74.22281195371205,74.22281195371205,0.0915,0.0354416666666667,75.40218756593544,0.001505181392609949,75.50485940823779,0.0002090627486378301,75.40705954605203,-4.199391239511486e-05,75.38813047769786,-0.002416359143567609,75.20934385820917
2021-12-08,75.40859985351562,0.0002295154431104507,0.0047660523375248065,0.012916588653090644,0.016633719866380625,0.0016920197831655623,0.0020441413486422255,75.20705871582031,74.69138946533204,74.74599807739258,1.002679816776998,1.009602316857641,1.006903998629288,83.77196327081717,-0.00033554948769132334,75.40859985351562,2021,74.22281195371205,74.22281195371205,0.0915,0.0354416666666667,75.41949353242615,0.0015501724251018002,75.52558683719519,0.0011216795931862757,75.49323159709853,-4.199391239511486e-05,75.40543321786971,0.0695985357384258,80.84387783628321
2021-12-09,75.38330078125,-0.0003354931972582298,0.004870867202305451,0.010161484505862628,0.013149687579435687,0.0016710823711013742,0.00198649439232109,75.28013916015625,74.74030952453613,74.76722412109375,1.0013703696917227,1.0086030050023111,1.0072227374900409,86.84079590422736,0.0028598911292992578,75.38330078125,2021,74.22281195371205,74.22281195371205,0.0915,0.0354416666666667,75.39419080540534,0.001112903327849931,75.467241808014,0.0012547183521952505,75.4779449556639,-4.199391239511486e-05,75.3801352079888,0.04441515873874834,78.80692976470571
2021-12-10,75.59919738769531,0.0028639845192213187,0.008211136951622233,0.014675355102756305,0.01718330950754643,0.0016191038459622711,0.0019991883759932732,75.40327911376953,74.80416450500488,74.79412002563477,1.002598272598068,1.010628190127533,1.0080091076844333,87.50849717055256,0.0014645734584058138,75.59919738769531,2021,74.22281195371205,74.22281195371205,0.0915,0.0354416666666667,75.61011860071126,0.001303435785243101,75.69780033425054,0.00032855527129779577,75.62403998336234,-4.199391239511486e-05,75.5960227482813,-0.08437786407496424,69.48200529930395
2021-12-13,75.70999908447266,0.0014656464698841187,0.0063268989747664595,0.009714399325680967,0.01842887831679585,0.0013145961455485787,0.0019981720621476437,75.49847869873047,74.87266464233399,74.82527801513672,1.002801650965528,1.0111834465373792,1.00835837831318,87.38881263480633,0.0015428269876522054,75.70999908447266,2021,74.22281195371205,74.22281195371205,0.0915,0.0354416666666667,75.7209363041259,0.000350219875008738,75.73651887449665,0.0003005490501210238,75.7327570725567,-4.199391239511486e-05,75.70681979215959,0.026032638264065308,77.70680844322636
2021-12-14,75.82689666748047,0.0015440177575143377,0.005777859005465569,0.010285744606710834,0.018698167768973706,0.0012496544547488607,0.002001583812743493,75.58559875488281,74.94225463867187,74.85035995483399,1.003192379455512,1.0118043156437424,1.0085845311074877,88.08282518613348,0.002901173424526756,75.82689666748047,2021,74.22281195371205,74.22281195371205,0.0915,0.0354416666666667,75.83785077439508,0.0005557808720776292,75.86905151958237,0.00038620171818382624,75.85618680084386,-4.199391239511486e-05,75.82371246628362,0.051694913605381906,79.84984876062384
2021-12-15,76.04720306396484,0.002905385900869417,0.008468572705099042,0.01327498670336058,0.02133534738373255,0.001325675508049217,0.0020431818521255076,75.71331939697265,75.02168464660645,74.88003997802734,1.0044098405624196,1.0136696266178127,1.0092191311568672,88.35475229312495,0.0021568553281386595,76.04720306396484,2021,74.22281195371205,74.22281195371205,0.0915,0.0354416666666667,76.05818899678724,0.0005175294445144801,76.08656991659745,-0.0001317271136001878,76.03718624516566,-4.199391239511486e-05,76.04400961143473,0.01232780810984574,76.99050084119044
2021-12-16,76.2114028930664,0.0021591830137848156,0.010985219580917915,0.015909594328990195,0.026280693214413287,0.0006908210939615399,0.0018562211479176954,75.87893981933594,75.11926460266113,74.90906799316406,1.0043814933962183,1.014538724469443,1.0101129213750037,94.90773662452241,-0.0005761891645989708,76.2114028930664,2021,74.22281195371205,74.22281195371205,0.0915,0.0354416666666667,76.22241254652835,0.0004336199121411223,76.24445684080008,-0.00016404023291022475,76.1989021821232,-4.199391239511486e-05,76.20820254528783,0.025948121678935926,78.21482577066415
2021-12-17,76.1675033569336,-0.0005760231994995646,0.007517354533856269,0.01579021751306975,0.0268704973479732,0.001296400901344955,0.0018204437028503375,75.99260101318359,75.21891975402832,74.93581802368163,1.0023015706979113,1.0126109708303073,1.010285726804975,90.4163871511256,-0.002122665423468202,76.1675033569336,2021,74.22281195371205,74.22281195371205,0.0915,0.0354416666666667,76.17850666857971,0.0028043658402019823,76.38140469009218,0.0008789072126462664,76.23447695248005,-4.199391239511486e-05,76.1643048526296,0.03509218047720977,78.88783923001401
2021-12-20,76.00599670410156,-0.002120414162391282,0.003909623870139711,0.010261258640161808,0.022925169858476036,0.002076915131677087,0.001972959544415285,76.05180053710937,75.30408973693848,74.94982192993164,0.9993977284865799,1.0093209674217571,1.0099292190209441,80.5756948464127,-0.0032589847658168183,76.00599670410156,2021,74.22281195371205,74.22281195371205,0.0915,0.0354416666666667,76.01697668416983,0.0002434682088898127,76.02450400086177,0.0011578931269562343,76.09405449621046,-4.199391239511486e-05,76.00280498195139,0.015203410853443011,77.17037593911152
2021-12-21,75.75869750976562,-0.00325368003920401,-0.0008994058930554827,0.004873256471971121,0.017854347777285895,0.0026627472673709505,0.002196426744123631,76.03816070556641,75.37053451538085,74.95694381713867,0.9963246981093754,1.0051500629109318,1.008857920332903,69.67609481310552,-0.0009547505809831701,75.75869750976562,2021,74.22281195371205,74.22281195371205,0.0915,0.0354416666666667,75.76964176449192,0.0007034527127247244,75.81200891987098,0.001457696232318208,75.86921120582112,-4.199391239511486e-05,75.7555161724581,0.04577914121032774,79.30747588237087
2021-12-22,75.6864013671875,-0.0009542949516628818,-0.004744444006360982,0.0036839500297249916,0.016648122749967964,0.0020300063170986624,0.00223079633244585,75.96600036621093,75.43250465393066,74.96099380493165,0.9963194192444572,1.0033658793967093,1.0070724910266184,68.18653538011938,-0.0030156202303280996,75.6864013671875,2021,74.22281195371205,74.22281195371205,0.0915,0.0354416666666667,75.69733517786676,0.0012036642062179673,75.77755722892901,0.0012696036227099043,75.78255412158015,-4.199391239511486e-05,75.6832230658141,0.030487950546837436,78.02946067772092
2021-12-23,75.45850372314453,-0.003011077814855212,-0.009879088185507867,0.000997607442432935,0.01116922912086471,0.0011966904521452414,0.002355193987477674,75.81542053222657,75.47417984008788,74.96403793334962,0.9952922926948572,0.9997922982803316,1.0045212904977794,61.69157965897995,-0.00519653464699214,75.45850372314453,2021,74.22281195371205,74.22281195371205,0.0915,0.0354416666666667,75.46940461126903,0.0007410218206844042,75.51444084371339,0.0017947162746775427,75.5940519267393,-4.199391239511486e-05,75.45533499188389,0.09498853757322324,82.9776606829111
2021-12-24,75.06739807128906,-0.005183056018317367,-0.014443236776309432,-0.007034457173917152,0.0075376647718568,0.0015607044395240567,0.0026463905721993367,75.59539947509765,75.50225982666015,74.96548583984375,0.9930154294113821,0.9942404140436398,1.0012336008041525,46.16476224933173,0.003292999619924212,75.06739807128906,2021,74.22281195371205,74.22281195371205,0.0915,0.0354416666666667,75.07824245949976,0.0015620354019390346,75.18474763283201,0.00183899283334664,75.20557349122242,-4.199391239511486e-05,75.06424576374006,0.1865223556933453,90.46008526713308
2021-12-27,75.31500244140625,0.003298427499539125,-0.009091312431378507,-0.005217232173331476,0.00444648487564292,0.0032300152161606546,0.002351090298642712,75.45720062255859,75.51893005371093,74.97166793823243,0.9981155121051519,0.9972996490792488,0.9991825965872604,48.31380722095196,-0.004453926156566261,75.31500244140625,2021,74.22281195371205,74.22281195371205,0.0915,0.0354416666666667,75.32588259904523,-0.0007263125075270215,75.26032007377628,0.0006463732867388978,75.36369978371017,-4.199391239511486e-05,75.31183973619933,-0.12201964596926806,66.66364185005806
2021-12-28,74.98030090332031,-0.004444022136842252,-0.010274683066521462,-0.011164847849077675,-0.0009939420159152945,0.0034013567598184446,0.0025627176391496823,75.30152130126953,75.51520004272462,74.96656402587891,0.9957342110438371,0.9929166692387537,0.9971703876658714,41.69870581554914,-0.0031430672666409795,74.98030090332031,2021,74.22281195371205,74.22281195371205,0.0915,0.0354416666666667,74.9911327092979,-0.0013753305475429718,74.87724908642373,0.0018541193159005783,75.11945228930944,-4.199391239511486e-05,74.97715225324535,-0.026443952884924196,73.02351200338731
2021-12-29,74.74500274658203,-0.0031381330016490017,-0.01243814745582017,-0.017123579368034214,-0.004075907953098201,0.003364078230775875,0.0026543373867144787,75.11324157714844,75.49990501403809,74.95906204223633,0.9950975510730928,0.9900012818914713,0.9948786235318077,38.55978208848279,-0.002340089530136496,74.74500274658203,2021,74.22281195371205,74.22281195371205,0.0915,0.0354416666666667,74.75580056091181,-0.0004793642239089796,74.70918125280657,0.0014948973986142226,74.85682241538953,-4.199391239511486e-05,74.74186397738978,-0.1021957494359854,67.48373512364638
2021-12-30,74.57029724121094,-0.0023373536551122287,-0.01177079372249945,-0.02153359719880943,-0.005966593665696185,0.003351738195275258,0.0026969006385327075,74.93560028076172,75.47752494812012,74.95428405761719,0.9951251069160439,0.9879801608818947,0.9928200524893881,31.282650574317003,-0.001867084100931493,74.57029724121094,2021,74.22281195371205,74.22281195371205,0.0915,0.0354416666666667,74.58106981722993,-0.0003645478350141332,74.54311775520769,0.00043662683506362113,74.6028637432721,-5.414841782501978e-05,74.56625948691857,-0.08804035188635817,68.28580526248172
2021-12-31,74.43119812011719,-0.0018653421836821726,-0.008475049988647454,-0.022795879611279823,-0.007365613995673925,0.002958702517196493,0.002719620981115794,74.80836029052735,75.44990997314453,74.94559997558594,0.9949582884995019,0.986498170065545,0.99149701195342,26.973620944986166,0.0011091807476301446,74.43119812011719,2021,74.22281195371205,74.22281195371205,0.0915,0.0354416666666667,74.44195060159569,-0.000508233673301914,74.39337929010384,-0.0004589265930841584,74.39704750085781,-5.414841782501978e-05,74.42716789761823,0.03778822691602797,77.29763889512208
2022-01-03,74.51380157470703,0.0011097961160928538,-0.010637998283576255,-0.019632597348914316,-0.009572793867927754,0.0020603533205176606,0.0026028226961106586,74.6481201171875,75.41389999389648,74.93600204467774,0.9982006440045695,0.9880645554829773,0.9898456401701682,26.060456007210647,-0.0014841031878284798,74.51380157470703,2022,74.53016491358191,74.53016491358191,0.0869833333333333,0.0325,74.5243002329168,-0.0001936910146049976,74.4993703185254,-0.0006984896267048522,74.46177263021512,-5.414841782501978e-05,74.5097668794828,-0.07328566543863024,69.24830711843327
2022-01-04,74.4032974243164,-0.00148300245129529,-0.0076954009526835065,-0.017891016213346322,-0.013104947251927013,0.0016062594948319687,0.002539113116826831,74.53271942138672,75.36450004577637,74.92227005004882,0.9982635546096393,0.9872459497392522,0.988963230381885,18.77934136248247,0.0017671687394588704,74.4032974243164,2022,74.53016491358191,74.53016491358191,0.0869833333333333,0.0325,74.41378051299033,0.0002460878758584155,74.4216094268249,-0.0008191744257252964,74.34237310310661,-5.414841782501978e-05,74.39926871255508,0.05498207402016762,78.6086964440336
2022-01-05,74.53489685058594,0.0017687311023197871,-0.002810969138745567,-0.015214153345924242,-0.011586251496870315,0.001865880160159969,0.0025901884787103142,74.4906982421875,75.32081489562988,74.91518997192382,1.000593343993833,0.9895657256744637,0.9889789209716777,17.760993887964602,-0.0014070067887923265,74.53489685058594,2022,74.53016491358191,74.53016491358191,0.0869833333333333,0.0325,74.54539848102483,0.00031620725657457023,74.55846905249237,-0.001919100851260078,74.39199403290955,-5.414841782501978e-05,74.53086101311682,0.1491967073375755,86.52766047974883
2022-01-06,74.43009948730469,-0.0014060174188116337,-0.0018800750311179781,-0.013628738778243443,-0.012644727467046701,0.0016816649919394863,0.0025959390599209027,74.46265869140625,75.27315483093261,74.90279190063477,0.9995627445396962,0.9888000530133024,0.9892326003693245,17.35453072809898,-0.0001451564196232039,74.43009948730469,2022,74.53016491358191,74.53016491358191,0.0869833333333333,0.0325,74.44058635226827,0.0009210795813303703,74.49868711466131,-0.0013745227333919108,74.32786390217498,-5.414841782501978e-05,74.42606932429335,0.22043481852278318,92.78595130659988
2022-01-07,74.41929626464844,-0.0001451458849398568,-0.00015990412312782976,-0.008633598916338414,-0.015607323408421747,0.0014622295511696652,0.0024665795536328787,74.4602783203125,75.21415977478027,74.89523376464844,0.9994496118388416,0.9894319964151437,0.9899768679630913,18.396386977558407,-0.0020082101251320673,74.41929626464844,2022,74.53016491358191,74.53016491358191,0.0869833333333333,0.0325,74.42978160748672,0.0008847867338689585,74.4851706088027,-0.001429620742735707,74.31298090847534,-5.414841782501978e-05,74.41526668659867,0.21629777973932218,92.38947325506413
2022-01-10,74.2699966430664,-0.002006195020322399,-0.00327194327075353,-0.013875134627431507,-0.01901997700197544,0.0015173796994184287,0.002421734663406883,74.41151733398438,75.14215965270996,74.88206771850587,0.9980981345900692,0.988393160195628,0.9902765328797781,19.143734562142015,-0.002872000227746194,74.2699966430664,2022,74.53016491358191,74.53016491358191,0.0869833333333333,0.0325,74.2804609502621,0.0005917628640715376,74.31395987561577,-0.0008900771267308247,74.20392002885586,-5.414841782501978e-05,74.26597514913607,0.11619592689398676,83.42124251739766
2022-01-11,74.05699920654297,-0.002867879980486321,-0.004654339656460671,-0.012313923599317822,-0.023341288364983948,0.0018054988368430966,0.0023825582673987714,74.34225769042969,75.05366477966308,74.8666096496582,0.9961629025974087,0.9867206274863985,0.990521354402588,18.088689264827607,-0.0032690292273956562,74.05699920654297,2022,74.53016491358191,74.53016491358191,0.0869833333333333,0.0325,74.06743350336154,0.0006965408309183127,74.10860089956239,-0.00022986430186936282,74.03997810246887,-5.414841782501978e-05,74.05298924577455,0.07098867928395784,79.50530393022807
2022-01-12,73.81529998779297,-0.0032636917690374023,-0.009654495990455092,-0.012438326638921415,-0.029348917333548385,0.0012373476796182594,0.0022199381973623577,74.19833831787109,74.94206962585449,74.84867568969726,0.9948376427456211,0.9849647915558394,0.99007591714912,17.991427841088097,-0.00021945290365707335,73.81529998779297,2022,74.53016491358191,74.53016491358191,0.0869833333333333,0.0325,73.8257002302829,0.0008398912209128313,73.87732285280566,0.0005337880907481036,73.85471223379942,-5.414841782501978e-05,73.81130311430051,-0.03667840288541845,71.15692320375474
2022-01-13,73.79910278320312,-0.0002194288256299748,-0.00847770872870035,-0.010341845031316521,-0.03165274510492899,0.0014588087788359103,0.0020732447519198867,74.07213897705078,74.82145462036132,74.83594772338867,0.9963139150884754,0.986336113854702,0.9899852836714749,21.068716106620997,0.00234409316051789,73.79910278320312,2022,74.53016491358191,74.53016491358191,0.0869833333333333,0.0325,73.80950074358006,0.0003925044781385483,73.8280749470082,0.0003134208015166802,73.8222365822662,-5.414841782501978e-05,73.79510678673992,-0.12895803767909242,64.87021207460243
2022-01-14,73.97229766845703,0.002346842694858964,-0.00600648781468982,-0.006165431475650629,-0.02882076465325989,0.0023039199883710033,0.0022454515485635968,73.9827392578125,74.7116943359375,74.82583160400391,0.99985886452083,0.9901033342363271,0.9902430926697059,18.295051252949975,0.005482947106875305,73.97229766845703,2022,74.53016491358191,74.53016491358191,0.0869833333333333,0.0325,73.98272003121133,0.00011700916644895472,73.98095361175001,-0.0001497649017281264,73.96122004410647,-5.414841782501978e-05,73.96829229401872,-0.1475577432821722,63.824231607418106
2022-01-17,74.37899780273438,0.005498005971102504,0.0014676338305468217,-0.0018091114548424159,-0.02140619124700449,0.00368150758604011,0.0027227655356837966,74.0045394897461,74.63034439086914,74.82958953857423,1.0050599370737272,0.9966321127125133,0.991614605208768,36.26847676857783,-0.0016672002008921204,74.37899780273438,2022,74.53016491358191,74.53016491358191,0.0869833333333333,0.0325,74.38947746770133,-0.00047894338087418615,74.34338300347768,-0.00037392254773070086,74.3511910174943,-5.414841782501978e-05,74.37497040672349,-0.21416202999488332,60.04003468095135
2022-01-18,74.25509643554688,-0.0016658111946615817,0.0026749291913843454,-0.0019918604940900586,-0.019847240299041946,0.0034553186047240544,0.0026787753500558177,74.04415893554688,74.5551643371582,74.83632141113281,1.0028488067530568,0.9959752231213073,0.9931459422542425,38.212650662124005,0.0048981006708058794,74.25509643554688,2022,74.53016491358191,74.53016491358191,0.0869833333333333,0.0325,74.26555864337061,-0.00017937168879489474,74.24177836797544,0.0007406958337651801,74.31011725044118,-5.414841782501978e-05,74.25107574841735,-0.08957898215774593,67.8926262884495
2022-01-19,74.61969757080078,0.0049101159752769075,0.010897437023771994,0.0011377317712646384,-0.014093731200294224,0.0031240147431668215,0.002987080432545456,74.20503845214844,74.50182914733887,74.84521942138672,1.0055880183785597,1.0015820876455102,0.9960163300876348,51.089073606238074,-0.002287454361264653,74.61969757080078,2022,74.53016491358191,74.53016491358191,0.0869833333333333,0.0325,74.63021114927828,-0.002249045941281571,74.45206302240072,-0.0013613970775300688,74.51817965138059,-5.414841782501978e-05,74.61565714163115,0.08095698879925907,80.91194816150188
2022-01-20,74.44920349121094,-0.002284840131227761,0.00880905977837676,0.00025667040670174224,-0.013375566465466782,0.0036172231737177634,0.0029618822018236102,74.33505859375,74.45136413574218,74.84610549926758,1.0015355459405064,0.999970979114267,0.9984378319545613,50.391524490188665,4.027298526106057e-05,74.44920349121094,2022,74.53016491358191,74.53016491358191,0.0869833333333333,0.0325,74.4596930478424,-0.00028653078348530225,74.42787455844858,0.000251118841907977,74.46790143657756,-5.414841782501978e-05,74.44517229377603,0.03143289859523783,76.82652507421102
2022-01-21,74.45220184326172,4.027379622861815e-05,0.0064876202298813634,0.0004421646033343496,-0.00819525178484426,0.003670497765567352,0.0027667512939934967,74.43103942871093,74.42060432434081,74.84870758056641,1.0002843224374296,1.00042458025177,1.0001402179472318,48.61248590832852,-0.0005239829423631593,74.45220184326172,2022,74.53016491358191,74.53016491358191,0.0869833333333333,0.0325,74.46269182234745,0.00040362487134874066,74.48225866908551,-0.0001924682396427657,74.4378735379515,-5.414841782501978e-05,74.44817048347518,-0.005206802341677391,74.0655514240481
2022-01-24,74.41320037841797,-0.0005238456872753705,0.00045984184640812664,0.0019281505564054946,-0.011973737419578079,0.0028432112896973317,0.0026256899405361325,74.43787994384766,74.37551422119141,74.85017166137695,0.9996684542137912,1.0005067011316988,1.0008385249273137,50.230485119681795,0.0031074895523288243,74.41320037841797,2022,74.53016491358191,74.53016491358191,0.0869833333333333,0.0325,74.4236848623734,0.0006304662990982559,74.46013018574108,0.0006977613254570945,74.46514115076923,-5.414841782501978e-05,74.40917113044186,-0.0653666682916602,69.70462575803691
2022-01-25,74.6447982788086,0.003112322803116463,0.005248149446549721,0.00793711706608935,-0.004474543586378998,0.00290565669852247,0.0025866377325481586,74.5158203125,74.35873908996582,74.85436569213867,1.001730880311962,1.0038470150562488,1.0021124782971929,52.44411867506879,0.001809613130420339,74.6447982788086,2022,74.53016491358191,74.53016491358191,0.0869833333333333,0.0325,74.65531539386252,0.0007561596290388376,74.70126300726841,-0.0003700673031263189,74.61717979028212,-5.414841782501978e-05,74.64075649051213,-0.02333353525525493,72.92323444043906
2022-01-26,74.77999877929688,0.001811251468364805,0.0021482425380241477,0.013069089899566011,0.0004682056516005506,0.0020937269972694356,0.002528980005760003,74.54788055419922,74.36048889160156,74.86079360961914,1.0031136797367284,1.0056415697899304,1.0025200434449917,57.67765307762361,0.0015366345737737727,74.77999877929688,2022,74.53016491358191,74.53016491358191,0.0869833333333333,0.0325,74.79053494349088,0.00014196104645568448,74.79061537973156,0.0004894292571218312,74.81660725644612,-5.414841782501978e-05,74.77594967030542,-0.03090810798537097,72.50404440778489
2022-01-27,74.8949966430664,0.0015378158016414734,0.0059878834285729265,0.01484969083001797,0.00435427259737442,0.0014544102577486852,0.00248643638997986,74.63703918457031,74.37672386169433,74.87349746704102,1.0034561587827484,1.0069682120220276,1.0034999568327323,59.98162194352749,0.004187768230187165,74.8949966430664,2022,74.53016491358191,74.53016491358191,0.0869833333333333,0.0325,74.9055490099402,3.1372001366783074e-05,74.89734628585975,-0.00015161652485679277,74.88364218472974,-5.414841782501978e-05,74.89094130729117,-0.05135082405094943,71.14615367890269
2022-01-28,75.20929718017578,0.0041965491848174885,0.010168877725173386,0.01672246977189995,0.010453937054766937,0.0017802760612543728,0.0025862950534532607,74.78845825195313,74.41562881469727,74.89419540405274,1.0056270571430272,1.0106653451448329,1.0050100959058512,68.4329672172382,-0.002266858124743033,75.20929718017578,2022,74.53016491358191,74.53016491358191,0.0869833333333333,0.0325,75.21989383057618,0.0018732863407713554,75.35031777401937,-0.00076024408300543,75.1521414858996,-3.3876499196176494e-05,75.20674939563557,-0.06301408074776976,70.61628441098287
2022-01-31,75.03900146484375,-0.0022642907421945857,0.008409812818738649,0.008873521849001254,0.007048357204136879,0.0024484399674504476,0.002655153177630194,74.91361846923829,74.4418888092041,74.90892349243164,1.0016737009660928,1.0080211916327118,1.006336884616714,69.5994323286403,-0.0064601409204129686,75.03900146484375,2022,74.53016491358191,74.53016491358191,0.0869833333333333,0.0325,75.04957412134675,0.0009708276157497315,75.11188677353476,0.00042632811677640155,75.07099952137398,-3.3876499196176494e-05,75.03645944922849,0.01663575145365019,76.29777291695345
2022-02-01,74.55580139160156,-0.006439319071544047,-0.001192271789316357,0.004049620436702206,0.0020496936636482666,0.004170736965108948,0.0030392096470200935,74.89581909179688,74.44951400756835,74.91144348144532,0.9954601244192474,1.0014276437589962,1.0059947346893783,63.47992989142058,0.002541134841313159,74.55580139160156,2022,74.53016491358191,74.53016491358191,0.0869833333333333,0.0325,74.5663059673959,2.5635317783721044e-05,74.55771267776096,0.00258341174742289,74.74865873245405,0.006554322696643482,75.04606910410446,0.06772882529625564,79.78030602093769
2022-02-02,74.74549865722656,0.0025443662610320494,-0.00046135494294585744,0.001685896492764849,0.0028255463620323606,0.004272161059749978,0.0030663606688907073,74.88891906738282,74.4600440979004,74.91741348266602,0.9980848914373138,1.003833660895377,1.005759800100555,66.20440282792603,0.0010283530466597619,74.74549865722656,2022,74.53016491358191,74.53016491358191,0.0869833333333333,0.0325,74.75602996050915,-0.0003995698957150898,74.71563857211575,0.000660152396718588,74.79485836798216,-3.3876499196176494e-05,74.74296658429051,-0.09508296603597757,67.96589435745342
2022-02-03,74.82240295410156,0.001028881982949592,-0.0009692728782779714,0.005012806657289204,0.005270763703114412,0.004229682742889659,0.0030498079785673945,74.87440032958985,74.47965927124024,74.92136154174804,0.9993055386719707,1.004601842787883,1.0052999847503603,65.05202184079776,-0.002388565550412484,74.82240295410156,2022,74.53016491358191,74.53016491358191,0.0869833333333333,0.0325,74.83294509285236,0.00018843955817343704,74.83650378319099,0.001210573566676227,74.91303582512352,-3.3876499196176494e-05,74.81986827596128,-0.025001745879928844,72.97490383738212
2022-02-04,74.6438980102539,-0.002385715197588012,-0.007517676552240227,0.002574754839296034,0.0030180579080827385,0.003482728653115724,0.0031063823170440364,74.76132049560547,74.4908893585205,74.92412353515626,0.9984293684946554,1.0020540585976492,1.0036303921112204,55.10268265226043,-2.2793214389487093e-05,74.6438980102539,2022,74.53016491358191,74.53016491358191,0.0869833333333333,0.0325,74.65441499846406,-0.0007855542285005738,74.58528420571538,0.0019625864498764127,74.79053696179646,-3.3876499196176494e-05,74.64136937913379,0.10254275293295499,82.70429474109658
2022-02-07,74.64219665527344,-2.279295462614961e-05,-0.005287980940900661,0.003077360947935759,0.005011445119565305,0.003504466712292686,0.003065132352574513,74.68195953369141,74.50949935913086,74.9173355102539,0.999467570499405,1.0017809446752954,1.002314606540695,57.82496314071917,0.00021574813252284614,74.64219665527344,2022,74.53016491358191,74.53016491358191,0.0869833333333333,0.0325,74.65271340377036,-0.0002907901265968009,74.62049459698365,0.0014025735029561778,74.74696127537014,-3.3876499196176494e-05,74.6396680817883,-0.024777823343209465,72.81545034973561
2022-02-08,74.6583023071289,0.00021577140782502724,0.0013748214574069717,0.0001809105072516637,0.008119463481215616,0.0017951287717203365,0.0029760699547877524,74.70245971679688,74.53956451416016,74.90940353393555,0.9994088894818808,1.001592949915158,1.002185352217959,50.90834673713235,0.0004940728220390536,74.6583023071289,2022,74.53016491358191,74.53016491358191,0.0869833333333333,0.0325,74.66882132483946,0.0011978422520643125,74.7477847583309,-0.0009443587389701896,74.58783136706978,-3.3876499196176494e-05,74.6557731880499,0.06772826407241796,79.88994486137973
2022-02-09,74.69519805908203,0.0004941948961194598,-0.0006729582255542432,-0.0011340026958962524,0.011920266820490744,0.0013183182171200452,0.002847881905914692,74.69239959716796,74.58355941772462,74.90228942871094,1.0000374664882794,1.0014968264082458,1.0014593052449234,56.176417627970594,0.0015210404385362587,74.69519805908203,2022,74.53016491358191,74.53016491358191,0.0869833333333333,0.0325,74.70572227523745,-0.000707815238162364,74.64234636650151,-0.0007961892229865259,74.6357502163848,-3.3876499196176494e-05,74.69266769012529,0.09023422599204599,81.74871026300849
2022-02-10,74.80889892578125,0.0015221978072712528,-0.00018048108303336807,-0.001149579025892522,0.01368304091100625,0.0014399487090579297,0.0028482464446629627,74.6896987915039,74.63404922485351,74.89810943603516,1.0015959380772186,1.0023427604792146,1.000745632418827,58.48428647646147,0.009704272083694369,74.80889892578125,2022,74.53016491358191,74.53016491358191,0.0869833333333333,0.0325,74.81943916187542,-0.0006519963813768358,74.7601396915363,-0.0008976506763934601,74.74177679767924,-3.3876499196176494e-05,74.80636470510242,0.09131199471428704,81.96143585700726
2022-02-11,75.53839874267578,0.009751511215507547,0.011983574763190896,0.0043758095719415024,0.02117145368713569,0.004155954196732916,0.0034857367158721048,74.86859893798828,74.71235427856445,74.9092074584961,1.0089463381736619,1.0110563302694415,1.002091282772877,70.14605280412641,-0.0026165988796877223,75.53839874267578,2022,74.53016491358191,74.53016491358191,0.0869833333333333,0.0325,75.54904176200044,-0.0018064461770060309,75.40206586712483,-0.0025195434417788556,75.34831602690647,-3.3876499196176494e-05,75.5358398095156,0.01786057156203434,76.89967814604712
2022-02-14,75.34100341796875,-0.002613178568683483,0.009362087318017576,0.004024599837812115,0.0129338340614078,0.004662813082779422,0.003412543194269402,75.00836029052735,74.76045455932618,74.91134750366211,1.0044347473555346,1.00776545383605,1.0033160008544952,62.61972789303802,0.004560779881505991,75.34100341796875,2022,74.53016491358191,74.53016491358191,0.0869833333333333,0.0325,75.3516186251834,7.107207536825343e-05,75.34635824972924,0.0003248040977298331,75.36547845918764,-3.3876499196176494e-05,75.33845117175785,0.10006555096418625,83.27014417551663
2022-02-15,75.6854019165039,0.004571196067359784,0.013757339473776442,0.015151074816688759,0.01926205135560677,0.00468235084417451,0.0034743639883437626,75.21378021240234,74.83196983337402,74.9172296142578,1.0062704161759948,1.0114046454347012,1.0051022361148383,65.25481465103903,-0.006769271307557226,75.6854019165039,2022,74.53016491358191,74.53016491358191,0.0869833333333333,0.0325,75.69606564791204,-0.002167599350886295,75.52152396347529,-0.0010160417855986877,75.60854143893752,-3.3876499196176494e-05,75.68283800347517,-0.13577523236929698,66.07629559319585
2022-02-16,75.17479705810547,-0.006746411401259866,0.006420747403923954,0.005743468283590181,0.007439047669390408,0.006368590841428452,0.0037440999280687983,75.30970001220703,74.85972480773925,74.91255355834961,0.9982086908581538,1.0042088352739127,1.0060109118170477,54.159728870156215,-0.001768074923287134,75.17479705810547,2022,74.53016491358191,74.53016491358191,0.0869833333333333,0.0325,75.18538884759444,0.0015144576210782258,75.28873235573637,0.0018036656099277729,75.31050960752982,0.006554322696643482,75.66913519281297,-0.007079885645819725,74.64444771314558
2022-02-17,75.04199981689453,-0.001766512799606157,0.0031159513702312402,0.00293490791691986,0.00796242670015368,0.0065078315299251215,0.0037264553102129834,75.35632019042968,74.88936462402344,74.9057275390625,0.9958288784173531,1.0020381424470268,1.006235272107736,47.37094515528785,0.00027985373987384697,75.04199981689453,2022,74.53016491358191,74.53016491358191,0.0869833333333333,0.0325,75.0525728958518,0.0008252143473250106,75.10395110982766,0.0006601088026235057,75.09155205467498,-3.3876499196176494e-05,75.03945769970731,-0.14606097940775845,64.84416792462974
2022-02-18,75.06300354003906,0.0002798929025848995,-0.0062934244112874405,0.005614732629954267,0.008203944029260724,0.004140119273166074,0.003725612110541342,75.26124114990235,74.9199047088623,74.89500366210937,0.9973660066345645,1.0019100242016168,1.0045560180884703,50.39575911277499,-0.005083305090997827,75.06300354003906,2022,74.53016491358191,74.53016491358191,0.0869833333333333,0.0325,75.07357957832609,0.00017656521351823052,75.07625822541017,0.001075796179671696,75.14379948467406,-3.3876499196176494e-05,75.06046071133129,-0.0032929875453093643,74.81622854076527
2022-02-21,74.68240356445312,-0.005070406959973628,-0.008741585904582627,0.0005386619228984202,0.0036176805279999336,0.004474020110399708,0.003919586378538357,75.12952117919922,74.93336486816406,74.87445175170899,0.9940487093791052,0.9966508736908789,1.002617743262701,52.160587058872544,-0.002217238663741903,74.68240356445312,2022,74.53016491358191,74.53016491358191,0.0869833333333333,0.0325,74.69292597792202,0.0013904971270810615,74.78632146407983,0.002477334373194795,74.86764620912264,-3.3876499196176494e-05,74.67987362892173,0.042043535009444924,77.8892571729406
2022-02-22,74.51699829101562,-0.0022147824058013077,-0.0154376352097233,-0.0018926765241993326,-0.001712108422017855,0.00279124647927532,0.0038912950195659638,74.89584045410156,74.92697486877441,74.84825378417969,0.9949417462867234,0.9945283180259605,0.9995844698824772,46.06781993109823,0.0014215210661282036,74.51699829101562,2022,74.53016491358191,74.53016491358191,0.0869833333333333,0.0325,74.5274973996283,0.0006191597381743337,74.5631505024882,0.002035710047272065,74.6688478014761,-3.3876499196176494e-05,74.51447395874094,-0.01879389187626078,73.12961191334153
2022-02-23,74.62300109863281,0.0014225319061189623,-0.0073401722527585145,-0.000966554240770745,-0.002099460861552327,0.0025017202503346747,0.0038823199195138114,74.78548126220703,74.91912498474122,74.81976974487304,0.9978273835932868,0.9960474193182486,0.9982161601251829,46.60259043380147,0.00013402658459337502,74.62300109863281,2022,74.53016491358191,74.53016491358191,0.0869833333333333,0.0325,74.63351514256247,-0.0010692716271389576,74.54325148542385,0.00031003652933556385,74.646140541753,-3.3876499196176494e-05,74.62047317541492,-0.0009462414167529659,74.55242312151955
2022-02-24,74.63300323486328,0.0001340355665573334,-0.005450235641763501,-0.0023512669407482756,-0.0034981429994813684,0.002588264907053037,0.0038638362371632646,74.70368194580078,74.90602531433106,74.78820175170898,0.999053879151649,0.9963551386110518,0.9972987037066621,49.803067078552516,0.010334567135712907,74.63300323486328,2022,74.53016491358191,74.53016491358191,0.0869833333333333,0.0325,74.64351868804877,-0.00016287598792070102,74.62084830063024,0.0005293879218401844,74.6725235052004,-3.3876499196176494e-05,74.63047497281376,-0.0750508098740254,69.23676461562034
2022-02-25,75.4083023071289,0.010388153211868367,0.00460011924390491,-0.0017222556701268488,0.00264601763896799,0.005835823230979424,0.0044374190824584695,74.77274169921876,74.91597557067871,74.7730177307129,1.0084998970676609,1.006571718951797,0.9980880730662738,60.8215847589324,-0.004522999127483703,75.4083023071289,2022,74.53016491358191,74.53016491358191,0.0869833333333333,0.0325,75.41892699645318,-0.0023990744587362935,75.22760901008999,-0.0012833783702249897,75.31158699745546,-3.3876499196176494e-05,75.40574778110586,-0.14997922902846214,64.90587542850793
2022-02-28,75.06800079345703,-0.0045127857710662855,0.00516316040459408,-0.003623559710204338,0.0003864567497857685,0.005696096254743085,0.004529114485354388,74.84986114501953,74.91742553710938,74.7542578125,1.0029143627670178,1.002009882951371,0.9990981485067665,55.30160924079375,0.002883844231275834,75.06800079345703,2022,74.53016491358191,74.53016491358191,0.0869833333333333,0.0325,75.0785775358345,2.5481297861569813e-05,75.06991364791604,0.001061955996753709,75.14776205104096,-3.652563221410701e-06,75.06772660333898,0.08240563013443365,81.51605625715688
2022-03-01,75.28479766845703,0.0028880065102105945,0.01030368097280121,-0.005293018705097463,0.009777861189184334,0.005416661068664958,0.004302561822577979,75.00342102050782,74.95387535095215,74.74477981567382,1.0037515175190779,1.0044150127789313,1.000661015448817,57.2901533875441,0.00683591086127944,75.28479766845703,2022,74.53016491358191,74.53016491358191,0.0869833333333333,0.0325,75.29540495653535,-0.0031888292589390935,75.0451096680611,-0.0016133197567313854,75.16343713998923,-3.652563221410701e-06,75.28452268647614,-0.06450712128204229,70.58171403500747
2022-03-02,75.80120086669922,0.006859329031026373,0.015788694514029533,0.008332630523891993,0.014123957006614951,0.005788629857812357,0.004513716201359031,75.23906097412109,75.00666046142578,74.74707580566407,1.0074713836842206,1.010592931352837,1.0030983983457686,61.158210266414784,-0.002247926623275496,75.80120086669922,2022,74.53016491358191,74.53016491358191,0.0869833333333333,0.0325,75.8118809136566,-0.006486295939404123,75.31112295870129,-0.0020981644890594314,75.64232421177554,-3.652563221410701e-06,75.80092399852644,-0.0450038282429944,72.46547973249332
2022-03-03,75.63099670410156,-0.002245401928354318,0.013372012728707805,0.007848896466568167,0.010806840171866838,0.006183068252319464,0.004560720638147526,75.43865966796875,75.04709014892578,74.7505256652832,1.0025495818321715,1.0077805355812872,1.0052176509211208,51.19105798765468,0.0034411253518329154,75.63099670410156,2022,74.53016491358191,74.53016491358191,0.0869833333333333,0.0325,75.6416527700609,-0.004395404069514101,75.29929742361458,-0.0004975672938020808,75.59337455429576,-3.652563221410701e-06,75.63072045760912,-0.12076327853777477,67.02749644679558
2022-03-04,75.8917007446289,0.003447052820780838,0.006410414008940046,0.011040021921688847,0.016716741322962303,0.004593345157663018,0.0045497632039455905,75.53533935546875,75.10948028564454,74.76701171875,1.0047178101296814,1.0104144038277132,1.005669844448459,56.96992871806459,0.0069109271125025636,75.8917007446289,2022,74.53016491358191,74.53016491358191,0.0869833333333333,0.0325,75.90239354261047,-0.0033598855257869205,75.6371412027031,-0.0008967875487023739,75.82367252034271,-3.652563221410701e-06,75.8914235459002,-0.12536146519866734,66.94998637461414
2022-03-07,76.41799926757812,0.006934862676489351,0.01798367426668923,0.023239687266186193,0.023790867523714843,0.0037563575399192327,0.0047423170635705935,75.80533905029297,75.19827041625976,74.78907165527343,1.0080820193532634,1.0162201716152055,1.0080729068723626,58.86401609910549,0.008635999236651972,76.41799926757812,2022,74.53016491358191,74.53016491358191,0.0869833333333333,0.0325,76.42876621864532,-0.005385014924255748,76.00759321416072,-0.00286462280975137,76.19940377010877,0.003157117902657944,76.6596411463903,-0.20937617155188998,61.9818803170826
2022-03-08,77.08080291748047,0.008673397056386367,0.023856147650589188,0.03440563475802216,0.032447839496616115,0.004337278910294572,0.005020110949262394,76.16454010009765,75.31939544677735,74.83108169555663,1.0120300446399155,1.0233858418572648,1.0112208103677294,72.24240287467458,-0.002159878987581398,77.08080291748047,2022,74.53016491358191,74.53016491358191,0.0869833333333333,0.0325,77.09166325458935,-0.00423567082179836,76.75500448419407,-0.0027578117345444415,76.86852142542412,-0.005501829303223411,76.65788198348882,-0.1278048117964208,67.83304383201406
2022-03-09,76.91449737548828,-0.00215754812738822,0.014687056353458905,0.030707640313563545,0.029711405472823582,0.005048782238732125,0.005085716576673428,76.38719940185547,75.43036041259765,74.87447158813477,1.0069029625089254,1.0196755915625024,1.0126850645287122,71.68180838395295,-0.010187575545197735,76.91449737548828,2022,74.53016491358191,74.53016491358191,0.0869833333333333,0.0325,76.92533428089718,0.0001503340017037251,76.92606110885716,0.00051915465041125,76.95443826133604,0.003157117902657944,77.15770923436762,-0.08598239381119703,70.57754167953087
2022-03-10,76.13490295410156,-0.010135857972012996,0.006662694820372073,0.02012380118902546,0.017725217819819283,0.007639506936974818,0.0057100679963177905,76.48798065185547,75.49666061401368,74.90576370239258,0.9953838799933681,1.00845391484732,1.01313064749857,60.55700494126982,0.0023011528224962767,76.13490295410156,2022,74.53016491358191,74.53016491358191,0.0869833333333333,0.0325,76.14563001817638,0.004773843008915451,76.49922795157374,0.002703520076385202,76.34101367945465,0.005666976661492915,76.56758250678648,-0.07381760034380339,70.71722690840616
2022-03-11,76.310302734375,0.002303802506705477,0.005515780851382823,0.011961553299162597,0.010218696776042924,0.007578001290180319,0.005332406137493403,76.57170104980469,75.53525581359864,74.94334579467774,0.9965862281776963,1.0102607307333278,1.0137213440934618,66.70832550272505,0.00579363865539049,76.310302734375,2022,74.53016491358191,74.53016491358191,0.0869833333333333,0.0325,76.32105451148692,0.0007575591600843476,76.36813420583495,0.0002668775204500047,76.33067095654296,-3.652563221410701e-06,76.31002400667886,-0.16743576508719143,64.54561565980265
2022-03-14,76.75370025634766,0.005810454238611262,0.004392957051833735,0.022455632827210525,0.01875070379062649,0.007376443574235421,0.005403934240461136,76.63884124755859,75.60589065551758,74.98814376831055,1.001498704924544,1.015181483755807,1.0136623030703709,71.7176057141418,-0.0034403150415906773,76.75370025634766,2022,74.53016491358191,74.53016491358191,0.0869833333333333,0.0325,76.76451450616847,0.00174442527129772,76.88770820017993,0.0005484407154985674,76.79580665600996,0.003157117902657944,76.99640365755538,-0.1531886192094935,65.85220928582336
2022-03-15,76.49009704589844,-0.0034344039384266445,-0.007663462875632132,0.016009864073081026,0.01063210485797872,0.006055192128752248,0.005417531893773635,76.52070007324218,75.6461254119873,75.02987976074219,0.9996000686439819,1.0111568388904872,1.0115613940104895,67.59050277883999,-0.00293536821484691,76.49009704589844,2022,74.53016491358191,74.53016491358191,0.0869833333333333,0.0325,76.50087415521708,-0.0008093151607857337,76.42821749411647,0.0032843791568021785,76.74173253331037,-3.652563221410701e-06,76.4898176614934,0.21230341613624176,94.58176497320166
2022-03-16,76.26589965820312,-0.0029310642338548076,-0.00843271085968067,0.006130493794169745,0.014514207457777317,0.006085272849518066,0.005210566864187452,76.39098052978515,75.70068054199218,75.06449981689452,0.9983626225149282,1.0074664998011136,1.0091188082174511,64.78722213547533,-0.0031741974236312283,76.26589965820312,2022,74.53016491358191,74.53016491358191,0.0869833333333333,0.0325,76.27664517912208,-0.0005790445211229687,76.22175109008433,0.0025087891114843855,76.45747492733621,-3.652563221410701e-06,76.26562109269173,0.15424372084235227,88.98516181921039
2022-03-17,76.02420043945312,-0.0031691649850484893,-0.0014540310731750994,0.005198975981897114,0.013088678672679377,0.004156178090393198,0.005255237380276579,76.36884002685547,75.74979057312012,75.0963818359375,0.9954871700646344,1.0036225825082397,1.0081722926103378,56.174158583798985,-0.00056053835634274,76.02420043945312,2022,74.53016491358191,74.53016491358191,0.0869833333333333,0.0325,76.03491190604345,-0.001007499238417144,75.94764468681603,0.00039098045551735645,76.05393022747559,-3.652563221410701e-06,76.02392275676179,-0.08650530566261823,69.72412685728148
2022-03-18,75.98159790039062,-0.00056038128406799,-0.004307476477043326,0.0011845452780696597,0.012237644605595621,0.003899800926777837,0.005261820352784614,76.3030990600586,75.7957202911377,75.12762786865234,0.9957865255326666,1.0024523496648485,1.0066940292535254,59.7398203110639,-0.00046330363431363843,75.98159790039062,2022,74.53016491358191,74.53016491358191,0.0869833333333333,0.0325,75.99230336447555,-0.0017538023731046627,75.84845797836248,0.00017685529344222856,75.99503683652198,-3.652563221410701e-06,75.98132037330748,-0.11006390385619719,68.06255945455655
2022-03-21,75.94640350341797,-0.00046319632575764214,-0.010518017375493516,-0.0061712655222607715,0.0169250034631514,0.0014716733466290683,0.005097810862170234,76.14163970947266,75.85892028808594,75.16115600585937,0.9974358812497388,1.001153235703854,1.0037269106957105,57.3374669586378,0.004738092136557879,75.94640350341797,2022,74.53016491358191,74.53016491358191,0.0869833333333333,0.0325,75.95710400877125,-0.00043882032236358903,75.91308398932487,-0.0003743582663247308,75.91797766052544,-3.652563221410701e-06,75.94612610488434,0.03446313091704599,78.60937800515147
2022-03-22,76.30709838867188,0.004749334644104319,-0.00239244901358604,-0.010037577445020762,0.02402270808957252,0.003185587787039757,0.005115132427253631,76.10503997802735,75.94842529296875,75.20615798950195,1.0026549938177927,1.004722587654972,1.0020621189241838,55.81130798906956,-0.0026927586153797844,76.30709838867188,2022,74.53016491358191,74.53016491358191,0.0869833333333333,0.0325,76.31784971430595,-0.00385727818734666,76.01332762453909,-0.0022605533072040753,76.13479694671659,-3.652563221410701e-06,76.30681967267978,-0.05473363239416112,72.24277588090732
2022-03-23,76.10189819335938,-0.002689136392885816,-0.0021503904835417087,-0.010564967722039298,0.019818247362791475,0.003140472486262504,0.005187830197416177,76.07223968505859,76.02237014770508,75.25188995361329,1.0003898729473928,1.0010461137359936,1.0006559850377805,55.36615985978188,0.005902248483348814,76.10189819335938,2022,74.53016491358191,74.53016491358191,0.0869833333333333,0.0325,76.11262060721242,-0.0009453027206011972,76.02999285346553,-0.0006876857812282067,76.04958199066344,-3.652563221410701e-06,76.1016202268726,0.030677534109103496,78.47269595648466
2022-03-24,76.55239868164062,0.0059197010715372755,0.006947764516223476,0.005483631177552795,0.025717783870189193,0.003730984807747284,0.005297476399704734,76.1778793334961,76.11833992004395,75.30695587158203,1.0049163792878106,1.005702420232136,1.000782195375184,57.21681186570908,-0.002994550028802243,76.55239868164062,2022,74.53016491358191,74.53016491358191,0.0869833333333333,0.0325,76.56318456897844,-0.0008086592337989033,76.49051890077745,-0.0022829648056647924,76.37783159074284,-3.652563221410701e-06,76.55211906967534,-0.18894054543976946,63.3728103743449
2022-03-25,76.32350158691406,-0.002990070836035863,0.004499822272383103,0.0001729629167506186,0.012136585121060861,0.004179936888703218,0.004918432650939436,76.24626007080079,76.1640998840332,75.35397994995117,1.0010130531784975,1.0020928718795805,1.001078725894387,48.89607843137255,-0.0005897454656388116,76.32350158691406,2022,74.53016491358191,74.53016491358191,0.0869833333333333,0.0325,76.3342552236847,-0.00016434786965864739,76.31095901272427,-0.00040452425831140527,76.29263312298507,-3.652563221410701e-06,76.32322281100836,-0.09904829418894227,69.12611654282426
2022-03-28,76.27850341796875,-0.000589571599962202,0.004372819504689707,-0.006191191262334028,0.016125414447126563,0.004190649144813195,0.004779435362827303,76.31268005371093,76.2246250152588,75.39197006225587,0.9995521499740524,1.0007068372287717,1.0011552046131353,39.04646235701206,-0.0032091924534003516,76.27850341796875,2022,74.53016491358191,74.53016491358191,0.0869833333333333,0.0325,76.28925071470056,-0.0006205632476883211,76.23118246649916,-0.001987275335116553,76.12706755174585,-3.652563221410701e-06,76.2782248064214,0.0014354727942549328,76.3880777610904
2022-03-29,76.03410339355469,-0.0032040484994162455,-0.00357758322465207,-0.005961473052781274,0.00995294864704932,0.003850435661688443,0.004833916000694444,76.2580810546875,76.26209030151367,75.42755020141601,0.9970628993277161,0.9970104817864603,0.9999474280496335,38.23122064051858,-0.0048437691516771,76.03410339355469,2022,74.53016491358191,74.53016491358191,0.0869833333333333,0.0325,76.04481625542653,-0.0012842880991706961,75.93651637777003,-0.00013111569063709388,76.02413478311118,3.181165927979025e-05,76.03652220301846,0.19111496813366485,92.04678097157449
2022-03-30,75.66670227050781,-0.004832057019798053,-0.005718594846948699,-0.007856688118552335,-0.0017743597021362412,0.004226602975834723,0.004731046549496965,76.1710418701172,76.2553653717041,75.44849029541015,0.9933788538632653,0.9922803713767959,0.9988941958224726,42.96612811531478,0.0021267402722958315,75.66670227050781,2022,74.53016491358191,74.53016491358191,0.0869833333333333,0.0325,75.67736336722024,-6.187130602709336e-05,75.66202081764087,0.0010198159560837643,75.74390774182199,3.181165927979025e-05,75.66910939214634,0.16048988203923553,88.83920776053138
2022-03-31,75.82779693603516,0.002129003388457784,-0.009465434892757307,-0.002583433989212236,0.0026021107814240274,0.00271273897741196,0.004726694249826508,76.0261215209961,76.26520538330078,75.47606216430664,0.9973913625870527,0.9942646394896958,0.9968650990828246,42.719928538045885,0.0010729834874887438,75.82779693603516,2022,74.53016491358191,74.53016491358191,0.0869833333333333,0.0325,75.83848073025861,-0.0006403329230030143,75.77925744355431,7.797522632282863e-06,75.82838820730315,3.181165927979025e-05,75.83020918244381,0.11245785598001418,84.853207723295
2022-04-01,75.9092025756836,0.001073559340212693,-0.00542819711643705,-0.0009528007663374138,0.0002306158760834176,0.0029054021944987605,0.004668748448863802,75.94326171875,76.26608047485351,75.50520217895507,0.9995515185640493,0.9953206209503898,0.9957672040559373,35.69563981287638,0.0011269510570261641,75.9092025756836,2022,74.53016491358191,74.53016491358191,0.0869833333333333,0.0325,75.91989783959413,0.0004719304869702326,75.94503489713807,-0.00030014858863234586,75.88642195462295,3.181165927979025e-05,75.9116174117819,0.1720704004902347,90.16202446337952
2022-04-04,75.99479675292969,0.001127586304977335,-0.0037193527970060813,0.0006372026492280636,-0.005537995219772607,0.0030750819133318844,0.004388346238449663,75.88652038574219,76.24492034912109,75.53683410644531,1.001426819501502,0.9967194719983168,0.9952993594624034,41.07206706676421,-0.0068236931510762145,75.99479675292969,2022,74.53016491358191,74.53016491358191,0.0869833333333333,0.0325,76.00550407667333,-0.0006649683674988193,75.94427941507182,0.00013693401216425776,76.00520373787151,3.181165927979025e-05,75.99721431196411,-0.016450176220070944,74.75489521444824
2022-04-05,75.47799682617188,-0.006800464621781965,-0.007313909713702937,-0.010865326817656618,-0.020793842703279775,0.00405853424692545,0.0040822569386039335,75.77529907226562,76.16478004455567,75.55349807739258,0.9960765282389685,0.9909829291441263,0.9948863375951168,37.15298683850421,-0.0003617333842013617,75.47799682617188,2022,74.53016491358191,74.53016491358191,0.0869833333333333,0.0325,75.48863133513922,0.0007545995831696289,75.5349739858822,0.0019009514570440492,75.62161329493321,3.181165927979025e-05,75.48039794468161,-0.07921901562550393,69.72940898189137
2022-04-06,75.45069885253906,-0.00036166796656889044,-0.002854669378831165,-0.008556939528180374,-0.01903150346030491,0.0035961692319579235,0.004076178487943982,75.73209838867187,76.0915901184082,75.56691207885743,0.9962842765205235,0.9915773705757517,0.9952755392655493,39.94591095370063,0.006531248413818777,75.45069885253906,2022,74.53016491358191,74.53016491358191,0.0869833333333333,0.0325,75.46132951534517,-0.0001898881902627465,75.43637301607652,0.00027752416962684113,75.47164115094844,3.181165927979025e-05,75.45309910264115,-0.008504090119316243,74.81177987274629
2022-04-07,75.94509887695312,0.006552623526792312,0.0015469517203159366,-0.007933125743232239,-0.0024929969013405273,0.00477575431223387,0.0037957940956529802,75.75555877685547,76.08209991455078,75.58791412353516,1.002501995934793,0.9981992999962997,0.9957080425216699,49.44763373867904,-0.0004201087350605107,75.94509887695312,2022,74.53016491358191,74.53016491358191,0.0869833333333333,0.0325,75.95579919849044,-0.000635823338280277,75.89682655861871,-0.0008726277166187268,75.87885598562679,3.181165927979025e-05,75.9475148549905,-0.10708563418709509,68.2327777700821
2022-04-08,75.91320037841797,-0.00042002050174216876,5.2665587290112725e-05,-0.005375817408336037,-0.00520378430864421,0.004763400648333096,0.0037529522414027875,75.75635833740235,76.06224479675294,75.6019921875,1.0020703482117908,0.998040494088319,0.9959784718401626,49.49701119242558,5.396787766907149e-05,75.91320037841797,2022,74.53016491358191,74.53016491358191,0.0869833333333333,0.0325,75.92389620560085,-7.02328052226343e-05,75.90786896862409,0.0007519917711028826,75.9703079499414,3.181165927979025e-05,75.91561534169504,-0.1392966080113456,66.04220314736445
2022-04-11,75.91729736328125,5.396933396117909e-05,-0.0010197986304298912,-0.004735358436547599,-0.01089723218910521,0.004725012810371529,0.003473713508670006,75.74085845947266,76.0204246520996,75.61955810546876,1.002329507578832,0.9986434265621337,0.996322485780547,43.37970425579334,-0.0010582815432144698,75.91729736328125,2022,74.53016491358191,74.53016491358191,0.0869833333333333,0.0325,75.9279937677108,-0.00020624208355256635,75.90164163618574,0.0006566531315346809,75.967165065432,3.181165927979025e-05,75.91971245689228,-0.16125496633610897,64.61131749405318
2022-04-12,75.83699798583984,-0.0010577217607886658,0.0047563684088589575,-0.0025923289539513394,-0.00853834790752972,0.003155177411309208,0.003409618260205374,75.81265869140626,75.98776969909667,75.64518203735352,1.0003210452562106,0.9980158423670826,0.9976955369478031,45.301661962149154,0.0041162208176171,75.83699798583984,2022,74.53016491358191,74.53016491358191,0.0869833333333333,0.0325,75.84768307644967,-3.0061671007730695e-05,75.83471823322293,-0.00023763528492477476,75.81897858032372,3.181165927979025e-05,75.8394105249538,0.05943396333223869,80.48092798997638
2022-04-13,76.1498031616211,0.004124704090207487,0.009265710188428589,0.006384590270449575,-0.0015222595826225316,0.0033212388229179844,0.003500288990534645,75.95247955322266,75.98196487426758,75.6732681274414,1.0025979877096727,1.0022089227046347,0.9996119431618581,42.4927800145111,-0.00036916546878336447,76.1498031616211,2022,74.53016491358191,74.53016491358191,0.0869833333333333,0.0325,76.16053232506786,-0.0002625422751032838,76.12981324326452,-0.0015902345122897562,76.02880335106593,3.181165927979025e-05,76.15222565174501,0.12464921601656093,86.2587681519698
2022-04-14,76.12169647216797,-0.00036909733559609137,0.0023253323496355005,0.0038758812468300263,0.0012824341742665446,0.0020832685922968263,0.0034250087950032063,75.98779907226563,75.98683967590333,75.69925399780273,1.0017620907769023,1.0017747388474088,1.000012625822661,45.932330063942274,0.0024549334955568957,76.12169647216797,2022,74.53016491358191,74.53016491358191,0.0869833333333333,0.0325,76.13242167550911,1.6400831746234843e-05,76.12294494154199,-0.00045239082700785445,76.08726750320973,3.181165927979025e-05,76.12411806815723,0.13843206090740517,87.42361056115139
2022-04-15,76.30879974365234,0.0024579493121621443,0.00521120652616891,0.005264146564711192,0.004306330115492862,0.0021727982370075044,0.0034620842788502,76.0669189453125,76.00319976806641,75.7325520324707,1.0031798421928164,1.0040208830222743,1.0008383749294836,50.57757815704424,0.0002960984995983447,76.30879974365234,2022,74.53016491358191,74.53016491358191,0.0869833333333333,0.0325,76.31955130899965,0.0009451894875403434,76.38096011621741,-0.0010887333253497373,76.22576501989148,3.181165927979025e-05,76.3112272918018,0.045602477934823527,79.86923544754046
2022-04-18,76.3313980102539,0.00029614234108610304,0.005454628409532258,0.0044292671565207,0.00506929214651497,0.00214782431971664,0.003458352743053431,76.14973907470703,76.0224494934082,75.7663360595703,1.0023855490216278,1.0040639116327408,1.0016743683233973,56.19131147697265,-0.0006709957859840251,76.3313980102539,2022,74.53016491358191,74.53016491358191,0.0869833333333333,0.0325,76.34215275959495,0.001106174809615999,76.41588059755603,-0.0005752387419576024,76.28750185948434,3.181165927979025e-05,76.33382627730316,-0.024464505301686493,74.48664560440967
2022-04-19,76.28019714355469,-0.0006707707186541789,0.0058441020805912736,0.010628267191964635,-0.00035253922223810186,0.002056085469241877,0.003296499977219999,76.23837890625,76.02110443115234,75.79877395629883,1.0005485194977206,1.003408168223036,1.0028580810121541,64.71421356579785,0.002163348530599318,76.28019714355469,2022,74.53016491358191,74.53016491358191,0.0869833333333333,0.0325,76.29094467892479,0.0010186536002780458,76.35793983071646,0.00036302497707587874,76.30789378735663,3.181165927979025e-05,76.2826237817935,-0.10794191161048552,68.47518751504883
2022-04-20,76.44539642333984,0.002165690257384334,0.0038817337595919987,0.013183410968065745,0.004513661789456336,0.0014486933157012542,0.0032676459929732136,76.29749755859375,76.03827934265136,75.83377792358398,1.00193844974578,1.0053541069604415,1.0034090489446015,64.78355199719488,-0.002215759348204074,76.44539642333984,2022,74.53016491358191,74.53016491358191,0.0869833333333333,0.0325,76.45616723454258,0.000914249444700243,76.51531854282885,-0.0001328480734614779,76.43524147424765,3.181165927979025e-05,76.44782831692545,-0.11618467540739093,68.0601612514636
2022-04-21,76.27619934082031,-0.0022133063655337404,0.0020296824139860448,0.004359734449798314,-0.003607977615031288,0.0019582689418786107,0.003018947850897413,76.32839813232422,76.02446937561035,75.86312393188477,0.9993161288225463,1.0033111703018438,1.0039977754426967,58.43051480768759,0.00011802048849372362,76.27619934082031,2022,74.53016491358191,74.53016491358191,0.0869833333333333,0.0325,76.28694631291805,0.0012708547014538124,76.37319692922742,0.0004135109171172212,76.30774690414535,3.181165927979025e-05,76.27862585188036,-0.020884846831060302,74.69970235200701
2022-04-22,76.28520202636719,0.00011802745318556518,-0.0003092397910127165,0.004900355222739128,-0.0005018056005103855,0.001590754057118677,0.0029455914672689965,76.32367858886718,76.02255439758301,75.8780599975586,0.9994958764670233,1.0034548645578336,1.0039609849165203,56.914391176085914,0.002334540688970928,76.28520202636719,2022,74.53016491358191,74.53016491358191,0.0869833333333333,0.0325,76.29595026690268,0.0011387485466512522,76.37212116943695,3.7649801866284166e-05,76.28807420317692,3.181165927979025e-05,76.28762882382216,-0.006014674786988139,75.82774844147171
2022-04-25,76.4635009765625,0.002337267850895719,0.0017306504237069031,0.00719471888820733,0.002425290878873776,0.00193081938503408,0.002988252015590693,76.3500991821289,76.0318042755127,75.90050994873047,1.0014852867992101,1.0056778437018998,1.004186338988653,77.9733545849864,0.0008405777302215941,76.4635009765625,2022,74.53016491358191,74.53016491358191,0.0869833333333333,0.0325,76.47427433861505,0.000786161224289102,76.52363725141012,0.0006154764093212972,76.51057694317507,3.181165927979025e-05,76.46593344609315,-0.06857404453656946,71.3958304816304
2022-04-26,76.52780151367188,0.0008409311146906351,0.003245984926483647,0.009109056874337496,0.006493114248507625,0.0018481181100497722,0.002886194653718813,76.39962005615234,76.05648918151856,75.91735794067382,1.0016777761123068,1.0061968720516203,1.004511526607741,79.94434404880077,0.0034736936538036205,76.52780151367188,2022,74.53016491358191,74.53016491358191,0.0869833333333333,0.0325,76.53858393537978,0.0008595443231879645,76.5936088291296,0.0008152719803856239,76.59021792568521,3.181165927979025e-05,76.53023602874184,-0.018977599744964255,75.08918148100555
2022-04-27,76.79409790039062,0.003479733919589778,0.00456144507538081,0.008460885150314512,0.014899494705774119,0.0021810334471239782,0.0026963091438807134,76.4693603515625,76.1128589630127,75.94974395751953,1.0042466361342002,1.0089503790379097,1.0046838522873387,77.03122874521463,-0.004200530644543914,76.79409790039062,2022,74.53016491358191,74.53016491358191,0.0869833333333333,0.0325,76.80491784205708,0.0023441612556207112,76.97432680963097,-4.899298622896371e-06,76.79372166409418,4.965353158764293e-05,76.79791109322494,-0.00908096337989829,76.09989031696834
2022-04-28,76.47219848632812,-0.004191720755415851,0.0025695976884223537,0.004604495569647593,0.008498223294507001,0.002937997992864597,0.0028888813986001865,76.50856018066406,76.14507904052735,75.9783479309082,0.9995247369150579,1.0042960024458925,1.0047735342154318,65.02355985515509,0.0015261663580279372,76.47219848632812,2022,74.53016491358191,74.53016491358191,0.0869833333333333,0.0325,76.48297307382053,0.0011685925671768105,76.56161556496593,0.0011313333008120562,76.55876298848106,4.965353158764293e-05,76.47599569532288,0.05003094559468417,80.39549979306395
2022-04-29,76.58899688720703,0.0015273315425838874,0.003982356378041008,0.0036718850839740913,0.008955360989936212,0.0029577069081215854,0.0028959983196054574,76.56931915283204,76.17906875610352,76.00886779785156,1.0002569924167108,1.0053811123947438,1.0051228034563924,67.02137120629189,-0.0008607430137381816,76.58899688720703,2022,74.53016491358191,74.53016491358191,0.0869833333333333,0.0325,76.59978793106677,0.0015021553128677686,76.70413190948118,3.991131778007949e-06,76.58930256459634,4.965353158764293e-05,76.59279989579886,-0.1054221599223667,68.92584818430485
2022-05-02,76.52310180664062,-0.0008603726807318024,0.0007794677109591586,0.0025114671207904227,0.00695185823614386,0.002886716413636047,0.002905612664651366,76.58123931884765,76.20548400878906,76.04568176269531,0.9992408387129259,1.0041679126113146,1.0049308171839084,67.51424642914179,1.306068537808171e-05,76.52310180664062,2022,74.53016491358191,74.53016491358191,0.0869833333333333,0.0325,76.53388356618103,0.001603348894626815,76.64589344995319,0.0007633597732744216,76.5815387656602,4.965353158764293e-05,76.52690154322777,-0.005987893851278292,76.06625872479569
2022-05-03,76.52410125732422,1.3060770669204302e-05,-4.835179208684259e-05,0.003197476185208492,0.01385972700840954,0.002861469029911113,0.0023738266238326707,76.58049926757812,76.25778923034667,76.08582382202148,0.9992635460620746,1.0034922599994751,1.0042318304856264,61.36374164975771,-0.0007425364337351575,76.52410125732422,2022,74.53016491358191,74.53016491358191,0.0869833333333333,0.0325,76.53488315768271,0.00047335349714551955,76.56033278275342,0.0004359823213447517,76.55747168655921,4.965353158764293e-05,76.52790104353885,-0.02344604998349606,74.75078324028412
2022-05-04,76.46730041503906,-0.0007422608217789728,-0.004255502626978602,0.00028653120690114164,0.013473719633622538,0.00209615057593899,0.002384213353036606,76.51513977050782,76.30861930847168,76.12270980834961,0.9993747726840435,1.0020794650460905,1.0027063844675435,60.31289983289546,-0.006108782610696442,76.46730041503906,2022,74.53016491358191,74.53016491358191,0.0869833333333333,0.0325,76.47807431241533,0.00044213594056049464,76.50111683200598,0.0006495009016749192,76.51698212801944,4.965353158764293e-05,76.47109738082125,0.07298548477693505,82.25701614428444
2022-05-05,76.00160217285156,-0.0060901619340534285,-0.006153822209788995,-0.0036000373686919662,0.0007440018741693422,0.002878531051015746,0.0024187950921379458,76.4210205078125,76.3114444732666,76.15008178710937,0.9945117412437844,0.9959397662755082,1.0014359056534998,42.140009916490655,0.007082594528755977,76.00160217285156,2022,74.53016491358191,74.53016491358191,0.0869833333333333,0.0325,76.01231045544816,0.0004474019076066637,76.03561304234148,0.0013566070536205487,76.10477645009851,4.965353158764293e-05,76.00537601449727,0.1821746985350567,91.18852983530327
2022-05-06,76.54180145263672,0.007107735420584627,-0.0006162169043657517,0.00336368547835586,0.008280523954796504,0.004712639956163833,0.002884342525736442,76.41158142089844,76.34287452697754,76.17275177001953,1.0017041923399148,1.0026057038969483,1.0008999778217236,54.25610064756683,0.005416261987107169,76.54180145263672,2022,74.53016491358191,74.53016491358191,0.0869833333333333,0.0325,76.55258584687282,0.0005894983434101309,76.58693601986393,-0.00026000572712725316,76.52190273289705,4.965353158764293e-05,76.54560211775036,-0.23368490281401277,60.59134814514598
2022-05-09,76.9574966430664,0.00543095645177516,0.005676649615215634,0.00646054209125646,0.01370174276367564,0.005270536927407566,0.0030919121357470473,76.49846038818359,76.3948844909668,76.21054168701171,1.0060005946858732,1.0073645265104907,1.0013557962408992,61.9399231218242,0.005287685134989284,76.9574966430664,2022,74.53016491358191,74.53016491358191,0.0869833333333333,0.0325,76.96833960687796,-0.00023084721431662598,76.93973326973709,-0.00017496465985159654,76.9440329787103,4.965353158764293e-05,76.96131794942677,-0.07644615050072999,71.29364031514325
2022-05-10,77.3655014038086,0.005301689614912286,0.010995230687584678,0.010946347256389766,0.020155115030451975,0.005512011792143267,0.00322727285684977,76.66674041748047,76.47130966186523,76.25215576171875,1.0091142649670912,1.011693166311617,1.0025556088483298,64.94120154020744,-0.0012170570237083958,77.3655014038086,2022,74.53016491358191,74.53016491358191,0.0869833333333333,0.0325,77.37640185364877,0.0002750332520402177,77.38678241561419,-0.0005655485981532493,77.32175982310494,4.965353158764293e-05,77.36934296954921,0.10469409509451331,85.90440068734348
2022-05-11,77.27140045166016,-0.0012163167101739703,0.010515606439049252,0.006215354621244895,0.01472882717317825,0.0055789779633926,0.0031759491077105943,76.82756042480469,76.52738952636719,76.28155975341797,1.0057770938501929,1.0097221521588244,1.0039223982458474,66.56465323475703,0.0019006193583009652,77.27140045166016,2022,74.53016491358191,74.53016491358191,0.0869833333333333,0.0325,77.28228764310106,-0.0004247807411660795,77.23858401929304,0.0005509114100656116,77.31398187606003,4.965353158764293e-05,77.27523734484016,0.1479399593767582,89.59180603436909
2022-05-12,77.41840362548828,0.0019024266801024314,0.018641731386326077,0.012373191275903084,0.017034659149962827,0.003338247295844377,0.0031749608543654778,77.11092071533203,76.5922248840332,76.3173078918457,1.0039875403808416,1.010786718138897,1.0067721734429855,68.03317898049424,0.00032801101520362196,77.41840362548828,2022,74.53016491358191,74.53016491358191,0.0869833333333333,0.0325,77.42931152901265,-0.0012138291608850462,77.32448791992067,-0.0013715946559917365,77.31228974605088,4.965353158764293e-05,77.42224781807624,-0.1287691089530944,68.06447490462986
2022-05-13,77.44380187988281,0.000328064816699003,0.011784415967845296,0.011160937307151952,0.014873804070347552,0.002966981667391193,0.0031538278838532685,77.29132080078125,76.64897499084472,76.34834991455078,1.001972809851375,1.0103697001705898,1.008380357467445,66.39798257211845,0.0005485793754139401,77.44380187988281,2022,74.53016491358191,74.53016491358191,0.0869833333333333,0.0325,77.45471336190654,-0.0009569891121994963,77.36972445597401,-0.000705990023018451,77.3891466237139,4.965353158764293e-05,77.44764733361512,-0.1529907182324805,66.4574450028923
2022-05-16,77.48629760742188,0.0005487298725981304,0.006871337912771169,0.012586993705705485,0.015130072647337345,0.002459205485152396,0.0031524488426992975,77.39708099365234,76.70671997070312,76.36971588134766,1.0011527129011086,1.0101630944070676,1.0090000070816858,66.1510613789699,0.004109683729397261,77.48629760742188,2022,74.53016491358191,74.53016491358191,0.0869833333333333,0.0325,77.49721507690175,0.0006322948794515514,77.53530728927933,-0.00037778037848826404,77.45703033323313,4.965353158764293e-05,77.49014517126952,-0.08459078320100591,71.20124701078046
2022-05-17,77.8053970336914,0.004118140059887976,0.005685940398509004,0.01674368931245107,0.019994703045488782,0.002000725389851863,0.003219545010299101,77.48506011962891,76.78297996520996,76.38420776367188,1.004134176492448,1.0133156731992519,1.0091436950576425,66.74287417676942,-0.005580692519338944,77.8053970336914,2022,74.53016491358191,74.53016491358191,0.0869833333333333,0.0325,77.8163594628397,0.0015892351788132381,77.92914641514824,-0.0009742627242279037,77.72963104959777,4.965353158764293e-05,77.80926044234586,-0.08140842366749444,71.72234721790821
2022-05-18,77.37239837646484,-0.0055651493821060605,0.0013070544110025395,0.011836405319832322,0.012126328026235145,0.003591760211946266,0.0035215505467805137,77.50525970458985,76.8293300628662,76.39336578369141,0.9982857766217235,1.0070685025257187,1.0087978073109651,64.3747365445858,0.005768356762870294,77.37239837646484,2022,74.53016491358191,74.53016491358191,0.0869833333333333,0.0325,77.38329979805734,-0.00035137639212547486,77.3452163181197,0.0015524999213641015,77.49261231077631,4.965353158764293e-05,77.37624028467302,0.08246052024049201,84.02300472413724
2022-05-19,77.81999969482422,0.005785025768252794,0.005187346296607442,0.02392577879920288,0.02023960773275868,0.0043693926436908625,0.0036364844511293,77.58557891845703,76.90652008056641,76.42706771850585,1.0030214477952606,1.0118777915487642,1.0088296653805067,67.77883068514886,-0.005139151681047835,77.81999969482422,2022,74.53016491358191,74.53016491358191,0.0869833333333333,0.0325,77.83096418142154,0.0018519971859874756,77.96425565485671,-7.81278095931474e-06,77.8193917065874,0.0025544826919033487,78.01904365606906,-0.23299425866833862,61.6457447775663
2022-05-20,77.42109680175781,-0.0051259688335997255,-0.0002931813466520161,0.011487779650250163,0.014890106406194148,0.005195231077900724,0.0038846648699291685,77.58103790283204,76.96331481933593,76.44928359985352,0.9979383995703365,1.0059480543879442,1.0080262016383539,61.83129681676176,0.005118563280238346,77.42109680175781,2022,74.53016491358191,74.53016491358191,0.0869833333333333,0.0325,77.43200508473855,-0.00021294942334154244,77.40461177913974,0.0019425902258772558,77.57164044264262,4.965353158764293e-05,77.4249411280748,0.04726073681089414,81.16791622982636
2022-05-23,77.81839752197266,0.005131685504690786,0.004285917959757635,0.01118670586309678,0.017719520138444356,0.0057059757592563525,0.003993619335117379,77.64745788574218,77.03105964660645,76.47057754516601,1.0022014840006999,1.010221044329109,1.0080019441763306,65.44027435461498,-0.003754165590393155,77.81839752197266,2022,74.53016491358191,74.53016491358191,0.0869833333333333,0.0325,77.82936178283104,0.0016637084307850616,77.94797240352376,-0.00014685207012993517,77.8069705682588,4.965353158764293e-05,77.8222615761633,-0.1511277845829781,66.90342025070598
2022-05-24,77.52680206298828,-0.003747127520867255,-0.0035806638269898494,0.00208491713041159,0.013054086613711657,0.005670270872024724,0.004125937669133162,77.59173889160157,77.08100967407226,76.4913116455078,0.9991630961035168,1.0057834269530328,1.0066258760710174,61.968810815376365,-0.000619386034219071,77.52680206298828,2022,74.53016491358191,74.53016491358191,0.0869833333333333,0.0325,77.53772523936307,-0.0014576044524041434,77.41388096825861,0.0017366591462251758,77.66155667041113,4.965353158764293e-05,77.53065163807511,0.13279221486584558,88.5365910282025
2022-05-25,77.47879791259766,-0.0006191942542866924,0.0013751614059462902,0.002684013227730375,0.008916049942993665,0.005002370614966119,0.0040798788161854945,77.61301879882812,77.11524467468261,76.5155696105957,0.9982706395356381,1.0047144146329137,1.0064549380118732,68.42625178677133,0.0002387630372882851,77.47879791259766,2022,74.53016491358191,74.53016491358191,0.0869833333333333,0.0325,77.48971432540439,0.0011828110812557024,77.57049491275433,0.000991029707282654,77.55561976309411,4.965353158764293e-05,77.48264510404972,-0.0946338521744799,70.48292426226203
2022-05-26,77.49729919433594,0.00023879154345096687,-0.00414675535535558,0.001019080285216356,0.01340488083641378,0.003990403199546579,0.0039320824363379145,77.54847869873046,77.166499710083,76.54503158569337,0.9993400321288912,1.0042868276453611,1.004950062398613,63.702027750000546,0.001713481918552745,77.49729919433594,2022,74.53016491358191,74.53016491358191,0.0869833333333333,0.0325,77.50821821388973,-0.001755044650737398,77.36140725702813,0.0007038685930196099,77.55186631106966,9.24364863685572e-05,77.5044631034747,0.011965996127831044,78.43020200064431
2022-05-27,77.63020324707031,0.0017149507675242592,0.00270089748079827,0.0024069242813855585,0.013594725119545181,0.003251074141940692,0.003934450135194639,77.59029998779297,77.21856002807617,76.57800369262695,1.0005142815440025,1.005330884425253,1.0048141270645508,60.498210471421125,0.0007957406879102231,77.63020324707031,2022,74.53016491358191,74.53016491358191,0.0869833333333333,0.0325,77.64114099220508,0.0006868613265185353,77.68354274777357,-0.0005878539353340771,77.58458143738473,9.24364863685572e-05,77.63737944196056,-0.105942606883206,69.82652568250145
2022-05-30,77.69200134277344,0.000796057373525727,-0.0016242454641079984,0.0026547111128440992,0.015275119650617341,0.0020936524500540198,0.003917655926630297,77.56502075195313,77.27700500488281,76.61291564941406,1.001637085758365,1.005370243552586,1.0037270562834586,55.712626646910415,-0.0022047716702475327,77.69200134277344,2022,74.53016491358191,74.53016491358191,0.0869833333333333,0.0325,77.70294779498086,0.00012609750309065758,77.70179872785279,-0.0006278878174885474,77.64323479317736,9.24364863685572e-05,77.69918325032654,0.0040225735034373905,78.00515254340428
2022-05-31,77.5208969116211,-0.002202342946443614,-7.61691596976588e-05,-0.0036565602505327366,0.013025904753131146,0.0014886631252775786,0.00397100881388521,77.56383972167968,77.32684478759765,76.63719161987305,0.9994463552834326,1.0025095052637472,1.0030648468165617,54.25078901257741,0.0010069903405417035,77.5208969116211,2022,74.53016491358191,74.53016491358191,0.0869833333333333,0.0325,77.53181925598672,0.001091130145798911,77.6055284627925,-0.000724927879981957,77.46472021665501,9.24364863685572e-05,77.52806300215074,0.03538375548479446,80.31298332032729
2022-06-01,77.5989990234375,0.0010074975255438545,0.001551406501885122,0.0029287013421777086,0.014799771958156738,0.0015011307441016597,0.003957862859491746,77.58787994384765,77.38342971801758,76.6671336364746,1.0001433094910943,1.0027857295315734,1.002642041410869,53.15086508690802,-0.00019203389767024346,77.5989990234375,2022,74.53016491358191,74.53016491358191,0.0869833333333333,0.0325,77.60993237203805,0.001334932106106897,77.70265759181747,-0.0011415760209028515,77.51046441101639,9.24364863685572e-05,77.60617233378564,-0.04811571664656555,73.95366964682826
2022-06-02,77.58409881591797,-0.0001920154603415325,0.0011200341493755595,-0.0030313657135870864,0.02082188530009299,0.001518573155907093,0.00362796298867721,77.60523986816406,77.46255455017089,76.68776763916016,0.9997275821544781,1.0015690712300012,1.0018419908667064,52.456773662595424,-0.0028862245844503915,77.58409881591797,2022,74.53016491358191,74.53016491358191,0.0869833333333333,0.0325,77.59503006514655,0.0014059887434104254,77.6932579057644,-0.0012248100491584499,77.48913120254915,9.24364863685572e-05,77.59127074887961,0.0455695141564232,81.20136100579077
2022-06-03,77.3604965209961,-0.00288206344256714,-0.003474249902654991,-0.0007827360146664963,0.010696051736722945,0.0017628153414914398,0.003430507494550179,77.55129852294922,77.50348930358886,76.7085075378418,0.9975396672191547,0.9981550149047786,1.0006168653797392,47.92846033433085,0.004304321160180916,77.3604965209961,2022,74.53016491358191,74.53016491358191,0.0869833333333333,0.0325,77.37139626567088,4.5427626887282235e-05,77.3640109045923,0.00013792270406158078,77.37116702569934,9.24364863685572e-05,77.36764778399194,0.16329372820861487,91.08289242379551
2022-06-06,77.69419860839844,0.004313598055976531,2.8281748275515994e-05,-0.001596009652333863,0.009572842120227687,0.002864230017900717,0.003354888471792316,77.55173797607422,77.54032440185547,76.73682144165039,1.0018369753669243,1.0019844410986147,1.0001471953374814,48.177683088148875,0.0016307160591390003,77.69419860839844,2022,74.53016491358191,74.53016491358191,0.0869833333333333,0.0325,77.70514537019066,-0.0003923804914499854,77.66371890077805,-0.001189794969326758,77.60181341236749,9.24364863685572e-05,77.70138071906844,0.1184211103843482,87.46176277416097
2022-06-07,77.82099914550781,0.0016320463996093437,0.00387124305629305,0.003794779027264772,0.005887607957476337,0.0026277123346176825,0.0031728191773129134,77.61175842285157,77.56309928894044,76.77255935668946,1.002695992552008,1.0033250328949161,1.0006273490146373,58.17177133104854,-0.0019344877956281271,77.82099914550781,2022,74.53016491358191,74.53016491358191,0.0869833333333333,0.0325,77.83196377292322,0.0008231443223194546,77.885083430801,-0.00027597267624561987,77.7995256392923,9.24364863685572e-05,77.82819297771567,0.023492277363272654,79.67083499630068
2022-06-08,77.67060089111328,-0.0019326178800830318,0.0009227163826450724,0.0024755543927255097,0.005166212041191942,0.0028797808331119945,0.0031947834570956297,77.62607879638672,77.58305931091309,76.81263732910156,1.000573545584382,1.00112835947664,1.000554495863604,46.94807583210209,0.0006910867953243988,77.67060089111328,2022,74.53016491358191,74.53016491358191,0.0869833333333333,0.0325,77.6815443280937,0.00048720151029072806,77.70845134482303,0.00016647512054998034,77.68353219009973,9.24364863685572e-05,77.67778082039239,0.15341748516751597,90.54928644193052
2022-06-09,77.72429656982422,0.0006913256508238597,0.0018070423713871797,0.0029291004699281142,0.003951165743686591,0.002877750383094603,0.0031734709853778378,77.65411834716797,77.59835395812988,76.85056732177735,1.0009037282780355,1.0016230062271978,1.0007186285042615,57.21076906886528,0.0012138912065056654,77.72429656982422,2022,74.53016491358191,74.53016491358191,0.0869833333333333,0.0325,77.73524757228333,0.000482970279010486,77.76184416147998,0.00017381120365144866,77.73780709747051,9.24364863685572e-05,77.7314814627726,-0.016721126905707193,76.43546413778677
2022-06-10,77.8187026977539,0.0012146282706446687,0.005922999429475606,0.002428171546629443,0.004840940253069803,0.0022333888194876373,0.003181506742985677,77.74575958251953,77.61709899902344,76.88875732421874,1.0009382262856015,1.0025974134737115,1.0016576319542387,50.008479390840556,0.004601326851336601,77.8187026977539,2022,74.53016491358191,74.53016491358191,0.0869833333333333,0.0325,77.82966700161019,0.00034435882695677623,77.84550486944755,-0.0010426595220527884,77.73760657156328,9.24364863685572e-05,77.8258963176764,0.07075141888137375,83.52393318420371
2022-06-13,78.17759704589844,0.004611929211136623,0.006221808656994732,0.006250266368896584,0.008921570133328283,0.002339376975009578,0.003328185014192916,77.84243927001953,77.65166397094727,76.93241333007812,1.00430559189848,1.0067729788140527,1.0024568088990808,67.43063587358543,-0.00021745538248713343,78.17759704589844,2022,74.53016491358191,74.53016491358191,0.0869833333333333,0.0325,78.18861191634795,-0.0003556898075407422,78.1497950161936,-0.0008409806656224908,78.1118788360432,9.24364863685572e-05,78.18482384228678,-0.10630835161625377,70.29317935285701
2022-06-14,78.16059875488281,-0.0002174317407791504,0.004363855682963269,0.008251992285267518,0.004565258127756877,0.0024077914441934765,0.0032159566375652114,77.91035919189453,77.66942405700684,76.98606536865235,1.0032118907624588,1.0063239132237607,1.003102058986698,68.56950499328826,-0.002242800974006288,78.16059875488281,2022,74.53016491358191,74.53016491358191,0.0869833333333333,0.0325,78.17161123034987,0.0006200607423190241,78.20907810228368,0.0005026934086060138,78.19989944996216,9.24364863685572e-05,78.16782397993623,0.04182791596287007,81.49923097384794
2022-06-15,77.9854965209961,-0.002240287775121197,0.004054244801379392,0.004980702102121981,0.00792399043323111,0.0024996161804487294,0.002977575536664114,77.9733383178711,77.7000789642334,77.03676132202149,1.0001559276976886,1.003673323895772,1.0035168478240992,62.25143500453764,-0.001094348504522294,77.9854965209961,2022,74.53016491358191,74.53016491358191,0.0869833333333333,0.0325,77.99648432534899,0.0009385285489436379,78.05872249284214,0.00047004508605426245,78.02216183692,9.24364863685572e-05,77.99270555946616,-0.03772463729296951,75.09832313325037
2022-06-16,77.90019989013672,-0.0010937499235695869,0.0022631703093571875,0.00407430232538708,0.001030585911423909,0.002644449968183123,0.0027077401255628216,78.00851898193359,77.70408897399902,77.07586334228516,0.9986114453496808,1.0025238171983886,1.0039178119447028,56.94149676943537,0.0009943602838732787,77.90019989013672,2022,74.53016491358191,74.53016491358191,0.0869833333333333,0.0325,77.91117567657945,0.0007804080472651293,77.96101756122783,0.00040425727042071164,77.93169797854618,9.24364863685572e-05,77.9074010437215,-0.023403714480875873,76.09821467755273
2022-06-17,77.97769927978516,0.0009948548239637756,0.0020431667005396115,0.007978267805216932,0.007189286913004578,0.002630457104975337,0.0024221903666060314,78.04031829833984,77.73191909790039,77.1171533203125,0.9991976068278541,1.0031618952000299,1.0039674718444946,57.286344160923385,-0.00020900962684791149,77.97769927978516,2022,74.53016491358191,74.53016491358191,0.0869833333333333,0.0325,77.98868598554198,0.0007699819653203936,78.03776382326784,0.00020797500134859024,77.99391837842309,9.24364863685572e-05,77.98490759747233,-0.08438659225510095,71.667422569546
2022-06-20,77.9614028930664,-0.00020898778585753952,-0.0027654233565800324,0.003439179365434475,0.0018376807496371939,0.0012006410224833946,0.002147369368499651,77.99707946777343,77.73906936645508,77.1580354309082,0.999542590889935,1.0028599972758003,1.0033189244921639,62.19768797850226,-0.0003515791391225155,77.9614028930664,2022,74.53016491358191,74.53016491358191,0.0869833333333333,0.0325,77.97238730273591,0.0005244768549050231,78.00230256898891,0.0005989471091670355,78.00811163659291,9.24364863685572e-05,77.96860970430322,-0.03967595219590697,74.92876913066081
2022-06-21,77.93399810791016,-0.0003515173424193385,-0.002899167234929889,0.0014520369006192357,0.0052523260870613875,0.0011927401818015509,0.0019531415015010913,77.9517593383789,77.75942916870117,77.1999754333496,0.9997721509992911,1.0022449874063537,1.0024733999687738,59.544148397389925,0.0025745674608763517,77.93399810791016,2022,74.53016491358191,74.53016491358191,0.0869833333333333,0.0325,77.94497865636917,0.0004226688455458515,77.96694534331368,0.0004246582584341296,77.9671004519139,9.24364863685572e-05,77.94120238582784,-0.01344219054300573,76.89340405623899
2022-06-22,78.13490295410156,0.002577884505722716,0.001915823323189958,0.005977835341317794,0.008468188190581483,0.0014372401932795378,0.0020071567281044404,77.981640625,77.79223442077637,77.23967742919922,1.0019653642559097,1.0044049195382627,1.0024347700722818,64.18865536474445,0.000744550215984364,78.13490295410156,2022,74.53016491358191,74.53016491358191,0.0869833333333333,0.0325,78.14591180914631,0.0008791944103306209,78.20362893135106,-0.00012556135823583563,78.12509284545919,9.24364863685572e-05,78.14212580381566,-0.032427761353416566,75.64180423916343
2022-06-23,78.19309997558594,0.0007448274623000906,0.0037599401010819378,0.006031619795240806,0.00897838748554558,0.0011762366324300116,0.0020078934492630852,78.04022064208985,77.82702445983887,77.28110549926758,1.0019589813078211,1.004703706948683,1.002739359287223,73.44573778310581,-0.0006485708951095001,78.19309997558594,2022,74.53016491358191,74.53016491358191,0.0869833333333333,0.0325,78.20411703032825,0.0008861405436412722,78.26242076115045,0.00037403338027660465,78.22235227541137,9.24364863685572e-05,78.20032820507686,0.04505529551425776,81.79668389174266
2022-06-24,78.14240264892578,-0.0006483606184687352,0.002112185543583056,0.004159667791290733,0.006597939724894308,0.0013128403494180275,0.0019989873578847945,78.07316131591797,77.85263442993164,77.31777755737305,1.000886877536925,1.0037220091666255,1.0028326194431456,65.01428666356568,0.0014053394079128368,78.14240264892578,2022,74.53016491358191,74.53016491358191,0.0869833333333333,0.0325,78.15341256064367,0.000507355139820031,78.18205865753684,0.0003832035768113292,78.17235283526423,0.00010353540996365098,78.15049357346095,0.02622789472437846,80.21902706078436
2022-06-27,78.2522964477539,0.0014063273600870563,0.003731250899711158,0.0009555090547437306,0.007211747609750407,0.00131725283736814,0.002011084757981755,78.13134002685547,77.88064918518066,77.35619552612305,1.0015481165542133,1.0047720103319833,1.0032189105290934,64.61345975876456,0.0024098618170673176,78.2522964477539,2022,74.53016491358191,74.53016491358191,0.0869833333333333,0.0325,78.26332184301188,0.00034996697787217733,78.27968696006113,-0.00039915814305440213,78.22106763944528,0.00010353540996365098,78.26039875077763,0.03032694918852083,80.66180166672929
2022-06-28,78.44110107421875,0.002412767867980836,0.006506826014577527,0.0035887944028629715,0.011870401391856245,0.0013216338091758544,0.0019657097194870662,78.23276062011719,77.92665939331054,77.39941360473632,1.002663084524311,1.0066016134261797,1.003928068124436,75.44430727368925,0.008025921964659663,78.44110107421875,2022,74.53016491358191,74.53016491358191,0.0869833333333333,0.0325,78.45215307119614,0.0008665458361044759,78.50910334302026,-0.0003365026152820174,78.41470987916378,0.00010353540996365098,78.44922292621885,-0.0016162286697174594,78.31442471433598
2022-06-29,79.07319641113281,0.008058216015045305,0.012008634061815293,0.013947463806220473,0.018997634070641256,0.0033554030264158086,0.0025803093369737595,78.42041931152343,78.00036926269532,77.45196960449219,1.008324070507915,1.013754129096804,1.0053852315418335,82.23191269821014,-0.002214276821813291,79.07319641113281,2022,74.53016491358191,74.53016491358191,0.0869833333333333,0.0325,79.08433746748923,-0.0006095375272817734,79.02501301680344,-0.0008793474081497129,79.00369416360374,0.00022979695456492493,79.09136927881066,0.03358954120452741,81.77433992521408
2022-06-30,78.89830017089844,-0.002211827119331544,0.009018701081459746,0.012812550958397395,0.01693905548994823,0.003930168514485128,0.0026652634727368585,78.56145935058593,78.06607933044434,77.50441162109375,1.0042876090018813,1.010660466717323,1.006345650049168,74.84138938335843,0.0008196723354978697,78.89830017089844,2022,74.53016491358191,74.53016491358191,0.0869833333333333,0.0325,78.90941658516427,-0.00022849847624472158,78.88027408907564,0.0010517347268660258,78.98132390489793,0.00010353540996365098,78.90646936164502,0.12095797022704081,89.04284458712273
2022-07-01,78.96299743652344,0.0008200083586700213,0.01050127408142787,0.012635640264314851,0.02071471859145091,0.0037519839141383488,0.002517348668453697,78.72557830810547,78.14620437622071,77.55796752929687,1.0030157813193672,1.0104521143006566,1.0074139740568264,70.90182574231693,-0.0001557633605983241,78.96299743652344,2022,74.53016491358191,74.53016491358191,0.0869833333333333,0.0325,78.97412296634188,-0.0005058229503378251,78.92306624010176,5.046951097478955e-05,78.96698276095701,0.00010353540996365098,78.97117332607472,-0.1065485574990979,70.98231761594674
2022-07-04,78.95069885253906,-0.00015575123011590808,0.00892500842133681,0.012689560766750096,0.016172381807729952,0.0038865049334588383,0.0024063216492118326,78.8652587890625,78.20902938842774,77.60771148681641,1.0010833675662574,1.0094831692697246,1.0083907114787933,71.07962872496336,-0.00014187012683483573,78.95069885253906,2022,74.53016491358191,74.53016491358191,0.0869833333333333,0.0325,78.96182264954255,0.0007474081970463726,79.00972930919961,0.0005400960694585907,78.99335133185171,0.00010353540996365098,78.9588734686855,-0.10040338284132545,71.40873563267661
2022-07-05,78.93949890136719,-0.00014186006374428128,0.0063537841810361595,0.01290195316381415,0.014372724176517249,0.00395068139883512,0.0024069335674917927,78.96493835449219,78.2649543762207,77.65594543457031,0.9996778386248996,1.0086187301905774,1.008943772903855,77.89183474082897,0.005418589005398533,78.93949890136719,2022,74.53016491358191,74.53016491358191,0.0869833333333333,0.0325,78.95062112034813,0.0007939158784105298,79.00219510744239,0.0011926584951296505,79.03370293078459,0.00010353540996365098,78.94767235786205,-0.10257551231407742,71.24368688203447
2022-07-06,79.36840057373047,0.00543329611072374,0.003733302509522529,0.015786768435016807,0.021858974478610405,0.002842814435331494,0.002540104451473743,79.02397918701172,78.34984436035157,77.70743148803712,1.0043584414536209,1.0130001051271307,1.0086041629331084,85.74373871631612,-0.004096922919019382,79.36840057373047,2022,74.53016491358191,74.53016491358191,0.0869833333333333,0.0325,79.37958322302055,-0.000509277549353483,79.32799032008106,0.00028928316990671813,79.3913638375216,0.00010353540996365098,79.37661843903471,-0.09037220733545012,72.51026253447287
2022-07-07,79.04389953613281,-0.004088541979577975,0.001845405603403405,0.010880749846374105,0.016977998187775345,0.0034006039117898627,0.002791499407502832,79.0530990600586,78.41582450866699,77.7588655090332,0.9998836285479612,1.0080095443923618,1.008126861579083,73.17031923042488,0.002245643286896118,79.04389953613281,2022,74.53016491358191,74.53016491358191,0.0869833333333333,0.0325,79.05503646469182,0.001960110980372402,79.19898629552097,0.0016707938280150379,79.17607598466911,0.00010353540996365098,79.05208380234978,0.07382924007050774,85.10047596140134
2022-07-08,79.22160339355469,0.0022481666322731186,0.0032750271067045755,0.01381069314540384,0.01802780883214683,0.0035058417382769383,0.0028082027764203244,79.10482025146484,78.48596954345703,77.81151763916016,1.0014763087978533,1.0093728070682793,1.0078848577855073,75.5909830350918,0.0013849581310595481,79.22160339355469,2022,74.53016491358191,74.53016491358191,0.0869833333333333,0.0325,79.23276535978486,0.001125200607916323,79.31079375896977,0.0006892042927198461,79.27622208224503,0.00010353540996365098,79.22980605936587,-0.09180635476656963,72.2724262663695
2022-07-11,79.3313980102539,0.0013859176284753971,0.00482198591333427,0.013790030599555303,0.014758716153402185,0.0034839903642679966,0.0026730157589499293,79.18096008300782,78.54365959167481,77.86768356323242,1.0018999255261414,1.010029306282319,1.0081139648272839,77.45829385591442,0.0018437281515723248,79.3313980102539,2022,74.53016491358191,74.53016491358191,0.0869833333333333,0.0325,79.34257544604985,0.0011343421009465651,79.42143801337225,0.0008403038858036654,79.39808850848632,0.00010353540996365098,79.33961204428424,-0.0619937491932603,74.56268945055537
2022-07-12,79.47779846191406,0.0018454288633769078,0.006819140836192394,0.013216252366401893,0.016852477181784176,0.003438872853148008,0.0026740809267623684,79.28861999511719,78.60951957702636,77.92675750732423,1.0023859472747605,1.0110454673881693,1.0086389081340894,76.96488755438446,-1.7567062621938637e-05,79.47779846191406,2022,74.53016491358191,74.53016491358191,0.0869833333333333,0.0325,79.48899652487265,0.0014737779491981711,79.59501744489738,0.00039570489211613897,79.50925443881158,0.00010353540996365098,79.48602765435989,-0.08570036559732228,72.95022450123696
2022-07-13,79.47640228271484,-1.7566908321997587e-05,0.0013607645889757158,0.0050991472443533414,0.019117731222206835,0.00258456306002545,0.002584026055428953,79.31022033691406,78.6840648651123,77.98693954467774,1.0020953408664715,1.0100698587313814,1.0079578434702778,76.36979321805384,0.004157368450920967,79.47640228271484,2022,74.53016491358191,74.53016491358191,0.0869833333333333,0.0325,79.48760014895808,0.0006956364732183883,79.53170820107961,0.0004944265580836629,79.51570724265169,0.00010353540996365098,79.4846313305992,0.07973009429436277,86.07252417738886
2022-07-14,79.80750274658203,0.004166022295390093,0.009660495179645734,0.011523728314985382,0.024483927629649127,0.001516337973591147,0.0026322317322359685,79.4629409790039,78.77943000793456,78.06305755615234,1.004336131576972,1.0130500149410058,1.0086762619506195,80.67969681293718,0.0008867511464071427,79.80750274658203,2022,74.53016491358191,74.53016491358191,0.0869833333333333,0.0325,79.8187472633857,0.0008211468727773929,79.8730633416415,-0.001063127403137978,79.72270228826872,0.00010353540996365098,79.81576607686334,-0.12395667108699832,70.50339384676326
2022-07-15,79.87830352783203,0.0008871444264435535,0.008289407259469472,0.011591582399647304,0.02437368972925813,0.001565325103203347,0.0026328126708432616,79.59428100585937,78.87446022033691,78.12978759765625,1.0035683785114127,1.0127271020897115,1.0091261579922275,80.39730263232963,-0.001977539270469216,79.87830352783203,2022,74.53016491358191,74.53016491358191,0.0869833333333333,0.0325,79.88955802014611,0.0009410715280539126,79.95351010682609,-0.0003654681124173146,79.84911588891914,0.00010353540996365098,79.88657418888074,-0.02147797130757284,78.18097247854436
2022-07-18,79.72049713134766,-0.0019755852279635944,0.00490473042014794,0.009750366874476946,0.022563655514178826,0.0022715052934088307,0.002711320784257722,79.67210083007812,78.96241493225098,78.18504760742188,1.0006074435186887,1.0096005447623038,1.0089876417588803,74.19805426246965,0.003878535761755778,79.72049713134766,2022,74.53016491358191,74.53016491358191,0.0869833333333333,0.0325,79.73172938945297,-0.0005298654072596971,79.67826718674964,0.000429111850530563,79.75471348219268,0.00010353540996365098,79.72875145300057,-0.006909214055855248,79.17158959546822
2022-07-19,80.0302963256836,0.003886067015180794,0.006951599999769575,0.013818144775397334,0.026898378995914296,0.002621922935268709,0.0027555109846099835,79.78260040283203,79.06722984313964,78.23834350585938,1.0031046358679827,1.0121803493616075,1.0090476239158954,70.61563086469661,-0.0021814611818468687,80.0302963256836,2022,74.53016491358191,74.53016491358191,0.0869833333333333,0.0325,80.04157223309664,0.0003156902091593251,80.05556509501142,-0.000811664292657063,79.96536494663093,0.00010353540996365098,80.03858272418363,-0.1349581165182574,69.92667202801665
2022-07-20,79.85590362548828,-0.002179083524639469,0.00477501914874634,0.0061422814146914195,0.02202601662406467,0.0030543908323847975,0.0028460913918642488,79.85850067138672,79.15327987670898,78.29003356933593,0.9999674794057414,1.008876748378257,1.0089095587166597,70.63095226354494,0.0018453617710618056,79.85590362548828,2022,74.53016491358191,74.53016491358191,0.0869833333333333,0.0325,79.86715496175725,-0.0009630036790783319,79.77903911284524,0.00037237000748190915,79.88564510599278,0.00010353540996365098,79.86417196723386,-0.005282698679114489,79.43516125493667
2022-07-21,80.00340270996094,0.0018470654989317659,0.0024546559738996,0.012138864345748956,0.023151694138488166,0.002585328329738448,0.0028496482817865205,79.8976806640625,79.24379501342773,78.34173355102538,1.0013232179585156,1.0095857056871709,1.0082515691042304,71.64269117964474,-0.002847691319890089,80.00340270996094,2022,74.53016491358191,74.53016491358191,0.0869833333333333,0.0325,80.01467482818495,0.0009184647067673058,80.07691676663667,9.580423067082293e-05,80.01106774157398,0.00010353540996365098,80.01168632387528,-0.065734563676996,74.91353666002331
2022-07-22,79.7759017944336,-0.002843640493043864,-0.0012819718105649969,0.006996808662471432,0.020904132585309876,0.002955108569299895,0.002962561567804664,79.87720031738282,79.32546997070312,78.38837554931641,0.9987318218146515,1.005678274883172,1.0069552735947667,65.75538017369213,0.0012639780553113124,79.7759017944336,2022,74.53016491358191,74.53016491358191,0.0869833333333333,0.0325,79.78714185880578,-0.0005525473364375937,79.73183400827529,0.0010368754616871666,79.85866236822754,0.00010353540996365098,79.78416185272799,0.041344096547597534,83.14329565569128
2022-07-25,79.87680053710938,0.0012647772122436063,0.0019606426375413655,0.006874989481276739,0.02075982639615037,0.0028358091325367592,0.002961807150652771,79.90846099853516,79.4066951751709,78.43618560791016,0.9996037908748315,1.0059202232368623,1.006318935982128,67.30299035514693,-0.0019335538315252603,79.87680053710938,2022,74.53016491358191,74.53016491358191,0.0869833333333333,0.0325,79.88805481765885,0.00011211639283777435,79.88575653790488,0.0001429387885097461,79.88821884624838,0.00014086004821528547,79.8880527795614,-0.11106615400097133,71.48011508911686
2022-07-26,79.72250366210938,-0.001931685720540588,-0.0038459518170675944,0.0030789126640513587,0.016335856717235586,0.0021577971444540806,0.003014066787443041,79.8469024658203,79.47076530456543,78.47452774047852,0.998442033443136,1.0031676850799054,1.0047330255322615,57.27442283278216,0.0014877837247701075,79.72250366210938,2022,74.53016491358191,74.53016491358191,0.0869833333333333,0.0325,79.73373620292581,0.00011680788943494161,79.73181642339402,0.000527914023762338,79.76460140081767,0.00014086004821528547,79.73373416876534,0.05069557013769743,83.86827981786787
2022-07-27,79.84120178222656,0.0014888910240484776,-0.00018410465093066097,0.004590035394582248,0.009712587905269299,0.0021817259970815426,0.002496705913834604,79.84396209716797,79.50916557312011,78.52390380859374,0.9999654286326867,1.0041760746287935,1.004210791568929,67.89206957950967,7.758936349263152e-05,79.84120178222656,2022,74.53016491358191,74.53016491358191,0.0869833333333333,0.0325,79.85245104707221,0.00023280661516210637,79.85979150598533,0.0004916804219220585,79.8804677903783,0.00014086004821528547,79.85244900988309,-0.039178055066558894,76.77366127671274
2022-07-28,79.84739685058594,7.759237362514604e-05,-0.0019499903015447462,0.0004998791170121031,0.012029367903132249,0.0019290088916911554,0.002417720363283725,79.81276092529296,79.55662040710449,78.56445175170899,1.0004339647556535,1.00365496223939,1.003219600290683,65.21442350497107,-0.003461251348267094,79.84739685058594,2022,74.53016491358191,74.53016491358191,0.0869833333333333,0.0325,79.85864698828874,2.2320696803735446e-05,79.84917912001228,0.0005004559943813423,79.88736695978172,0.00014086004821528547,79.85864495094155,0.020429103067400603,81.49538368195613
2022-07-29,79.57150268554688,-0.00345526812295871,-0.0025621660713207595,-0.0038408532572083987,0.007706207575422841,0.002132278851263771,0.002580820793116337,79.77188110351562,79.58704566955566,78.60745986938477,0.9974881071475709,0.9998047045988699,1.0023224311495038,55.40124463239408,-0.0047453653873246425,79.57150268554688,2022,74.53016491358191,74.53016491358191,0.0869833333333333,0.0325,79.58271395100749,0.0002007525980420078,79.58747847497807,0.000755795931475333,79.63166523597954,0.00014086004821528547,79.58271192069988,0.13103166874015248,90.71182205573801
2022-08-01,79.1948013305664,-0.004734123929632572,-0.008538138758150682,-0.006594236359503736,0.0030918342912109598,0.002533220133437237,0.0028231745327864754,79.63548126220704,79.59925079345703,78.63498794555665,0.994466286576587,0.994918928773085,1.0004551609266275,44.23156473841197,-0.003023673902017692,79.1948013305664,2022,74.53016491358191,74.53016491358191,0.0869833333333333,0.0325,79.20595952050692,0.0013609075304531777,79.30265150247997,0.0012344342493716127,79.29262247016167,0.00014086004821528547,79.20595749981105,0.12894322524389376,90.09402814737176
2022-08-02,78.95570373535156,-0.0030191072039795763,-0.009618362338540742,-0.013427322397495223,0.0002052816930675494,0.002602639937883613,0.00291120347629686,79.48212127685547,79.60006103515624,78.6635659790039,0.9933769062394515,0.9919050652546598,0.9985183458810579,40.32403954938427,-0.004458035623126026,78.95570373535156,2022,74.53016491358191,74.53016491358191,0.0869833333333333,0.0325,78.96682823752045,0.0008478544311599651,79.02267506558658,0.0007483155549230672,79.01480962877818,0.00014086004821528547,78.96682622292526,0.09029609424771201,86.41688433363728
2022-08-03,78.60449981689453,-0.004448113332435333,-0.015489520920604849,-0.01567077387869331,-0.00962474676715075,0.0019180963291867683,0.0027786050830679873,79.23478088378906,79.56186599731446,78.68608001708985,0.9920453990045238,0.9879670220347492,0.9958889210374171,27.81080077003614,0.0065152709473669706,78.60449981689453,2022,74.53016491358191,74.53016491358191,0.0869833333333333,0.0325,78.615574836017,0.0016318940097624075,78.73287875120278,0.0010223777622162577,78.68490440444498,0.00014086004821528547,78.61557283038297,0.07489415933806531,84.71757750183393
2022-08-04,79.11830139160156,0.006536541494493342,-0.009131111191372887,-0.01106329591465205,0.0009412725827719903,0.0047260650404275005,0.003054361062336272,79.08896179199219,79.56558609008789,78.71850006103516,1.000370969588481,0.9943784150853876,0.9940096677280044,37.95095470676605,0.0004624687690658952,79.11830139160156,2022,74.53016491358191,74.53016491358191,0.0869833333333333,0.0325,79.12944880304607,-0.0007403270972462881,79.05974964558962,-0.0002516691183828769,79.09839226380379,0.00014086004821528547,79.12944678430213,-0.2125009637845533,63.9718571448919
2022-08-05,79.15489959716797,0.00046257572423424875,-0.005235581512457399,-0.007784333154463363,-0.0008419899816385357,0.004712758408081261,0.0030125826540611644,79.00564117431641,79.56225090026855,78.74899398803711,1.0018892122212164,0.9948800932792714,0.9930040978019858,40.6746401131109,0.003225157830842249,79.15489959716797,2022,74.53016491358191,74.53016491358191,0.0869833333333333,0.0325,79.1660521651344,0.0007117544385591916,79.2112585027613,0.0008342537761754643,79.22096242380945,0.00014086004821528547,79.16605014545664,-0.2075407340346505,64.31969950964786
2022-08-08,79.41059875488281,0.003230364248026918,0.0027248938148811686,-0.00583651046476219,0.0009983530684618547,0.004493058747186281,0.003085801823951016,79.04880065917969,79.5662109375,78.7833659362793,1.0045768954454226,0.9980442428917543,0.9934971104917043,39.597074757617285,0.0024060942937016946,79.41059875488281,2022,74.53016491358191,74.53016491358191,0.0869833333333333,0.0325,79.42178734970608,-0.00013423436986939006,79.39993983861045,-0.0006049109249394119,79.36257694206394,0.00014086004821528547,79.42178532350403,-0.020600647116534324,77.79142431583809
2022-08-09,79.60189819335938,0.002408991261570126,0.008184265701357996,-0.0015128158701734895,0.0015614389659368566,0.004048090843056703,0.0031055273631553507,79.17803955078125,79.57241592407226,78.82498596191407,1.005353234873999,1.0003705086611325,0.9950438054605842,45.760052571120006,-0.0002952442688461421,79.60189819335938,2022,74.53016491358191,74.53016491358191,0.0869833333333333,0.0325,79.6131137414098,-0.0012730585117693136,79.50062479646891,-0.0007318138050358891,79.54366573561153,0.00014086004821528547,79.61311171032663,0.10714414668346608,88.60445033814297
2022-08-10,79.57839965820312,-0.00029520068854604897,0.012389873907692861,-0.0032915602240087827,0.00128336679264196,0.002683035296080621,0.003106618959648016,79.37281951904296,79.57751579284668,78.86457397460937,1.0025900571556594,1.0000111069734665,0.9974277121902552,42.59933361320871,-0.006057618177150416,79.57839965820312,2022,74.53016491358191,74.53016491358191,0.0869833333333333,0.0325,79.58961189541606,-0.002122569816920625,79.40966808463128,-0.0014161742130650021,79.46578254223958,0.00014086004821528547,79.58960986493246,0.38298021078977684,116.71358075425022
2022-08-11,79.0978012084961,-0.006039307799242555,-0.00025910797811501407,-0.009387853225729104,-0.008892666900498059,0.0036401247258370387,0.003233728872137029,79.36871948242188,79.54203071594239,78.89484802246093,0.9965865863063875,0.9944151600927476,0.9978211364235918,39.14858912124083,0.006504860079496354,79.0978012084961,2022,74.53016491358191,74.53016491358191,0.0869833333333333,0.0325,79.10894573155737,0.0006571280739603316,79.14979567589982,0.0009456301544762675,79.17263385089683,0.00014086004821528547,79.1089437133365,0.1070361851302149,88.03383787718494
2022-08-12,79.61399841308594,0.006526062630100027,0.0058000050313296025,0.000534057119758069,-0.003308847372478385,0.004706072305862016,0.003582673454498595,79.46053924560547,79.52881546020508,78.93991806030273,1.001931262598233,1.001071095456256,0.9991414908646066,46.287874542531135,0.00017084995979916814,79.61399841308594,2022,74.53016491358191,74.53016491358191,0.0869833333333333,0.0325,79.6252156660027,-1.801295423284868e-05,79.6125643426922,-0.0011114400127014406,79.52556138500813,0.00014086004821528547,79.62521363461079,0.05033162185845089,83.72365538963619
2022-08-15,79.62760162353516,0.0001708645554847621,0.0027326688383519926,0.0054650088856489365,-0.0011652650341535953,0.004567443665623177,0.0035574718621466726,79.50393981933594,79.52417068481445,78.97858612060547,1.001555417309887,1.0013006226639023,0.9997456010505449,48.60400650917457,-0.0009385497034425272,79.62760162353516,2022,74.53016491358191,74.53016491358191,0.0869833333333333,0.0325,79.63882079308284,0.0003673003347911969,79.65685424018918,0.0005267540646031758,79.66955683541404,0.00014086004821528547,79.63881876134384,-0.045919100444700704,76.05385337312867
2022-08-16,79.55290222167969,-0.0009381094034282,-0.0006155126044943282,0.007563715578165819,-0.005965167266920424,0.004471935698998507,0.003437922652273949,79.494140625,79.50030097961425,79.01322418212891,1.0007391940615709,1.0006616483386512,0.9999225115560778,45.70354604123177,-0.0051279419697993454,79.55290222167969,2022,74.53016491358191,74.53016491358191,0.0869833333333333,0.0325,79.56411086641893,-0.0002571732359503762,79.53244597489842,0.001085166375254053,79.6392772133667,0.00014086004821528547,79.56410883658592,-0.05371552636184248,75.39241783532277
2022-08-17,79.14600372314453,-0.005114816520474741,-0.00543358420018214,0.006888968284403774,-0.008889761058532009,0.00500778038671759,0.003582308118329008,79.40766143798828,79.46480598449708,79.04273223876953,0.9967048807368785,0.9959881326405712,0.9992808823251901,40.66251048693931,0.0026964261997988476,79.14600372314453,2022,74.53016491358191,74.53016491358191,0.0869833333333333,0.0325,79.15715503772249,0.00038354147962136426,79.17636532061245,0.002377692674360801,79.33441249671948,0.00014086004821528547,79.1571530182717,-0.05543830810831925,74.877690351437
2022-08-18,79.35970306396484,0.0027000648266188865,0.0033111142341162303,0.0030511483198867317,-0.008045903351507677,0.0043218595507776075,0.003615894280225943,79.46004180908203,79.43262100219727,79.07544036865234,0.9987372427344265,0.9990820152059391,1.00034520838591,47.13288042187278,0.005115412130604905,79.35970306396484,2022,74.53016491358191,74.53016491358191,0.0869833333333333,0.0325,79.37088448781506,-0.0005338318530446643,79.31734963243237,-5.11162207151305e-05,79.35564659954359,0.00014086004821528547,79.37088246291162,0.03171205254350648,81.91669153005397
2022-08-19,79.7667007446289,0.005128518189338793,0.001918033694912058,0.007729163331322342,-0.00011533620551729129,0.0038699112253609215,0.0037682660846032456,79.49058227539062,79.43216094970703,79.11440032958984,1.003473599781691,1.0042116416187354,1.0007354870493903,57.678785817602204,0.0018937253212921344,79.7667007446289,2022,74.53016491358191,74.53016491358191,0.0869833333333333,0.0325,79.77793951261472,-0.0007711246760025292,79.70521438323348,-0.00015522831647086163,79.75431965493459,0.00014086004821528547,79.77793747732653,-0.14535736525266374,68.97532060418072
2022-08-22,79.91790008544922,0.001895519551502689,0.003645701440143201,0.0063883327732146,0.0005145367373691201,0.003922082768049825,0.0037820139925129346,79.54864196777343,79.43421592712403,79.14920639038085,1.0046419160471072,1.0060891160399814,1.001440513251297,63.23154495496006,-0.0004268214263073786,79.91790008544922,2022,74.53016491358191,74.53016491358191,0.0869833333333333,0.0325,79.92916015673948,-0.0005367226541135239,79.87501784696803,0.0003735033712880885,79.94775526571556,0.00014086004821528547,79.92915811759337,-0.017182961106845876,78.55640467663478
2022-08-23,79.88379669189453,-0.0004267303510004927,0.004159426758470586,0.0035413539743789357,0.0020231806877111236,0.003873942941533692,0.0037557573438366685,79.61482086181641,79.44228057861328,79.18367034912109,1.0033784643005725,1.0055576968594746,1.002171894889553,69.27294293976746,-0.00036681091471233026,79.88379669189453,2022,74.53016491358191,74.53016491358191,0.0869833333333333,0.0325,79.89505195817063,-0.00021064535065544904,79.86697131368474,0.0008499310771074593,79.9517212747783,0.0001361773760617837,79.89467579844516,0.04389177317949032,83.46812400599998
2022-08-24,79.85449981689453,-0.0003667436478137498,0.008951760801825692,0.003469536455587008,0.00016655604338522423,0.002321121368320985,0.003742740444595943,79.7565200805664,79.44294548034668,79.22105041503906,1.0012284855987843,1.0051805019823903,1.0039471673453662,62.98689937525067,-0.0007228392613911486,79.85449981689453,2022,74.53016491358191,74.53016491358191,0.0869833333333333,0.0325,79.86575095537322,0.0003181265035065465,79.87990769095533,-0.00045797869794695717,79.81793653028545,0.0001361773760617837,79.86537493360194,-0.13269720404139868,69.93099865576936
2022-08-25,79.79679870605469,-0.0007225780760277134,0.005507778194905111,0.008837129311800807,-0.0006336855868442903,0.0024832353261807962,0.003746310961279259,79.84393920898438,79.44041557312012,79.25898239135742,0.9994095919690748,1.004486169040827,1.0050795760942721,61.2397301449469,0.001078380385922074,79.79679870605469,2022,74.53016491358191,74.53016491358191,0.0869833333333333,0.0325,79.80804171470737,0.0011123133940566248,79.88560713630505,0.00015082678050396935,79.80883510798111,0.0001361773760617837,79.8076659646412,-0.11249640617932065,71.30646389366674
2022-08-26,79.88289642333984,0.0010789620471156613,0.001456694054364105,0.0033775217375555666,0.00391338264684471,0.0011369332550454389,0.0036640958654092517,79.86717834472657,79.45598526000977,79.29708633422851,1.000196802728468,1.00537292643132,1.0051751052280231,58.79219986081325,0.0009534715609258352,79.88289642333984,2022,74.53016491358191,74.53016491358191,0.0869833333333333,0.0325,79.89415156277217,0.0010313698553343854,79.96532773594613,-0.0007863103191656916,79.820108366241,0.0001361773760617837,79.89377540728593,-0.09134014787572926,72.90969493626308
2022-08-29,79.95909881591797,0.0009539262594371323,0.0005155131757053066,0.004163094022975544,0.00965085425445178,0.0008454923478527685,0.0034767829266702057,79.87541809082032,79.49420013427735,79.33704025268554,1.0010476405269328,1.0058482088108986,1.0047955442774321,56.94728438771483,0.00011010424994447849,79.95909881591797,2022,74.53016491358191,74.53016491358191,0.0869833333333333,0.0325,79.97036469192335,0.0007600743736671215,80.01989678042987,-0.000926125302055021,79.885080951574,0.0001361773760617837,79.9699881776125,-0.06446251690258226,74.96735275969438
2022-08-30,79.96790313720703,0.00011011031163987717,0.0010528598889321117,0.005216665940997567,0.012819838896607427,0.0007938563579008902,0.003379798813782462,79.89223937988281,79.54481010437011,79.37771835327149,1.000947072680795,1.0053189269329046,1.0043677177059929,57.61910020803921,-0.003577905811006661,79.96790313720703,2022,74.53016491358191,74.53016491358191,0.0869833333333333,0.0325,79.97917025370153,0.0007167490742473185,80.02524060358344,-0.0007689675106714745,79.90643405469064,0.0001361773760617837,79.97879369793259,-0.07199502084027583,74.41297505557492
2022-08-31,79.68229675292969,-0.003571512732893689,-0.002156460366788404,0.006775996317655242,0.013711644225786523,0.0018999106191386855,0.003315377403197477,79.85779876708985,79.59869995117188,79.40866622924804,0.9978023184101027,1.0010502282299722,1.003255063412806,62.377574925276676,-0.0016767978305180333,79.68229675292969,2022,74.53016491358191,74.53016491358191,0.0869833333333333,0.0325,79.69352362877416,2.6056796635975756e-05,79.68437304538232,0.0010717433065248344,79.7677415003625,0.0001361773760617837,79.69314841787894,-0.023518497359862153,77.83015404441899
2022-09-01,79.54879760742188,-0.0016753927904682442,-0.003107907869166149,0.002382752658545373,0.005441171110202925,0.0019825523496664705,0.0030506645227655386,79.80819854736328,79.62022476196289,79.43578018188477,0.9967496955868832,0.9991029018725511,1.0023608798639085,48.35219078028954,0.0021096751050849872,79.54879760742188,2022,74.53016491358191,74.53016491358191,0.0869833333333333,0.0325,79.5600056738395,1.4959099632945855e-05,79.54998759471151,0.0002933786058924739,79.5721389465217,0.0001361773760617837,79.55963109156991,0.09083042459025513,87.11255902453011
2022-09-02,79.716796875,0.0021119020353672635,-0.0020792880050267692,-0.0006256228371369632,0.007098704953093504,0.0022409313468702324,0.0030781485339618484,79.77497863769531,79.6483196258545,79.46726806640625,0.9992706765493533,1.0008597450576129,1.00159022829905,52.09103169010306,9.665862621169413e-05,79.716796875,2022,74.53016491358191,74.53016491358191,0.0869833333333333,0.0325,79.7280286117559,4.3469552244486875e-05,79.72026220378412,-0.00040087739430185815,79.68484661768248,0.0001361773760617837,79.72765323840525,0.08826213959415939,87.07261750281873
2022-09-05,79.72450256347656,9.666329780722016e-05,-0.002933953182507665,-0.002419952498324829,0.00395292081303511,0.0021406387154370267,0.0030030976951499317,79.72805938720703,79.66401481628418,79.4967121887207,0.9999553880558765,1.0007592856992191,1.0008039335083794,54.15334047346455,0.0007334397518009047,79.72450256347656,2022,74.53016491358191,74.53016491358191,0.0869833333333333,0.0325,79.73573538592917,0.00015464733490799204,79.73683269871158,0.0001230003304933583,79.73430930674427,0.0001361773760617837,79.73535997629371,0.0380913537212834,82.81989639854098
2022-09-06,79.78299713134766,0.0007337087845047385,-0.002312252773992607,-0.0012618273632593047,0.002275058033771815,0.0022084033599499807,0.0029613601015591505,79.69107818603516,79.67306976318359,79.52355010986328,1.0011534408544194,1.0013797305474836,1.0002260289820022,68.54520577155448,0.0014041542484578176,79.78299713134766,2022,74.53016491358191,74.53016491358191,0.0869833333333333,0.0325,79.79423819542079,-0.0008382805791299659,79.71614461880398,0.0008298358640863124,79.84923140169714,0.0001361773760617837,79.79386251034396,-0.1506143331403133,68.62768879760108
2022-09-07,79.89510345458984,0.0014051405346131585,0.002670689856242525,0.0005084702526272356,0.0039797708642921314,0.0014457890007659525,0.002973262895436443,79.73363952636718,79.68890495300293,79.53998825073242,1.0020250414904146,1.002587543419106,1.0005613651409897,66.56751090713354,-0.0030750024110523873,79.89510345458984,2022,74.53016491358191,74.53016491358191,0.0869833333333333,0.0325,79.90636031393775,0.0011136733964483678,79.98413006989882,-0.00011212795571727746,79.88614548219661,0.0001361773760617837,79.9059841009706,-0.006771443456795256,79.3559258446379
2022-09-08,79.6498031616211,-0.0030702794334345196,0.0012697307468767516,-0.0018421233284693361,0.00697872690126955,0.0020051573148088075,0.0027074347993264196,79.75384063720703,79.71650505065918,79.55501831054687,0.9986955176734472,0.9991632612468936,1.0004683545336581,45.98046108481904,0.0007090493324751733,79.6498031616211,2022,74.53016491358191,74.53016491358191,0.0869833333333333,0.0325,79.66102545926526,0.0003847725134130066,79.68045611340492,-6.4509279428526e-05,79.64466517593817,0.0001361773760617837,79.66065040137704,0.19308964196009176,96.61453609013327
2022-09-09,79.706298828125,0.0007093007673761864,-0.00013169177998284542,-0.002210705959871162,0.0011593490702495046,0.001764133450712384,0.0022893595631132495,79.75174102783203,79.72112007141114,79.56988433837891,0.9994302042924534,0.9998140863641547,1.0003841009307628,42.217183650333084,-0.00063376379335499,79.706298828125,2022,74.53016491358191,74.53016491358191,0.0869833333333333,0.0325,79.7175290857535,0.00011144936526486878,79.71518253956981,-0.0006581008685637212,79.65386130012011,0.0001361773760617837,79.71715376183643,0.1291350774116486,90.69331880196434
2022-09-12,79.65579986572266,-0.000633563007501281,-0.0008617513505236873,-0.0037931761949139275,0.0003541264789164167,0.0017816728153499208,0.0022943780915597833,79.73800048828124,79.7225299835205,79.58398635864258,0.9989691160794699,0.9991629703947975,1.00019405436285,41.714079742693954,-0.003779601784751517,79.65579986572266,2022,74.53016491358191,74.53016491358191,0.0869833333333333,0.0325,79.66702300827535,-0.0004723061410359677,79.6181868254111,-0.0004130599487469297,79.62290403955458,0.0001361773760617837,79.66664792214964,0.1395963322895163,91.58900052729845
2022-09-13,79.35530090332031,-0.0037724680802766475,-0.0053607440608332,-0.007660601439500425,-0.002483898297119924,0.0022796453943735406,0.0024396242830212593,79.65246124267578,79.71264991760253,79.59230239868164,0.9962692886733265,0.9955170350671869,0.9992449294435831,34.84530542855423,0.003109016109551444,79.35530090332031,2022,74.53016491358191,74.53016491358191,0.0869833333333333,0.0325,79.36648170692597,0.00030363758572087403,79.3793998137831,0.00036067138851155167,79.383927251925,0.0001361773760617837,79.36610803580069,0.16481462793357843,93.57374825174405
2022-09-14,79.60240173339844,0.0031138541126467523,-0.0036635752196975124,-0.00100266963663187,0.005766532595257834,0.002810232156168223,0.0022388030413571024,79.5939208984375,79.73546981811523,79.596982421875,1.000106551290164,0.9983311306120057,0.998224768475051,44.70714825801198,-0.0018698380398830083,79.60240173339844,2022,74.53016491358191,74.53016491358191,0.0869833333333333,0.0325,79.61361735239538,-0.0008898670555230534,79.53159768632209,-0.00014609001797340735,79.59077346650602,0.0001361773760617837,79.61324251771273,-0.06020578452621313,74.95129333715128
2022-09-15,79.45369720458984,-0.0018680909818101776,-0.002462102218047213,-0.00119549767805871,0.0011844064052159986,0.0026038638788386708,0.002212849487433945,79.55469970703125,79.74016952514648,79.60517837524414,0.9987304018139298,0.9964074277461086,0.9976740729394017,38.69943915020811,0.00496415410591328,79.45369720458984,2022,74.53016491358191,74.53016491358191,0.0869833333333333,0.0325,79.46489187179009,-2.6563227545668532e-05,79.45158668598287,0.00041336813315602565,79.48654762026538,0.0001361773760617837,79.46451773733273,0.024097361866098024,81.39157681732169
2022-09-16,79.8490982055664,0.004976495932699221,0.001791569543949434,0.0016596418289844816,0.0010329806820177367,0.0036029343530147202,0.002194715113121206,79.58325958251953,79.74428939819336,79.61772827148438,1.0033403836993033,1.0013143111332987,0.9979806727617856,47.52051618938867,-0.0020007617007254466,79.8490982055664,2022,74.53016491358191,74.53016491358191,0.0869833333333333,0.0325,79.86034858298244,-0.0002014882754033288,79.83301116920549,-0.0003927006348692827,79.81774757011746,0.0001361773760617837,79.85997258664648,-0.14034851524701075,69.39328228241813
2022-09-19,79.68949890136719,-0.001998761511223801,0.0004230581539741429,-0.00043905776748498493,-0.0028579477668685405,0.003746239467715131,0.0021954784519258794,79.58999938964844,79.73286933898926,79.62489028930663,1.0012501509295362,0.9994560532189344,0.9982081423818652,44.124040694210514,0.00022582284834448386,79.68949890136719,2022,74.53016491358191,74.53016491358191,0.0869833333333333,0.0325,79.70072679196186,-0.0011420453654058984,79.59854182691406,0.0008393813498092711,79.75641686143548,0.0001361773760617837,79.70035154715289,-0.040108928753306135,76.55648929863148
2022-09-20,79.7074966430664,0.00022584834824335154,0.00443821314690962,-0.0009463230386914656,-0.002206956305646046,0.003083751059421603,0.0021958546185607292,79.66043853759766,79.72405433654785,79.62948425292969,1.0005907336983406,0.9997923124504989,0.9992020501280373,50.599597001107334,0.0006923713794450547,79.7074966430664,2022,74.53016491358191,74.53016491358191,0.0869833333333333,0.0325,79.71872706946162,0.00011392407446040329,79.71657776311831,0.0001184654302187506,79.71693978527979,0.0001361773760617837,79.71835173990424,-0.04171594459978068,76.45082300122411
2022-09-21,79.76270294189453,0.0006926111238361177,0.0020137735169469817,-0.001657179313505286,-0.0011495516872622735,0.0028265880768331866,0.0022020571638754786,79.69249877929687,79.71946449279785,79.63521026611328,1.0008809381519344,1.0005423825833726,0.9996617424154496,55.286548781361596,0.0036041370251907213,79.76270294189453,2022,74.53016491358191,74.53016491358191,0.0869833333333333,0.0325,79.773941146608,-0.0004352558066517114,79.72799331661578,0.00028649130122358464,79.78555753611435,0.00012927398688100165,79.77301485102468,-0.08349076943624836,73.37367676232961
2022-09-22,80.05069732666016,0.0036106397369133347,0.007513811730284425,0.005033209739710109,0.0031818146181621376,0.002786462186665151,0.0023416847430411817,79.81189880371093,79.73215942382812,79.64007415771485,1.0029920165605448,1.0039950994069884,1.0010000905589291,57.79011110676004,0.012556640946409852,80.05069732666016,2022,74.53016491358191,74.53016491358191,0.0869833333333333,0.0325,80.06197610848213,0.0007564900172751519,80.11127779143304,-0.0005811267740134438,80.00419123744078,0.00012927398688100165,80.06104646837917,-0.013180294942470194,79.00252828804872
2022-09-23,81.06220245361328,0.012635806566750007,0.0151924602194482,0.017011248112424493,0.014762935284966305,0.0057276458025019945,0.003643854685479327,80.05451965332031,79.7911247253418,79.66375213623047,1.0125874567064643,1.015930064059716,1.0033010554605561,71.25422150890608,0.002373091226901774,81.06220245361328,2022,74.53016491358191,74.53016491358191,0.0869833333333333,0.0325,81.07362375194066,-0.0016950953478056389,80.92491068554388,-0.0017175659284149243,80.92309227624546,7.608429439632465e-06,81.06281921200714,0.10350552647920255,89.90219147330583
2022-09-26,81.25479888916016,0.0023759092365778223,0.019642487521854823,0.020073855590339473,0.016204535724260172,0.0050622944150521924,0.0036620902474338553,80.36757965087891,79.85590972900391,79.69443817138672,1.0110395167073014,1.0175176660675893,1.0064074145997632,72.429124190788,0.004432975098019658,81.25479888916016,2022,74.53016491358191,74.53016491358191,0.0869833333333333,0.0325,81.26624732345573,0.0010977673937517432,81.34404673569182,-0.000597666527486544,81.20625012509723,0.00012927398688100165,81.26530369995054,0.23918073022553413,103.21050215549946
2022-09-27,81.61579895019531,0.004442815267164724,0.023941315277713038,0.028485785084842563,0.020606965399115884,0.004628097579218686,0.003745682755040642,80.74924011230469,79.93830451965331,79.72614822387695,1.0107314797846447,1.0209848637724055,1.0101445182947557,74.3731506837472,0.001332221679862817,81.61579895019531,2022,74.53016491358191,74.53016491358191,0.0869833333333333,0.0325,81.62729824776956,0.001726443394573297,81.75682570951547,-0.0013511544804460718,81.50559786387976,0.00012927398688100165,81.62635043191945,0.06582028320330999,87.16850992829617
2022-09-28,81.72460174560547,0.0013331094813706645,0.024596694085707416,0.026659999773808618,0.02563059896489106,0.004494603535910804,0.003585915113418711,81.14161987304688,80.04041976928711,79.7635221862793,1.0071847453066713,1.0210416434742964,1.0137580500818701,80.57106884302351,-0.0036272481495700903,81.72460174560547,2022,74.53016491358191,74.53016491358191,0.0869833333333333,0.0325,81.73611637300235,0.002406299350994032,81.92149239566362,-0.0008991115684424666,81.65115523400162,0.003236444053123553,81.98952732407697,-0.03325737849806326,79.0513547184317
2022-09-29,81.42870330810547,-0.0036206776317011524,0.01721416586569058,0.02485732159738352,0.02363210704907237,0.005937017854371581,0.0036948039009637207,81.41722106933594,80.1344150543213,79.79202819824219,1.0001410296079714,1.0161514656706085,1.0160081784355082,73.70626198391713,0.0006371047300180178,81.42870330810547,2022,74.53016491358191,74.53016491358191,0.0869833333333333,0.0325,81.44017624474849,0.0008320688424877744,81.49648579094763,0.0008341234564189831,81.49665323493471,0.003236444053123553,81.69266967646094,-0.162696560963815,69.20210424882939
2022-09-30,81.48059844970703,0.000637307724343783,0.005161419051415095,0.020432293924477873,0.02212584604312151,0.002972103487074714,0.0036898334178791245,81.50090026855469,80.22260513305665,79.82612213134766,0.9997509006798605,1.015681282284013,1.0159343508401137,75.10591129902465,0.000499415291972896,81.48059844970703,2022,74.53016491358191,74.53016491358191,0.0869833333333333,0.0325,81.4920786981412,0.0014479508647947691,81.59866380848784,6.288114924965442e-05,81.4857222044712,0.003236444053123553,81.74473304586802,-0.03377621627345758,78.77445111019169
2022-10-03,81.52130126953125,0.0004995400205527467,0.00327983557912237,0.022986747230413718,0.022537596953007943,0.00287720430939864,0.003685157087556845,81.5542007446289,80.31244506835938,79.85901214599609,0.9995965937401475,1.0150519163019247,1.0154615598518084,82.09455334735128,-0.0003226489931309678,81.52130126953125,2022,74.53016491358191,74.53016491358191,0.0869833333333333,0.0325,81.53278725280894,0.0014860231776035009,81.64253386760201,0.0007247125813115825,81.58040219521169,0.003236444053123553,81.78556781149383,-0.03969519249990492,78.3486829526823
2022-10-04,81.49500274658203,-0.0003225969475422197,-0.001480059071491735,0.022425821645361,0.02145827653498511,0.0019501361975327966,0.003698551154063531,81.53004150390625,80.39804534912109,79.89446212768554,0.9995702350118081,1.0136440804337656,1.0140798964684972,80.00696747784559,-0.00036208613129595844,81.49500274658203,2022,74.53016491358191,74.53016491358191,0.0869833333333333,0.0325,81.50648502451659,0.001396400756081751,81.60888192201283,0.0009567969888947204,81.5730142344469,0.003236444053123553,81.75918403696484,0.05339565319605133,85.96475232644889
2022-10-05,81.46549987792969,-0.00036202058602397,-0.0031704268010056547,0.0213482852665563,0.019655728016328533,0.0017314967343660176,0.0037111751194218276,81.4782211303711,80.47656517028808,79.9269480895996,0.9998438692908985,1.012288480572562,1.0124465545710546,83.14991514237224,0.002247551638793451,81.46549987792969,2022,74.53016491358191,74.53016491358191,0.0869833333333333,0.0325,81.47697799904326,0.0014023214784008643,81.57982083679079,0.0012844174557857422,81.57020281476281,0.00012927398688100165,81.47603192863758,0.0633482901704284,86.79316778493283
2022-10-06,81.6488037109375,0.002250079276288508,0.0027029830255214105,0.019963678489345327,0.025097369610068476,0.0010598573605819083,0.00359439679740748,81.5222412109375,80.5765151977539,79.96297622680665,1.0015524904384379,1.0133077052358488,1.011736993227649,81.8836250591336,0.008539133518706983,81.6488037109375,2022,74.53016491358191,74.53016491358191,0.0869833333333333,0.0325,81.66030765873352,5.047275782916595e-05,81.65292485523614,-0.0001651105528894214,81.63532374468699,0.00012927398688100165,81.65935945959444,-0.07671226519612581,75.6195541626304
2022-10-07,82.3489990234375,0.008575695915630455,0.010657758905225467,0.01587418711649935,0.03315547496454574,0.00375650088831259,0.003945766708921969,81.6959213256836,80.70865020751953,80.01852615356445,1.0079940061530168,1.020324324737191,1.0122325316508898,89.54176894700782,0.005851759762176864,82.3489990234375,2022,74.53016491358191,74.53016491358191,0.0869833333333333,0.0325,82.36060162559164,-0.0018940703891593494,82.1931718432201,-0.0014381539225345578,82.23065360733503,7.608429439632465e-06,82.34962557236952,-0.028663149366340082,80.02212444755907
2022-10-10,82.8322982788086,0.005868914754307397,0.016081649689850153,0.019414230435796265,0.03987780448430156,0.003937645919322068,0.004015879328898067,81.95812072753907,80.86747512817382,80.0912760925293,1.0106661492907534,1.024296828205908,1.0134868264111943,90.81292225521653,-0.0049814413149910615,82.8322982788086,2022,74.53016491358191,74.53016491358191,0.0869833333333333,0.0325,82.84396897564571,-0.002005625647916293,82.66633418346092,-0.0015487401574909095,82.70411186147531,0.00012927398688100165,82.84300703241634,0.1189468933029813,93.2948543308127
2022-10-11,82.42070007324219,-0.004969054512781845,0.011358945891918326,0.009862074909516627,0.038628788940722414,0.005292584216521031,0.004113576452724853,82.1432601928711,81.02074508666992,80.1605760192871,1.0033775124060047,1.0172789695413773,1.0138546628397505,81.75932526623433,-0.0017826597399925681,82.42070007324219,2022,74.53016491358191,74.53016491358191,0.0869833333333333,0.0325,82.43231277775051,-0.0017225380772059012,82.27884948560947,0.0005507047811730434,82.46610204723478,0.003236444053123553,82.68788218460811,0.05639746055409153,87.20259419381965
2022-10-12,82.2739028930664,-0.0017810717458761616,0.00992325605744826,0.006721368299484887,0.03356055975063743,0.00550305432255593,0.004182892696034153,82.30494079589843,81.15432014465333,80.23396408081055,0.9996228913777,1.0137957258026127,1.0141781811392687,77.4918109499298,-0.0008986951713277128,82.2739028930664,2022,74.53016491358191,74.53016491358191,0.0869833333333333,0.0325,82.28549491451484,0.0008803024854579284,82.34636070198698,9.059676962891585e-05,82.28135698054629,0.003236444053123553,82.54060913392277,-0.06973658502749613,76.73188826339309
2022-10-13,82.19999694824219,-0.0008982914657673646,0.00675078154550901,0.009472011818957071,0.03456478226029858,0.005644017186202293,0.0041452915338956045,82.41517944335938,81.29163513183593,80.29559799194335,0.9973890429339528,1.011174111763567,1.0138211552726344,68.3172719076945,-9.606816224487932e-05,82.19999694824219,2022,74.53016491358191,74.53016491358191,0.0869833333333333,0.0325,82.21157855667668,0.0013074346180220631,82.30753835621432,6.83981926003039e-05,82.20561947174824,0.003236444053123553,82.46646360915852,-0.1811807014062935,68.5781906430998
2022-10-14,82.19210052490234,-9.606354784674753e-05,-0.0019052872578390057,0.008732165555147109,0.029342877652845045,0.003950331806263751,0.004089631764981879,82.38379974365235,81.40878524780274,80.35634201049805,0.9976730956893649,1.0096219993298665,1.0119767724439288,66.04365927171864,0.0026816121714424847,82.19210052490234,2022,74.53016491358191,74.53016491358191,0.0869833333333333,0.0325,82.20368102076645,-0.0009711900071459694,82.11231512786757,0.00022383544530614328,82.21050008948453,0.00012927398688100165,82.2027265122444,-0.03281625180808432,79.53864029013653
2022-10-17,82.41280364990234,0.002685210909449065,-0.005064384758397655,0.010935821269873358,0.03417394745957458,0.0027735802397374156,0.00401487211521598,82.29990081787109,81.54495048522949,80.41638610839844,1.0013718465138992,1.010642635252198,1.0092580880624649,64.33049371030359,-0.002649959709163717,82.41280364990234,2022,74.53016491358191,74.53016491358191,0.0869833333333333,0.0325,82.42441524184028,0.0008198611671293727,82.48039841266343,-0.0004101447161610419,82.37900940468062,0.00012927398688100165,82.42345817026153,0.01790374043559223,83.90158873770274
2022-10-18,82.1947021484375,-0.0026464516653427195,-0.0027420044309725,0.008585795180978906,0.031204160337752196,0.0020435610190254585,0.004119968402556556,82.25470123291015,81.66931076049805,80.4682421875,0.9992705695410313,1.0064331556498647,1.0071678145310765,58.13294756488064,0.0011149937745040261,82.1947021484375,2022,74.53016491358191,74.53016491358191,0.0869833333333333,0.0325,82.20628301085861,0.002035849369394145,82.3622086321034,-0.00010448928510254802,82.18611413145648,0.00012927398688100165,82.20532847212354,0.013692245258986713,83.32787228736345
2022-10-19,82.2863998413086,0.0011156156111558069,0.00015189443800212032,0.010076657782852383,0.031640062414290515,0.0020167856064679367,0.004116443456698089,82.2572006225586,81.79549560546874,80.52240219116212,1.0003549746226348,1.0060016047608253,1.0056446264390504,65.9666634473904,0.008598639409917124,82.2863998413086,2022,74.53016491358191,74.53016491358191,0.0869833333333333,0.0325,82.29799362352061,0.002113395141096375,82.46048741202863,-0.0004926627485317353,82.2458703818932,0.00012927398688100165,82.29703801988722,-0.16500388411375788,69.76984936294835
2022-10-20,82.99700164794922,0.008635713896962827,0.009695921280981068,0.01651215787294036,0.03680547977322646,0.004220444882351608,0.004391903543545753,82.4166015625,81.9428108215332,80.60038619995117,1.0070422715138172,1.0128649580829243,1.0057819683779057,72.66939486842585,-0.002066096569777205,82.99700164794922,2022,74.53016491358191,74.53016491358191,0.0869833333333333,0.0325,83.0086955507474,-0.0012690891103650267,82.89173786565281,-0.0013082744764048022,82.88848978620189,0.00012322821024551096,83.00722985010663,-0.2498976086801487,64.64474859827632
2022-10-21,82.82569885253906,-0.0020639636614437906,0.007708749668038362,0.005788775027683046,0.02175485424214707,0.004537498235794462,0.003654321953284859,82.54332122802734,82.03098564147949,80.66462020874023,1.0034209627176456,1.0096879636986553,1.0062456348968796,68.76720629108105,-0.0034396370001607067,82.82569885253906,2022,74.53016491358191,74.53016491358191,0.0869833333333333,0.0325,82.83736861954681,0.0003827523713555364,82.85740665291485,0.00041335521282843875,82.85994236379528,0.00012322821024551096,82.8359059440589,0.003263810034038861,83.09646782841762
2022-10-24,82.54129791259766,-0.0034337282254357504,0.0015591541241719575,-0.003513126790608223,0.015832898992125033,0.004958772159052958,0.003775048082962636,82.5690200805664,82.09531059265137,80.72289413452148,0.9996642546085481,1.005432555364328,1.0057702380866251,64.01298096180099,0.0026641983235883445,82.54129791259766,2022,74.53016491358191,74.53016491358191,0.0869833333333333,0.0325,82.55292760879705,0.0007236512685183881,82.601050645,0.0008372706157140722,82.61043625563534,0.00012322821024551096,82.55146995573924,0.05113110904000738,86.8714863253022
2022-10-25,82.7614974975586,0.002667750453767992,0.00689576498613631,0.0041348523370168255,0.014037705470020923,0.0047277467712054716,0.0037049256489059532,82.68237915039063,82.15259552001953,80.78706604003906,1.0009568949028917,1.007411841022,1.006448775318876,66.51371598224475,-0.0038279375004786607,82.7614974975586,2022,74.53016491358191,74.53016491358191,0.0869833333333333,0.0325,82.7731582188853,0.0010033578196865214,82.84457856629173,-0.0001571051697371792,82.74849625975412,0.00012322821024551096,82.77169667717288,-0.14815030650271843,71.36536307676833
2022-10-26,82.44529724121094,-0.0038206202873140027,0.0019310287022979988,0.002083216452819725,0.008818586817331608,0.005280905605640092,0.0038357652302656886,82.71415863037109,82.18863029479981,80.8530519104004,0.996749511889958,1.0031229008865399,1.0063941731804786,59.81652894427039,-0.004811083144767438,82.44529724121094,2022,74.53016491358191,74.53016491358191,0.0869833333333333,0.0325,82.45691341134918,0.0004629271644971962,82.48347224433017,0.0013137136196097257,82.55367792607305,0.00012322821024551096,82.45545745363268,-0.03798054733262126,79.37269856542197
2022-10-27,82.04959869384766,-0.004799528421925436,-0.011414905783225682,-0.0018296625301486014,0.007625018703698139,0.002940196745313417,0.003909887412620399,82.52467803955078,82.21967506408691,80.90684982299804,0.9942431844996058,0.997931439523366,1.0037096105673748,46.0105523193754,0.004777120803263399,82.04959869384766,2022,74.53016491358191,74.53016491358191,0.0869833333333333,0.0325,82.06115911184716,-8.158341130000199e-05,82.04290508073802,0.0012806141257716392,82.15473987722214,0.00012322821024551096,82.0597101420411,0.16548356173585999,96.81553706425731
2022-10-28,82.44249725341797,0.004788549436254286,-0.004626602665959267,0.0030464816803137396,0.01180524961785423,0.00433712627293655,0.004032143893893648,82.44803771972656,82.26777000427246,80.96036575317383,0.9999328005073035,1.0021238845921852,1.0021912313345156,44.677761434708515,-0.0024690124855438985,82.44249725341797,2022,74.53016491358191,74.53016491358191,0.0869833333333333,0.0325,82.45411302905057,-0.001452029508403128,82.32287518306507,-0.00041788006528749755,82.40805337448965,0.00012322821024551096,82.45265712078096,0.02701653299095924,84.70016759310819
2022-10-31,82.23919677734375,-0.002465966981195389,-0.0036599998169861703,-0.002106552196623368,0.00880623219493204,0.0042167994748119305,0.004089938382421355,82.38761749267579,82.30366477966308,81.00679168701171,0.9981985070105319,0.9992167055684347,1.0010200361458685,47.3723392035062,0.005938125764628463,82.23919677734375,2022,74.53016491358191,74.53016491358191,0.0869833333333333,0.0325,82.25078390885719,-0.0004201327236725505,82.20465265667491,0.0006980196252378323,82.29662139007986,0.00012322821024551096,82.24933159080929,0.1131834671319779,92.09452562057821
2022-11-01,82.72899627685547,0.005955791383004616,-0.0003927094323551428,0.00650034752182771,0.015141953355234383,0.005052026828260636,0.004265006598719002,82.38111724853516,82.36536445617676,81.06369567871094,1.0042228005632747,1.004414863250829,1.0001912550555978,55.99326423412815,-0.0005379806429053022,82.72899627685547,2022,74.53016491358191,74.53016491358191,0.0869833333333333,0.0325,82.74065241890692,-0.0004865367922966735,82.68875536651254,-8.20435702191148e-05,82.72220917306319,0.00012322821024551096,82.73919145115572,-0.14220914165475618,71.76242561553931
2022-11-02,82.68450164794922,-0.0005378359572664193,0.0029013711484167093,0.004838002481678316,0.014963411159891304,0.004638897582293479,0.004267622055873583,82.42895812988282,82.42631454467774,81.12029571533203,1.0031001667843933,1.0031323383157151,1.0000320721024551,56.43040420262177,0.002462911180678824,82.68450164794922,2022,74.53016491358191,74.53016491358191,0.0869833333333333,0.0325,82.69615152090836,0.0009738424622735781,82.76506254707131,0.0005261416721042053,82.72801685648183,0.00012322821024551096,82.69469133891813,-0.07092882190665471,77.0229445058527
2022-11-03,82.88839721679688,0.002465946637929761,0.010223066734049935,-0.0013085343927605741,0.015182016753704453,0.0035361824382203646,0.004271882388172682,82.59671783447266,82.4882942199707,81.18212768554687,1.0035313677101403,1.004850421512648,1.0013144121299542,58.78431576373931,-0.002495575703300774,82.88839721679688,2022,74.53016491358191,74.53016491358191,0.0869833333333333,0.0325,82.90007581772106,-0.0007177315262020219,82.82892694535532,-0.0013542564697506562,82.77622104339741,0.00012322821024551096,82.89861203499999,-0.10057016088539711,74.95777314639986
2022-11-04,82.68180084228516,-0.0024924643430052074,0.0029026727335974556,-0.0017373594457693597,0.0040413583989398205,0.003620197065765892,0.003907822170452167,82.64457855224609,82.50493431091309,81.23810577392578,1.0004503899794897,1.0021437085290628,1.0016925562392034,53.405727665427676,-0.00858521132904861,82.68180084228516,2022,74.53016491358191,74.53016491358191,0.0869833333333333,0.0325,82.69345033471296,0.0006295349053237549,82.73386830937478,0.0002012700849523167,82.69844389018235,0.00012322821024551096,82.69199020041812,0.032393410046784185,85.4039989228383
2022-11-07,81.9749984741211,-0.00854846363968631,-0.0032125593825770293,-0.006860801232810854,-0.010349825158803116,0.005457491591964013,0.004132118554140503,82.59173889160157,82.46206932067871,81.27842376708985,0.9925326621553529,0.9940933952959209,1.0015724753452233,47.52468268799329,-0.0018193066093279298,81.9749984741211,2022,74.53016491358191,74.53016491358191,0.0869833333333333,0.0325,81.98654838128647,0.00367234760636896,82.27659260384492,0.0023710717687713983,82.16959769193453,0.0054265606729931555,82.42104994510127,0.0701176419223347,87.92920007349319
2022-11-08,81.82599639892578,-0.0018176526742156307,-0.010915155732190485,-0.011303578679933923,-0.007215464971638608,0.0040332243894310735,0.004011537046553865,82.41113891601563,82.4323341369629,81.31558563232421,0.9928997156842334,0.9926444186691393,0.9997428773409225,44.878936309602615,-0.0051558795646497475,81.82599639892578,2022,74.53016491358191,74.53016491358191,0.0869833333333333,0.0325,81.83752531237151,-0.0007907997174381466,81.76131400287551,0.0012340351684963467,81.9270348858803,0.00012322821024551096,81.83608029131082,-0.015070910159362946,80.60205031561769
2022-11-09,81.40519714355469,-0.005142610831398553,-0.015472119670521867,-0.01261563888372208,-0.010558703537387748,0.004088124350370922,0.0041427355150049985,82.15527801513672,82.3888988494873,81.35004364013672,0.990869961252595,0.9880602639473347,0.9971644136817828,31.074238628179145,-0.000754459204024704,81.40519714355469,2022,74.53016491358191,74.53016491358191,0.0869833333333333,0.0325,81.41666676828525,0.0009381626715263861,81.48160429634817,0.0017562297716448767,81.54828898864534,0.00012322821024551096,81.41522917840553,0.03689719292712847,84.46492089816051
2022-11-10,81.34380340576172,-0.0007541746712400599,-0.018634620319599504,-0.008602056552640569,-0.010415980222232557,0.0031326883018625244,0.004142172677695243,81.84635925292969,82.34608917236328,81.38594375610352,0.9938597653975674,0.9878283744052055,0.993931346048656,31.90816742827444,-0.010639887843133244,81.34380340576172,2022,74.53016491358191,74.53016491358191,0.0869833333333333,0.0325,81.35526438039182,0.0009499370122506843,81.4211116084822,0.0014538839860611804,81.46215387197523,0.00012322821024551096,81.35382787470597,-0.09852054914921696,73.71188953498303
2022-11-11,80.48290252685547,-0.010583484455624403,-0.0265947075780808,-0.023769230577028178,-0.020795161422222375,0.004220775091398074,0.00471106580452669,81.40657958984374,82.26062927246093,81.40126586914063,0.9886535330726078,0.9783890937702733,0.9896177589428786,27.97085403173918,0.00017516622589719056,80.48290252685547,2022,74.53016491358191,74.53016491358191,0.0869833333333333,0.0325,80.49424220443873,0.003188944320319869,80.73996768714368,0.0037157652817329558,80.78251440081134,0.0054265606729931555,80.92083503956165,-0.23464845902987502,63.64980821407632
2022-11-14,80.49700164794922,0.00017518156839635424,-0.01802984877930147,-0.021184486202016184,-0.023246412172696407,0.004378160855634334,0.00463950458233104,81.11098022460938,82.16483917236329,81.41671585083007,0.9924303888948209,0.979701323081576,0.9871738451828141,24.646708305429897,0.0061304073006653555,80.49700164794922,2022,74.53016491358191,74.53016491358191,0.0869833333333333,0.0325,80.50834331203498,0.0016891409108223533,80.63308732821967,0.0014077650224886469,80.61040231330138,0.00012322821024551096,80.50692176059874,-0.16404099481844794,68.31838717668792
2022-11-15,80.99199676513672,0.00614923670514278,-0.010192355369839534,-0.020996259955890495,-0.014632395420434596,0.006249818092747984,0.004901193805387484,80.94418029785156,82.10470390319824,81.44089584350586,1.0005907338502806,0.9864477053668763,0.9858653213497373,34.35520140870288,0.000979946669070898,80.99199676513672,2022,74.53016491358191,74.53016491358191,0.0869833333333333,0.0325,81.00340817179958,-0.0011256225172642026,80.90088164009833,0.00037518237857951436,81.02238923613223,0.00012322821024551096,81.00197787890706,-0.29707889284760497,60.17587061250803
2022-11-16,81.07140350341797,0.000980426973686166,-0.004100397171793446,-0.019509075006576615,-0.014765457478195354,0.006085458955332243,0.0048986137914980715,80.87742156982422,82.04395408630371,81.46442184448242,1.0023984683219194,0.9881459810937111,0.9857816151175212,38.70022738088944,0.005215062375917153,81.07140350341797,2022,74.53016491358191,74.53016491358191,0.0869833333333333,0.0325,81.08282609813173,0.000425015934886875,81.10586746511822,0.0008285298510055036,81.13860141517732,0.00012322821024551096,81.08139440294148,-0.1679213833632742,68.53940996097501
2022-11-17,81.49530029296875,0.0052286844834616986,0.001862426895031355,-0.016806899042630108,-0.01809344102995769,0.006659462948008456,0.004606211947073798,80.90772094726563,81.96886901855468,81.50133178710938,1.0072623395990365,0.9942225782634778,0.9870542550605541,39.13611122292363,0.0003631703387411072,81.49530029296875,2022,74.53016491358191,74.53016491358191,0.0869833333333333,0.0325,81.50678261282624,-0.00045261182981491617,81.45842290218305,-0.0002769644792419635,81.47273211499854,0.00012322821024551096,81.50534343175357,-0.02303083188280615,79.63984409596245
2022-11-18,81.52490234375,0.00036323629307255523,0.012946846897660569,-0.013992178287721702,-0.015705228290376017,0.0028727515097198473,0.0046059735042418525,81.11612091064453,81.90382919311523,81.53770385742187,1.0050394598325996,0.9953735148515244,0.9903825219134331,41.46741131481191,-6.139273156908531e-05,81.52490234375,2022,74.53016491358191,74.53016491358191,0.0869833333333333,0.0325,81.5363888344028,-0.0027795660802722006,81.29861312910278,-0.0015817772234908078,81.39605004475712,9.342314631884193e-05,81.53251901241133,0.5572558164916327,142.33228231045132
2022-11-21,81.5198974609375,-6.139084707390552e-05,0.012707253587678657,-0.005551705052208922,-0.012374417140153415,0.002923743299908323,0.004565302008175532,81.3207000732422,81.85275917053222,81.57498580932617,1.0024495286872335,0.9959334088066446,0.9934998025395633,33.6647542791646,0.0025458498040135925,81.5198974609375,2022,74.53016491358191,74.53016491358191,0.0869833333333333,0.0325,81.53138324642491,-0.0027751897136911565,81.29397790984652,-0.00166090575038163,81.38461297296584,9.342314631884193e-05,81.52751366200509,0.4918142793311053,133.30788935678734
2022-11-22,81.72769927978516,0.0025490932314682357,0.009083644607279506,-0.0012012944964506778,-0.01249129424952633,0.002151572827805537,0.004560889791327408,81.46784057617188,81.80106925964355,81.62243377685547,1.003189708991615,0.9991030682053126,0.9959263529622825,37.61964745462874,-0.00015544214896974704,81.72769927978516,2022,74.53016491358191,74.53016491358191,0.0869833333333333,0.0325,81.73921434361061,-0.0006052159590084023,81.67825133673946,-0.001879081578993085,81.57427046335211,9.342314631884193e-05,81.73533489525934,0.3329250396035772,114.0136320329572
2022-11-23,81.71499633789062,-0.00015543006846485685,0.007938592483421436,0.0038056439294609223,-0.008858005583795348,0.00231507658857502,0.004498660973361299,81.5965591430664,81.76455421447754,81.66468566894531,1.0014514974169018,0.9993938953491152,0.997945380207535,34.026687272032376,-0.0010052155565177735,81.71499633789062,2022,74.53016491358191,74.53016491358191,0.0869833333333333,0.0325,81.72650961192892,-0.0004652129809625988,81.676990301991,-0.001365730361631742,81.60347185990896,9.342314631884193e-05,81.72263076656057,0.2500534192164142,104.92973733703262
2022-11-24,81.63289642333984,-0.0010047104966057763,0.001688393439578162,0.003553964843960644,-0.005078663115253734,0.0013318622094855327,0.004383447177071064,81.62407836914062,81.74371910095215,81.70826965332031,1.0001080325116731,0.9986442667543002,0.9985363923598365,35.22048547655392,0.00027566842290941833,81.63289642333984,2022,74.53016491358191,74.53016491358191,0.0869833333333333,0.0325,81.64439812987086,-0.0009588592274802725,81.55465948243906,-0.0010086691069353135,81.5505973558491,9.342314631884193e-05,81.64052318161917,0.2558510817554431,105.4338144567606
2022-11-25,81.65540313720703,0.0002757064229408357,0.0016007476207302584,0.014568319152758136,-0.00954718916133157,0.0013320254358789687,0.004223930409864958,81.65017852783203,81.7043643951416,81.74439575195312,1.0000639877275128,0.9994007510088717,0.999336805717654,44.42088551960748,0.00017508007108455525,81.65540313720703,2022,74.53016491358191,74.53016491358191,0.0869833333333333,0.0325,81.66690801483242,-0.0013371101277788887,81.54629383251861,3.656250101916682e-06,81.65570169032887,9.342314631884193e-05,81.6630319982326,0.10217875648253315,90.44000910446357
2022-11-28,81.6697006225586,0.0001750953984946957,0.0018376269633175735,0.014568231742818627,-0.0069248749635411055,0.0013192053579725712,0.004199493655389699,81.68013916015624,81.67588958740234,81.78399978637695,0.9998722022549792,0.9999242253145327,1.000052029708833,47.13692342954254,-0.00023758940020190324,81.6697006225586,2022,74.53016491358191,74.53016491358191,0.0869833333333333,0.0325,81.6812075146351,-0.0011339035291533504,81.57714754384564,3.8265498730843326e-05,81.67282581417724,9.342314631884193e-05,81.67733081936262,0.05175216921988955,86.00756357104207
2022-11-29,81.65029907226562,-0.00023756117807549604,-0.0009470498766220858,0.008127992066152778,-0.013038925324078021,0.0005043276562362342,0.003930630824709259,81.66465911865234,81.62195472717285,81.82285583496093,0.9998241583747279,1.000347263737894,1.0005231973630409,55.263968540062265,-0.0002376458623400712,81.65029907226562,2022,74.53016491358191,74.53016491358191,0.0869833333333333,0.0325,81.6618032307513,0.000673834454104973,81.70533639790915,0.00020449550535733013,81.66699789879627,9.342314631884193e-05,81.65792745643111,0.04383252162014199,85.3088332202257
2022-11-30,81.63089752197266,-0.00023761762679885834,-0.0010291723635429406,0.006901249939889054,-0.012742462069403993,0.0005042838619744992,0.003931649455498942,81.64783935546875,81.56927452087402,81.8602197265625,0.9997925011411223,1.000755468299315,1.000963167014249,56.27907597631872,-0.003996657747792644,81.63089752197266,2022,74.53016491358191,74.53016491358191,0.0869833333333333,0.0325,81.6423989468675,0.0008930836991444467,81.70383330992992,0.00013288559705753353,81.64174581330307,9.342314631884193e-05,81.63852409349961,0.02655592911242846,83.82772210720823
2022-12-01,81.3052978515625,-0.003988681740544564,-0.004013070540563102,-0.0023314527429583176,-0.019099167294714836,0.0017964008352149951,0.003928741186673389,81.58231964111329,81.4901195526123,81.88531173706055,0.9966043893974892,0.9977319741084626,1.0011314265951157,73.48605343315191,-0.0017615456864453637,81.3052978515625,2022,74.53016491358191,74.53016491358191,0.0869833333333333,0.0325,81.31675340093388,0.0014868707160470241,81.42627823680502,0.0020213537351901354,81.46981083251488,9.342314631884193e-05,81.31289400312285,-0.23015739646995836,64.58962422565718
2022-12-02,81.16220092773438,-0.0017599950754669802,-0.006040043775718318,-0.004448964740691008,-0.01837889232056522,0.0017199724195385475,0.003917064919509279,81.48367919921876,81.41413955688476,81.88731170654297,0.9960546912627939,0.9969054683802885,1.0008541469910814,67.69321931401714,0.0032020221159539406,81.16220092773438,2022,74.53016491358191,74.53016491358191,0.0869833333333333,0.0325,81.17363631539527,0.0016059785246653718,81.29265040092757,0.00140768104931778,81.27653187177339,9.342314631884193e-05,81.16978371010539,-0.21536853049755592,65.43655861254251
2022-12-05,81.42250061035156,0.0032071540648455077,-0.0030268264769266473,-0.0011947616915564119,-0.0067398337792461405,0.0026261093695297277,0.003579539988118685,81.43423919677734,81.38651466369629,81.8906657409668,0.9998558519543922,1.000442161048473,1.0005863936215755,63.084279016273314,0.005835151024701555,81.42250061035156,2022,74.53016491358191,74.53016491358191,0.0869833333333333,0.0325,81.43397267306247,0.0007111094812048684,81.48042151413014,0.000374747357680608,81.45301919533343,9.342314631884193e-05,81.43010771187389,-0.17520224845846552,68.33686736212951
2022-12-06,81.89900207519531,0.005852208680301452,0.0030459533615372347,0.0020960188151597503,0.0008922063828420423,0.003927755742942542,0.0038150986107447645,81.48397979736328,81.39016494750976,81.8963298034668,1.0050932990615349,1.0062518257336586,1.0011526558511588,70.26229373461298,0.005761195387125324,81.89900207519531,2022,74.53016491358191,74.53016491358191,0.0869833333333333,0.0325,81.9105412748112,-0.0008479052226707591,81.82958891565316,-2.7543157064998286e-05,81.89674634918273,9.342314631884193e-05,81.9066536950632,-0.12508905470659895,72.26917945897378
2022-12-07,82.37220001220703,0.005777822989555537,0.009081150798750492,0.008042632365776292,0.011878883690276787,0.0044834246941396145,0.0038140554745748714,81.63224029541016,81.43851509094239,81.90928176879883,1.009064552364594,1.011464906011879,1.0023787909719553,70.96327045768753,-0.0014420365631033793,82.37220001220703,2022,74.53016491358191,74.53016491358191,0.0869833333333333,0.0325,82.38380588327574,-0.0011741518526829386,82.2755392992357,-0.0004277807420082733,82.33697030719688,9.342314631884193e-05,82.3798958417801,0.13484230591120694,94.26314700873793
2022-12-08,82.25350189208984,-0.0014409973279770893,0.011662266366190055,0.007602394328036555,0.011183377814169004,0.003742034174366512,0.0038299256538154537,81.82188110351562,81.48400001525879,81.92577774047851,1.005275126686811,1.0094435947755014,1.0041465942785524,66.70631907829136,0.00031234886505814767,82.25350189208984,2022,74.53016491358191,74.53016491358191,0.0869833333333333,0.0325,82.26509103912936,-0.0009729229321478277,82.17351449094753,-7.158396063803663e-06,82.2529130910531,9.342314631884193e-05,82.26118663199306,0.06335941422585796,87.6336782669528
2022-12-09,82.2791976928711,0.0003123976510441828,0.013762524332370907,0.007639354307220625,0.0223189660116474,0.003259847442099362,0.0027963944723881917,82.04528045654297,81.57381477355958,81.9417497253418,1.0028510748580113,1.00864717337628,1.005779620387892,67.24661992382048,0.0016249021018294994,82.2791976928711,2022,74.53016491358191,74.53016491358191,0.0869833333333333,0.0325,82.29079046033291,-0.002762189908492803,82.05224051703645,-0.0005511337256544663,82.23386334589405,9.342314631884193e-05,82.286884833469,-0.12095694052469487,72.9053025204265
2022-12-12,82.41300201416016,0.0016262229705803488,0.012164959272727982,0.00910131157498384,0.023802133333990394,0.0032800247215275433,0.002789734640484667,82.24338073730469,81.66961479187012,81.95958374023438,1.0020624307431774,1.0091023720900913,1.0070254518390565,66.10730552666499,0.00280746954724723,82.41300201416016,2022,74.53016491358191,74.53016491358191,0.0869833333333333,0.0325,82.42461363404672,-0.002367299741888543,82.21813647933287,-0.000723921264937531,82.35336307904598,9.342314631884193e-05,82.42070165576268,-0.1956474541532658,67.76838320331291
2022-12-13,82.64469909667969,0.0028114141804920223,0.009105080679734145,0.012178767692375025,0.020405748685706993,0.0027199149029534632,0.0025678636675441585,82.39252014160157,81.75224990844727,81.98257766723633,1.003060702047282,1.0109165091998307,1.007831836235349,69.8121183348833,-0.0029349536296157607,82.64469909667969,2022,74.53016491358191,74.53016491358191,0.0869833333333333,0.0325,82.65634336163906,-5.6273735823378196e-05,82.64004850156992,-0.000494680050257828,82.60382652303389,9.342314631884193e-05,82.6524203851638,-0.10803535882500553,74.18153958941899
2022-12-14,82.40249633789062,-0.002930650863713913,0.00036779794249874875,0.00945228876982851,0.016418771317022296,0.0023066640216732274,0.0027152218327282274,82.39857940673828,81.8188045501709,82.00131759643554,1.0000475363917745,1.0071339564410504,1.0070860832024484,65.35268888557435,0.001279565723728153,82.40249633789062,2022,74.53016491358191,74.53016491358191,0.0869833333333333,0.0325,82.41410647757483,-6.745544338263324e-05,82.39693802843554,0.0008743356069745479,82.47457528054366,9.342314631884193e-05,82.41019499797397,0.10196234253632373,91.24772625106549
2022-12-15,82.50800323486328,0.001280384717230243,0.0030941095141130415,0.014792460209622993,0.01242651954473395,0.002176730891848343,0.002513721931090896,82.44947967529296,81.86943969726562,82.01850158691406,1.0007098111449677,1.0077997790134992,1.0070849388999388,66.46326731448035,0.004231825327678605,82.50800323486328,2022,74.53016491358191,74.53016491358191,0.0869833333333333,0.0325,82.51962823999291,0.00019449275998099146,82.52405200476713,0.00039362342576227354,82.54048671045845,9.342314631884193e-05,82.51571175219334,-0.03634709700860823,79.56292360912491
2022-12-16,82.85790252685547,0.004240792144686534,0.0070334282566115736,0.02089275031650417,0.016350834466318798,0.0026871012688995995,0.0026392212207592227,82.56522064208984,81.9360897064209,82.02867965698242,1.003544856811252,1.011250388244514,1.0076783129134321,70.31112247186908,-0.0015932059770565183,82.85790252685547,2022,74.53016491358191,74.53016491358191,0.0869833333333333,0.0325,82.86957683121553,0.0017691929008734303,83.00462389071457,4.637262399775048e-05,82.86174495430562,9.342314631884193e-05,82.86564373440527,-0.11547835974986205,73.82140743002726
2022-12-19,82.72599792480469,-0.0015919374981526735,0.0037978947859556023,0.016009055294076813,0.014795166596537124,0.0029894609936695566,0.002687702059169605,82.62781982421875,81.99639472961425,82.02655364990234,1.00118819667268,1.0088979911567615,1.0077006446037857,67.70694141641465,-0.0017433699353235769,82.72599792480469,2022,74.53016491358191,74.53016491358191,0.0869833333333333,0.0325,82.73765364440187,0.0005872701573400329,82.77459470294417,0.0010112971539829492,82.80970080817659,0.00011125907169211259,82.73520245457281,0.038257849717509104,85.9522377186663
2022-12-20,82.58190155029297,-0.0017418511486884114,-0.000759849658515388,0.008338312528773706,0.010451808603880508,0.002901303158615893,0.0027067207054164073,82.61526031494141,82.03910484313965,82.02977767944336,0.9995962154628422,1.006616316794182,1.0070229370847399,65.03705884056012,0.0006657875020725192,82.58190155029297,2022,74.53016491358191,74.53016491358191,0.0869833333333333,0.0325,82.59353696736159,0.0003225150990586011,82.60853975583277,0.0009769304836565614,82.6626177479532,0.00011125907169211259,82.59109004714036,0.09600045084410087,90.90281763633325
2022-12-21,82.63690185546875,0.0006660091877672691,0.002844640975644186,0.0032134851712408707,0.011281962416862301,0.0024498574627538783,0.002702104895692877,82.66214141845703,82.08520011901855,82.0370376586914,0.9996946659915268,1.006721086574075,1.0070285666429752,73.02537149611618,0.0029205649775836643,82.63690185546875,2022,74.53016491358191,74.53016491358191,0.0869833333333333,0.0325,82.64854502183204,0.0007051005514675617,82.69518972752908,0.00030577811089467955,82.66217427488772,0.00011125907169211259,82.64609647193946,-0.03418605366263214,79.85961500885904
2022-12-22,82.87860107421875,0.0029248339824348157,0.004491659291530059,0.0075996664913913214,0.015259836480857158,0.0026694908489161913,0.002724762295058435,82.73626098632812,82.1474853515625,82.05060974121093,1.001720407547957,1.0089000377738568,1.007167299549656,78.70038680179215,-4.464770042302171e-05,82.87860107421875,2022,74.53016491358191,74.53016491358191,0.0869833333333333,0.0325,82.89027829491069,0.001292934774836301,82.985827002766,0.0002849964719482567,82.90222454926854,0.00011125907169211259,82.88782258341617,-0.0889680665401676,75.82354260618405
2022-12-23,82.8749008178711,-4.464670372927859e-05,0.0002051499072175389,0.007240021070983538,0.014934684464357195,0.001907845800699912,0.0027287042539034926,82.73966064453126,82.20846023559571,82.06426574707031,1.0016345265654505,1.008106715298711,1.0064616270322204,76.56566164013854,-0.003272898250881126,82.8749008178711,2022,74.53016491358191,74.53016491358191,0.0869833333333333,0.0325,82.88657751721361,0.0006928568614635761,82.93234115821497,0.0007762244241819899,82.939255313572,0.00011125907169211259,82.88412191535852,0.0593032367403223,87.93830494867035
2022-12-26,82.6041030883789,-0.0032675481577625343,-0.0014734767725205211,0.002318821903683599,0.011441237799299842,0.0023602404151087035,0.002871401725698073,82.7152816772461,82.25518035888672,82.06809173583984,0.998655888167062,1.0042419544637773,1.0055935847000994,63.94637483891024,0.003610698341608382,82.6041030883789,2022,74.53016491358191,74.53016491358191,0.0869833333333333,0.0325,82.615741633544,8.839237693584497e-05,82.61140498410674,0.0008542766307635574,82.67469999360226,0.00011125907169211259,82.61329405548622,0.09315559360736554,90.66894872698214
2022-12-27,82.90290069580078,0.003617224765483984,0.0038870398898760428,0.0031242366654278264,0.015341053710367092,0.002726070246546812,0.0029426286304410606,82.77948150634765,82.31781044006348,82.08225570678711,1.0014909393874818,1.0071076994469297,1.0056083982775552,61.27471002794365,-0.0015306775295954736,82.90290069580078,2022,74.53016491358191,74.53016491358191,0.0869833333333333,0.0325,82.91458134019967,0.00040981192927845274,82.9368822560265,-0.0008467615439954793,82.83273142012065,0.00011125907169211259,82.91212490870194,-0.09612805962770038,75.30465800588698
2022-12-28,82.7761001586914,-0.001529506640239875,0.0016844569447449498,0.004533889595635721,0.01402903399917288,0.0029188602540158033,0.002979755302183357,82.80732116699218,82.37507057189941,82.09204971313477,0.9996229680194845,1.0048683367917963,1.0052473471900152,61.0644827809007,0.0009164776174958816,82.7761001586914,2022,74.53016491358191,74.53016491358191,0.0869833333333333,0.0325,82.78776293746714,0.000639617312453721,82.82906212129879,0.00042556111238020364,82.81133394448624,0.00011125907169211259,82.78531026309768,0.0005684105203419554,82.82316433947506
2022-12-29,82.85199737548828,0.0009168977114333288,-0.0003209959915545513,0.004169221495347486,0.019023354748045618,0.00259443396042133,0.0027677640045528757,82.8020004272461,82.4524055480957,82.08914962768554,1.0006038132893433,1.0048463331631907,1.0042399597298162,61.874920916107804,-0.00020398823311891396,82.85199737548828,2022,74.53016491358191,74.53016491358191,0.0869833333333333,0.0325,82.86367084783917,-3.2276381211339514e-05,82.84932325599256,0.00017336156812250216,82.86636197277396,0.00011125907169211259,82.86121592461821,-0.025793682758459627,80.74226509016745
2022-12-30,82.83509826660156,-0.0002039674289339155,-0.0004802726866244278,-0.0002752213073039522,0.020611778879144893,0.0025951532507662066,0.002708930837868282,82.79403991699219,82.53605041503906,82.0893376159668,1.00049590948395,1.003623239179228,1.0031257795915338,59.196401559855985,-0.0010302465799021743,82.83509826660156,2022,74.53016491358191,74.53016491358191,0.0869833333333333,0.0325,82.84676935794431,-0.0007063135027914865,82.7766113756627,9.082298775460339e-05,82.84262193937313,0.00011125907169211259,82.84431493544773,0.043843366347487686,86.54765871640787
2023-01-02,82.74980163574219,-0.001029716058099539,0.0017638173155563042,0.0002877415991904275,0.016301403364439082,0.0020456713185877887,0.0026948568005704327,82.82317962646485,82.6024154663086,82.09350769042969,0.9991140404044665,1.0017842840139912,1.0026726114352709,52.445953239964766,-0.0005294508171335441,82.74980163574219,2023,73.63046720870895,73.63046720870895,,,,0.00043101444643073257,82.78547568314909,-0.0002808615357913383,82.72656366284748,0.00011125907169211259,82.75900881403643,0.07282270378629589,89.00070765581334
2023-01-03,82.70600128173828,-0.0005293106827821692,-0.002375060611992219,0.0015027473225441845,0.009853590228144915,0.0009264828156277292,0.0024316495321434445,82.78379974365234,82.64276542663575,82.09239776611328,0.9990602211766678,1.0007651710924252,1.0017065536987844,57.78179442338314,0.0009631499562891679,82.70600128173828,2023,73.63046720870895,73.63046720870895,,,,0.0002563238854969298,82.72720352254501,0.00022721390686768715,82.72479537046921,0.00011125907169211259,82.7152035865747,0.08092181865849614,89.67696942148439
2023-01-04,82.78569793701172,0.0009636139341564487,0.00011594866515718394,0.0018006009204363238,0.0050198722960344,0.0008872117598395997,0.00209611952921276,82.78571929931641,82.66344032287597,82.0992057800293,0.9999997419566458,1.0014789804738131,1.0014792388988751,57.21552612798351,-0.0014409199146254712,82.78569793701172,2023,73.63046720870895,73.63046720870895,,,,0.0007333751880157591,82.84643318193999,-0.00010203762346539582,82.7772511120916,0.00011125907169211259,82.7949091093173,0.023823536568230524,84.78162667980408
2023-01-05,82.66649627685547,-0.0014398822879641004,-0.0022389454027537115,-0.002559222701808639,0.0050209945505717,0.0009193803835509964,0.002096072130122272,82.74861907958984,82.68409004211426,82.11154373168945,0.9990075628614976,0.9997872170419988,1.000780428706934,44.349091367768565,-0.00025761806810313607,82.66649627685547,2023,73.63046720870895,73.63046720870895,,,,0.0002107412519537052,82.68391935359149,-0.00037018882574338385,82.63589972727021,0.00011125907169211259,82.6756941861572,0.1711683685590778,98.0995485757831
2023-01-06,82.64520263671875,-0.00025758488741800534,-0.002292453728631294,-0.002771625412344547,0.004448329032252785,0.0009161315446300199,0.002099088123845721,82.71063995361328,82.70239028930663,82.11559783935547,0.9992088403991164,0.9993085126997197,1.0000997512197385,47.44799599005224,-0.0045089384595600026,82.64520263671875,2023,73.63046720870895,73.63046720870895,,,,-0.00012103074796303077,82.63520063131539,-0.00030937370167273515,82.61963833911813,0.00011125907169211259,82.65439817677805,0.09220672892322736,90.62802638250285
2023-01-09,82.27339935302734,-0.004498788457519165,-0.005757141084300477,-0.004003478313876707,-0.0016939397633983777,0.0020583616741560013,0.002319033896176558,82.61535949707032,82.69541015625,82.11628189086915,0.9958608163648419,0.9948968050049539,0.9990319818351655,41.48106012724897,-0.001134665743089815,82.27339935302734,2023,73.63046720870895,73.63046720870895,,,,0.0017196282477704196,82.4150007305649,0.0009437814480927228,82.35108411396003,0.00011125907169211259,82.28255352429717,0.06484270694242779,87.78499153061509
2023-01-10,82.18009948730469,-0.001134022253320488,-0.006358689651094429,-0.008718647989752526,-0.005621650444047277,0.0020301714750451056,0.0022258689934020973,82.51017913818359,82.67218017578125,82.10530395507813,0.9959995281269951,0.9940478080119542,0.9980404407231888,37.64720445636476,-0.006625711119690407,82.18009948730469,2023,73.63046720870895,73.63046720870895,,,,0.0002179607367030148,82.19801347453327,0.00015007189742819265,82.19243333622448,0.00011125907169211259,82.18924327754058,0.026260385948551623,84.36676631409438
2023-01-11,81.63739776611328,-0.0066038094937478364,-0.013870755450683392,-0.013756415081105589,-0.009284895552679195,0.0026666109878055364,0.0025795672201430362,82.2805191040039,82.63392524719238,82.08436187744141,0.9921837958134695,0.9879404557135817,0.9957232318066546,21.13462241353001,-6.859806675769679e-05,81.63739776611328,2023,73.63046720870895,73.63046720870895,,,,0.001290241028995918,81.74279766722823,0.0010344994915356266,81.72189531139072,0.00011125907169211259,81.6464811725004,0.11171783581709506,91.28671783453288
2023-01-12,81.63179779052734,-6.859571396411468e-05,-0.012516539746197153,-0.014727461299827826,-0.010619641852703365,0.002900071827315396,0.002549034606808754,82.07357940673828,82.59011497497559,82.05922988891602,0.9946172493096522,0.9883967084349184,0.993745794295191,21.115964432090536,-0.0063435599063559325,81.63179779052734,2023,73.63046720870895,73.63046720870895,,,,0.0009585230095370016,81.7100812592788,6.197223445239138e-05,81.63685685219784,0.00011125907169211259,81.64088057383172,0.03421094206629467,84.47281840523952
2023-01-13,81.1156005859375,-0.006323482007764225,-0.018508056148218044,-0.0207580810145227,-0.02102758925563275,0.002988346393691458,0.0026022792791693668,81.76765899658203,82.50299987792968,82.02790588378906,0.9920254729235701,0.9831836503636843,0.9910871012880058,18.954416852048098,0.002000070762212694,81.1156005859375,2023,73.63046720870895,73.63046720870895,,,,0.001250511382739342,81.21710001765842,0.0016483975229696851,81.24942160583471,0.00011125907169211259,81.12462593442507,-0.13075573343826224,71.17342978021891
2023-01-16,81.27799987792969,0.0020020722378815137,-0.012098679317071759,-0.01778616659761012,-0.01750354281844002,0.0038561263737400256,0.0026862630524753434,81.5685791015625,82.43059997558593,82.01396591186523,0.9964376083679107,0.9860173273275019,0.9895424651248597,14.06497288578285,0.004598324987365932,81.27799987792969,2023,73.63046720870895,73.63046720870895,,,,0.0004753908276588026,81.31664787928692,-7.411792908121854e-05,81.27197594414237,0.00011125907169211259,81.2870432958169,-0.06344279626413181,76.28166282524676
2023-01-17,81.65260314941406,0.004608913507308188,-0.006418784367279939,-0.012736658960645575,-0.01125305161825263,0.005017429957425824,0.002942086216943852,81.46307983398438,82.38413505554199,82.010498046875,1.0023264933736353,0.9911204759795713,0.9888199928185609,27.607893704439235,-0.0015578774129758443,81.65260314941406,2023,73.63046720870895,73.63046720870895,,,,0.0005960654523224239,81.70128795346704,0.00011659363129873276,81.66212387793762,9.019661384605714e-05,81.65996826987933,-0.2688934984946504,62.40093144199651
2023-01-18,81.52549743652344,-0.0015566645518703126,-0.0013706993688166191,-0.015222442183758789,-0.013449250806729762,0.004102035868298359,0.0029352470232883333,81.44069976806641,82.32856483459473,82.01290405273437,1.001041219791806,0.9902455800160646,0.9892155891662618,24.090769556315223,-0.0010984243431156134,81.52549743652344,2023,73.63046720870895,73.63046720870895,,,,0.00017356580804673072,81.53964870341494,0.00010198485309416086,81.53381222638703,9.019661384605714e-05,81.53285109196676,-0.035992464085163905,78.64337242104948
2023-01-19,81.43599700927734,-0.0010978212959176226,-0.0023985847004428518,-0.014885102465902356,-0.01740623087556148,0.00411535833581737,0.0028109487876499715,81.4015396118164,82.25643463134766,82.01474792480468,1.0004233015447284,0.9900258548070153,0.9896069526552825,23.426373798352103,-0.0024121302505402914,81.43599700927734,2023,73.63046720870895,73.63046720870895,,,,0.00040881581755366716,81.4692961391147,0.00016213595675560046,81.44920178302218,9.019661384605714e-05,81.44334259172112,-0.10611839919083196,73.2368712511351
2023-01-20,81.23979949951172,-0.0024092234020696157,0.0015311347345894344,-0.017005259741266765,-0.019729752943568934,0.002924223725146632,0.0028239348217870847,81.42637939453125,82.17467956542968,82.0298858642578,0.9977086062722315,0.9886232587597303,0.9908937865671552,22.47937193916286,-0.003252479862633663,81.23979949951172,2023,73.63046720870895,73.63046720870895,,,,0.000528239462839417,81.28272490400869,-0.0004942891757218174,81.19965346867292,9.019661384605714e-05,81.24712738480636,0.10317114682412758,90.06903353026561
2023-01-23,80.97599792480469,-0.003247196279806408,-0.0037156666450770537,-0.015769391302960845,-0.019709737200733213,0.0031015396151193517,0.0028230752386000074,81.36597900390625,82.09327430725098,82.03946578979492,0.9952070744569689,0.9863901593416209,0.9911406225481678,20.81051647833911,0.00630296856468088,80.97599792480469,2023,73.63046720870895,73.63046720870895,,,,0.00026979773823542164,80.99784801331585,0.0001739172043162118,80.99008226869984,9.019661384605714e-05,80.98330201501746,0.07011613192463946,86.85750660330412
2023-01-24,81.48799896240234,0.006322874070327611,-0.002015908625846441,-0.008421753310352997,-0.017066974997535955,0.0038459504643861163,0.003106161479172972,81.3330581665039,82.02252922058105,82.04938583374023,1.001905016230685,0.9934831288030487,0.9915941258989592,30.892060339443077,0.0013967664639085865,81.48799896240234,2023,73.63046720870895,73.63046720870895,,,,0.00019989617067885467,81.50428972952795,-0.0007296628477252788,81.42856188417495,9.019661384605714e-05,81.49534923545774,-0.1265462386765078,71.8017980868255
2023-01-25,81.60189819335938,0.001397742396516355,0.0009371394132910993,-0.0004348444919277661,-0.01418527767170652,0.00385030832133972,0.0031415085441234302,81.3483383178711,81.96381912231445,82.05999572753906,1.0031169644117066,0.995584381830537,0.9924908232555041,34.299833253448,-0.0012163654554766664,81.60189819335938,2023,73.63046720870895,73.63046720870895,,,,0.0005316765227696556,81.64529554249577,0.00027010446886433507,81.62394220768859,9.019661384605714e-05,81.60925874020305,-0.10206972855235542,73.68378749791229
2023-01-26,81.50270080566406,-0.001215625982869395,0.0008190947349624444,-0.0015814546335798374,-0.01628562512149412,0.003860530839337419,0.0031195182726858205,81.36167907714844,81.89635429382324,82.06014373779297,1.0017332696438321,0.9951932721358164,0.9934713184575161,33.5294040008975,-0.0007069985752796129,81.50270080566406,2023,73.63046720870895,73.63046720870895,,,,0.0006330413700128979,81.55431172124062,0.0005650498187471899,81.54876690557674,9.019661384605714e-05,81.51005240483573,-0.11048358850994802,72.97760183627403
2023-01-27,81.44509887695312,-0.0007067487106749981,0.0025270788296645197,0.004062082862427152,-0.016780319197241433,0.003645283858772951,0.0031163505940881753,81.40273895263672,81.82685432434081,82.05854766845704,1.0005203746810172,0.9953345946078471,0.9948169170719553,36.86948949602699,0.0007720547841010058,81.44509887695312,2023,73.63046720870895,73.63046720870895,,,,0.0003429136262838037,81.47303230025409,0.0007201440336824316,81.5037722030692,9.019661384605714e-05,81.45244528039156,-0.092497941033894,74.24951300517017
2023-01-30,81.50800323486328,0.0007723528951102399,0.006569913600232846,0.0028298353463303005,-0.015006663174193413,0.0029946471712785426,0.0031365979509094073,81.50914001464844,81.76476440429687,82.05830978393554,0.9999860533458584,0.996859757729332,0.9968736607815016,39.24202124411683,0.0008817259419820168,81.50800323486328,2023,73.63046720870895,73.63046720870895,,,,0.0007906600489413561,81.57247384049757,-0.00023930331727242235,81.4885004329406,9.019661384605714e-05,81.51535531231768,0.06893423521543353,87.32488291025668
2023-01-31,81.57990264892578,0.0008821147765738502,0.0011278186689287484,-0.0008903635363007867,-0.013615682240233573,0.0011236407295213682,0.00315765708087433,81.52752075195312,81.70845947265624,82.05535385131836,1.0006425057022406,0.9984266399763235,0.9977855570662952,48.91637572543584,0.0023079460132232324,81.57990264892578,2023,73.63046720870895,73.63046720870895,,,,0.0002776101245347644,81.60255319972534,-0.0003373168092318474,81.55238901713292,9.019661384605714e-05,81.58726121175634,0.0018415517434847845,81.73027467732122
2023-02-01,81.76840209960938,0.0023106113707291875,0.00204044158207517,0.0029794931735935837,-0.012288304172737186,0.0014014539270939524,0.0032085252469130445,81.56082153320312,81.65759468078613,82.05642196655273,1.0025451014654352,1.0013569762770556,0.998814891034186,52.40856078236189,-0.0007108629032171221,81.76840209960938,2023,73.63046720870895,73.63046720870895,,,,0.000432087055664104,81.80374080186705,-0.0003775305570779457,81.73753785567753,9.019661384605714e-05,81.77577766521888,-0.05833883355327607,77.134608121595
2023-02-02,81.71029663085938,-0.0007106103000424913,0.0025471036314528295,0.00336828468558914,-0.011566955042992544,0.0012668726896145005,0.003202773913577129,81.60234069824219,81.60978469848632,82.05796997070313,1.0013229514214108,1.0012316161933816,0.9999087854443969,62.5056152375085,0.004098804034233619,81.71029663085938,2023,73.63046720870895,73.63046720870895,,,,0.0005754505354035103,81.75733039630843,0.000545807937954872,81.75490693259408,9.019661384605714e-05,81.71766695531599,-0.08958125166532203,74.70886591269966
2023-02-03,82.0458984375,0.004107215620043236,0.007376742969574579,0.00992246341022951,-0.007251530398601491,0.001819951111834412,0.003370006163508212,81.72250061035156,81.57981948852539,82.06577987670899,1.0039572678850148,1.005713164749527,1.0017489756991462,65.05141257469629,0.0021927008021674515,82.0458984375,2023,73.63046720870895,73.63046720870895,,,,0.00041017138240219495,82.07955821975034,-0.0003388420058189135,82.01810255017728,9.019661384605714e-05,82.05329903346835,-0.07446543020723752,76.15824887494581
2023-02-06,82.22599792480469,0.0021951065285961135,0.008808885771284691,0.015436672989949107,-0.0005761452498062036,0.0017941893033324014,0.0032680230603841184,81.86609954833985,81.57744941711425,82.0769058227539,1.0043961832608421,1.0079500954286318,1.0035383569024043,62.16667745904294,0.006412873688428283,82.22599792480469,2023,73.63046720870895,73.63046720870895,,,,0.0006369403507617663,82.27838766356277,-0.0003205385452226244,82.19964554675249,9.019661384605714e-05,82.23341476586957,-0.07879618766147804,75.99559217091505
2023-02-07,82.75499725341797,0.006433480188310359,0.01440421680262527,0.015548280816175097,0.006995583720388332,0.0026371490378524127,0.0035579350041223335,82.10111846923829,81.60619430541992,82.09899978637695,1.0079643103086917,1.0140773988761016,1.006064786723984,72.28720711849687,-0.00015830714468040308,82.75499725341797,2023,73.63046720870895,73.63046720870895,,,,-0.0005381191505200485,82.7104771842199,-0.0012417404169993138,82.65230080298213,9.019661384605714e-05,82.7624618105829,-0.028343922839758437,80.44232591270607
2023-02-08,82.74189758300781,-0.00015829461476557505,0.011905521673427621,0.013970255776981633,0.013529336396278291,0.002976690841053951,0.003164648800001342,82.29581756591797,81.66141929626465,82.12121978759765,1.0054204457806442,1.0132311965191692,1.007768641239895,74.34648657413598,-0.0009963333913370204,82.74189758300781,2023,73.63046720870895,73.63046720870895,,,,4.35910179162318e-05,82.74550446516103,5.352349196163192e-05,82.74632633681813,9.019661384605714e-05,82.74936095857355,0.07083645683105742,88.81562146184173
2023-02-09,82.65950012207031,-0.0009958372160226991,0.011616693738111472,0.014193386292369992,0.012589485462271899,0.003052339707421822,0.003182884789496663,82.48565826416015,81.71280441284179,82.14830383300782,1.0021075404084603,1.0115856470235127,1.0094581731329846,77.64098785824419,-0.0015290871714764556,82.65950012207031,2023,73.63046720870895,73.63046720870895,,,,-0.0014352371820423259,82.54094922872144,0.0004206174375805824,82.69427546224787,9.019661384605714e-05,82.6669560653289,-0.07207994634133245,76.91106969147484
2023-02-10,82.533203125,-0.0015279187133214744,0.005939415580551,0.013359972092253036,0.017476324268358656,0.003259109773189164,0.002787518427575465,82.58311920166015,81.78368453979492,82.17572387695313,0.9993955656174931,1.0091646468292874,1.009774989551568,82.03330989629109,-0.0002448118936074699,82.533203125,2023,73.63046720870895,73.63046720870895,,,,0.00025749793888800475,82.55445799111918,0.0013512214844308965,82.64479914072908,9.019661384605714e-05,82.54064767618335,-0.06544639499462389,77.30466317871367
2023-02-13,82.51300048828125,-0.00024478192962107403,0.0034904114357969807,0.0123300438427143,0.015194771182932554,0.003253519418568723,0.0027847812370231655,82.64051971435546,81.8454345703125,82.19753387451172,0.9984569406567749,1.008156422181316,1.0097144715306008,76.43385289800608,0.0010223023021585537,82.51300048828125,2023,73.63046720870895,73.63046720870895,,,,0.00037529036036228127,82.5439726333793,0.0010358520399882955,82.59851603124098,9.019661384605714e-05,82.520443217173,-0.07037639343555321,76.90565948340992
2023-02-14,82.59739685058594,0.0010228250312709353,-0.0019044215825350097,0.012472363518731822,0.011570895044742402,0.0009659612970859908,0.0026352130483517726,82.60899963378907,81.89267425537109,82.21150177001954,0.9998595457728024,1.0086054412268584,1.0087471240246009,76.06970462246659,0.0032659823271197143,82.59739685058594,2023,73.63046720870895,73.63046720870895,,,,0.0017026630214298142,82.73815217931158,0.0005725609503418203,82.6447024359956,9.019661384605714e-05,82.60484719208709,0.051778015555456566,86.986782381201
2023-02-15,82.86759948730469,0.003271321458320653,0.0015192049973324906,0.013442813598782077,0.01646235954372699,0.0019149650347916138,0.0026503997481382695,82.63414001464844,81.95977935791015,82.22140975952148,1.002825218155775,1.0110764101185556,1.0082279462197357,82.80522243004364,-0.0015687673911496094,82.86759948730469,2023,73.63046720870895,73.63046720870895,,,,0.0008972487436900891,82.94198570331629,0.0006237593232651864,82.91930504931824,0.00010731937664778056,82.8764932636547,-0.003254339065688283,82.59835855926973
2023-02-16,82.73770141601562,-0.0015675375187977902,0.0009460654108701672,0.012573749301115988,0.015984385953916602,0.0020259167412001538,0.002670295640833615,82.6497802734375,82.02486457824708,82.23109375,1.0010637795077888,1.008690496978371,1.0076186129462523,80.02417188264232,-0.0005126447090669353,82.73770141601562,2023,73.63046720870895,73.63046720870895,,,,0.0013955600581117686,82.8532474543768,0.0014062266617432763,82.85413122184036,0.00010731937664778056,82.74658125103753,0.0665190450776036,88.42850964253614
2023-02-17,82.69529724121094,-0.0005125133292194217,0.0019639867359253493,0.007915067249895769,0.017916067625301846,0.0018541735225957928,0.00258269260420352,82.68219909667968,82.09763946533204,82.23941574096679,1.0001584155316907,1.0072798411716974,1.007120297674265,77.84326144443371,0.0007579902785163845,82.69529724121094,2023,73.63046720870895,73.63046720870895,,,,0.0010642918012552494,82.78335601987305,0.0008028985084804691,82.76171983375625,0.00010731937664778056,82.70417252519903,-0.01210144921992816,81.70059510866513
2023-02-20,82.75800323486328,0.0007582776257450963,0.0029692623602608492,0.006470037743355972,0.02200658659018173,0.0018217809489192256,0.002393225524306313,82.7311996459961,82.18673973083496,82.24631576538086,1.0003239840469118,1.0069507989476068,1.006624668613748,77.74731001171591,-0.00073132775115166,82.75800323486328,2023,73.63046720870895,73.63046720870895,,,,0.0006643910905651582,82.81300518426484,0.0004471844201359361,82.79501960050563,0.00010731937664778056,82.76688524878064,-0.07379057112493506,76.87111238795235
2023-02-21,82.69750213623047,-0.0007310603961905304,0.0012119665929135603,-0.0006947630849583053,0.014842715359671299,0.0018863907075777494,0.002081149117931491,82.751220703125,82.24721488952636,82.24737182617187,0.9993508426046397,1.0054748023663649,1.0061279377578392,73.28675179843734,0.0019775021409567713,82.69750213623047,2023,73.63046720870895,73.63046720870895,,,,0.0003335066078725568,82.72508689924216,0.000446218665972243,82.73441153953286,0.00010731937664778056,82.7063776568592,0.028135947186038873,85.05731682624192
2023-02-22,82.86119842529297,0.0019794586877948106,-7.724444838896893e-05,0.0014418431987914815,0.015432241894050458,0.0013916229703700444,0.0020948598867400387,82.74994049072265,82.31017990112305,82.25654586791993,1.0013445077290755,1.006694415257406,1.0053427241943569,77.39587457367325,-0.00031264143077733986,82.86119842529297,2023,73.63046720870895,73.63046720870895,,,,0.0014177720012976704,82.97876003049812,0.0003036544087695238,82.88636341404727,0.00010731937664778056,82.87009151464812,0.017844625978850406,84.35309711778552
2023-02-23,82.83529663085938,-0.00031259256353799447,0.0011795736789088629,0.0021267550436361304,0.01635032719188989,0.0011301386459273434,0.002059283089200198,82.7694595336914,82.3768096923828,82.26309173583985,1.000795427414156,1.0055657282697483,1.0047665094433114,72.04035377720216,-0.00262793020148645,82.83529663085938,2023,73.63046720870895,73.63046720870895,,,,0.0011844136062912419,82.93346600836706,0.00029945685905424986,82.86010594308124,0.00010731937664778056,82.84418694030093,0.04338037352689468,86.50780420537987
2023-02-24,82.6178970336914,-0.002624480215683511,-0.0009359686717584914,0.0010261798341102413,0.01439986166030871,0.0017204776812303538,0.0021751705691573364,82.7539794921875,82.43544960021973,82.25829162597657,0.9983555780721224,1.0022132157264438,1.0038639916869807,60.71874230530063,0.003625830643024595,82.6178970336914,2023,73.63046720870895,73.63046720870895,,,,0.0007257696098162567,82.677880356989,0.0005344278702186351,82.66206214092598,0.00010731937664778056,82.62676401069173,0.07640072195742793,89.17734701698036
2023-02-27,82.91799926757812,0.0036324119187436388,0.0019332998194843132,0.0049083026541301145,0.017298866083763187,0.002443210481111699,0.0022708854937798797,82.78597869873047,82.50594940185547,82.26213165283202,1.0015947213637237,1.00499418367657,1.0033940497492015,55.096345134558774,-0.0032131312396526993,82.91799926757812,2023,73.63046720870895,73.63046720870895,,,,0.0002618808427583881,82.93971674667792,-0.0007020573681245102,82.85980650496126,0.00010731937664778056,82.92689845309138,0.009465072781399561,83.7065501241354
2023-02-28,82.6520004272461,-0.0032079746578742574,-0.0005502186620995886,0.000661081084176729,0.013141689846505766,0.002929698340121607,0.002446220803409383,82.7768783569336,82.55955429077149,82.2635336303711,0.9984913911690529,1.0011197509151881,1.0026323309037826,47.57310748520137,-0.00020088116368142765,82.6520004272461,2023,73.63046720870895,73.63046720870895,,,,0.00012102529150834146,82.6620040150229,0.00029162033625359867,82.67610694620745,0.00010731937664778056,82.66087106439775,0.1827974214583024,99.22960914399337
2023-03-01,82.6353988647461,-0.00020086098841143318,-0.0027250337291518933,-0.002802067683813747,0.010603078241403718,0.0026943858643719487,0.002421138258634381,82.73171844482422,82.60290412902832,82.26350357055664,0.9988357599492828,1.0003933849065043,1.001559440520332,49.325389198539305,-0.002611246087650131,82.6353988647461,2023,73.63046720870895,73.63046720870895,,,,0.00020647210568752402,82.65246253107897,-2.552429106433097e-05,82.63328968169107,0.00010731937664778056,82.6442677201328,0.11223404796968402,92.45039166927101
2023-03-02,82.4198989868164,-0.002607839750158547,-0.005014742035561404,-0.0038410836143641935,0.008684368864340097,0.0028371237537988107,0.002507927623175412,82.64863891601563,82.63838424682618,82.2543295288086,0.9972323811716771,0.9973561286077763,1.000124090872334,46.97937980775098,-0.0007792580885369013,82.4198989868164,2023,73.63046720870895,73.63046720870895,,,,0.0002547512985337363,82.44089823778798,0.0006427846335508789,82.47289426183347,0.00010731937664778056,82.4287447136495,0.08250502923910884,89.5083511224317
2023-03-03,82.35569763183594,-0.0007789545458037894,-0.0031736392630346,-0.004106637507867439,0.0037759254299827294,0.0026894363528326176,0.002365355323703759,82.59619903564453,82.65387420654297,82.24394546508789,0.997088226739044,0.9963924670492527,0.9993022084995761,45.90252549742839,-0.007840634618107353,82.35569763183594,2023,73.63046720870895,73.63046720870895,,,,-8.783190292460677e-05,82.34846449185112,0.00034234677601910205,82.38389666605582,0.00010731937664778056,82.36453646824991,0.012752067562377581,83.41262775162652
2023-03-06,81.7125015258789,-0.007809977019833991,-0.014538432576129301,-0.012633239905719962,-0.006244939701374852,0.003002916706859163,0.002913666093005272,82.35509948730468,82.62819938659668,82.2261134338379,0.9921972292496005,0.9889178528938595,0.9966948341931763,32.14719998029781,0.0017350593868370272,81.7125015258789,2023,73.63046720870895,73.63046720870895,,,,0.0009800167771757773,81.79262040078765,0.0016909947308169557,81.85079382822487,0.00010731937664778056,81.7212713311836,0.05645598923370328,86.4583674436987
2023-03-07,81.85440063476562,0.0017365654732988123,-0.009650096650504536,-0.010195005649335953,-0.010882685620718147,0.0036329086733198892,0.0025017726622035886,82.1955795288086,82.58316955566406,82.20514343261719,0.995849181963327,0.9911753336082939,0.9953066704881772,28.442633595221096,0.0026865254622733883,81.85440063476562,2023,73.63046720870895,73.63046720870895,,,,-0.00154495391625948,81.7280369960757,0.00015281582622231883,81.86691023843693,0.00010731937664778056,81.86318566941142,-0.056843099296953886,77.33131377683524
2023-03-08,82.07460021972656,0.0026901374056047533,-0.006786421469779813,-0.009492961971526381,-0.008064806135389957,0.004168005307497678,0.0026038796261935765,82.08341979980469,82.5498046875,82.19111343383788,0.9998925534523337,0.9942434210526315,0.9943502605552993,36.413573608123656,-0.0013423605540255153,82.07460021972656,2023,73.63046720870895,73.63046720870895,,,,-0.0005339818940477209,82.03078556840437,0.0002717225572259092,82.09690477016908,0.00010731937664778056,82.08340888732266,-0.20564522632038335,66.81872570214463
2023-03-09,81.9645004272461,-0.001341459991102134,-0.005525347217947396,-0.010512381062553922,-0.008407983278363118,0.004110851713272735,0.0026091727095705853,81.99234008789062,82.51505470275879,82.17336349487304,0.9996604602257395,0.9933278323877268,0.9936652212526415,35.43070431875496,0.000657406027994213,81.9645004272461,2023,73.63046720870895,73.63046720870895,,,,0.0006444726291618839,82.01734132976313,0.0007540953605337644,82.02633278756464,0.00010731937664778056,81.97329727836704,-0.16386939057110889,69.57580247743333
2023-03-10,82.01840209960938,0.0006576221666980686,-0.004095594378113465,-0.007256235702024161,-0.00623750207066287,0.00418843472637957,0.002606043399055977,81.92488098144531,82.48931465148925,82.1570295715332,1.0011415471959642,0.9942912296717527,0.9931574935198744,35.20323590017553,-0.0007367147759674114,82.01840209960938,2023,73.63046720870895,73.63046720870895,,,,-0.0007206950252255074,81.9593131403563,0.0004911460181627888,82.0586950052568,0.00010731937664778056,82.02720473573461,-0.18855977613766328,67.92362157702118
2023-03-13,81.95800018310547,-0.0007364434682664012,0.003004419796752922,-0.011577692334021727,-0.006726216497903281,0.0016747474105866052,0.002607718482767086,81.97398071289062,82.46156463623046,82.14119354248047,0.999805053632309,0.9938933434582958,0.9940871371348488,35.20463301603971,0.0055896145962747185,81.95800018310547,2023,73.63046720870895,73.63046720870895,,,,0.0005933546981916331,82.00664477789074,-0.00090661378138166,81.88372960309789,0.00010731937664778056,81.96679633658682,0.16815245737925805,96.96590099237393
2023-03-14,82.41739654541016,0.005605265639453627,0.006878016408141896,-0.0028384537654650988,-0.0021792491293810556,0.002827397793539772,0.0029162799938560005,82.08657989501953,82.45256462097169,82.13542144775391,1.004030094210451,0.9995734750553461,0.9955612693475993,42.06022057217733,-0.0013658799257312264,82.41739654541016,2023,73.63046720870895,73.63046720870895,,,,-0.0009395920148353121,82.33999418674608,-0.0014376096268250457,82.29899762882123,0.00010731937664778056,82.42624200366839,0.1303704959161387,93.89405138472938
2023-03-15,82.30490112304688,-0.0013649475363044505,0.00280599482304833,-0.003999469310242754,-0.006790330210349804,0.0029353830221550523,0.0028163243007413674,82.1326400756836,82.42442970275879,82.12580551147461,1.0020973518835452,0.9985498403793274,0.9964599133032834,40.796197738766644,0.004978747735590972,82.30490112304688,2023,73.63046720870895,73.63046720870895,,,,-0.00029853406339828764,82.28033397372494,-7.963443957157597e-05,82.29834707933921,0.00010731937664778056,82.31373450771865,0.027802234596996087,84.62526751653373
2023-03-16,82.7156982421875,0.0049911622945331136,0.00916491665325525,0.003588930088574971,-0.0002659389063456308,0.0032563157059098745,0.00303856095851975,82.28287963867187,82.42332954406739,82.12678955078125,1.0052601295119503,1.003547159520701,0.9982959933046575,51.59037166982201,-0.001123700977555447,82.7156982421875,2023,73.63046720870895,73.63046720870895,,,,-5.3188477203524525e-05,82.71129883715705,-0.0008828535319297451,82.6427046219272,0.00010203030992705617,82.72413818107245,0.047885469820141816,86.77294464029141
2023-03-17,82.622802734375,-0.0011230698620291468,0.007369085708736289,0.0032433105446223465,-0.0008766460639773044,0.0035045770402608993,0.003046942367242719,82.403759765625,82.41970481872559,82.12634155273437,1.002658167168258,1.0024641912525178,0.999806538337699,44.85287074974725,-0.0010875259839683979,82.622802734375,2023,73.63046720870895,73.63046720870895,,,,-0.000281926402099017,82.59951246809351,-0.00014928358449510572,82.61046942682486,0.00010203030992705617,82.63123319461896,0.09513424714086356,90.86909475955882
2023-03-20,82.53299713134766,-0.0010869348418990343,0.007015751323331099,0.01004124938224904,-0.0027188440358700827,0.0035628736575273124,0.003049451693582315,82.51875915527344,82.4084545135498,82.13153350830078,1.0001725422948669,1.0015112844735776,1.0013385112289117,47.78918603266755,-4.723822984351199e-05,82.53299713134766,2023,73.63046720870895,73.63046720870895,,,,0.0012940429885688095,82.63986751012993,0.00043999943529846454,82.56931959382442,0.00010203030992705617,82.54141842823064,-0.02953062874909647,80.13138097754802
2023-03-21,82.52909851074219,-4.7237114135900704e-05,0.0013553202359466443,0.008242658558909488,-0.0020363810410000127,0.0026853728817212695,0.003046209685229364,82.54109954833984,82.4000343322754,82.13851348876953,0.9998546053097993,1.0015663121928609,1.0017119557923435,48.01581311360549,0.0017905329341046997,82.52909851074219,2023,73.63046720870895,73.63046720870895,,,,0.000343019679221339,82.55741247148502,0.0002731732467396283,82.55164633212343,0.00010203030992705617,82.53751940982741,0.029849363995573572,85.02967424834291
2023-03-22,82.677001953125,0.0017921368953710548,0.004521004521004457,0.007339685259333706,-0.0022229520652424783,0.0025725163384304073,0.003039768762185801,82.61551971435547,82.390824508667,82.15930557250977,1.0007441972038922,1.0034734140138128,1.0027271872447987,54.92328505351492,-0.0018304699298014237,82.677001953125,2023,73.63046720870895,73.63046720870895,,,,-0.00034160358426371223,82.64876401628645,-8.636105482187235e-05,82.66986218833007,0.00010203030992705617,82.68543794361416,-0.05254561247451682,78.44485240972665
2023-03-23,82.52580261230469,-0.00182879564145344,-0.00229576288320521,0.006848113294569691,-0.003736257744496152,0.001409680531254769,0.0030639795265880836,82.57754058837891,82.37534980773925,82.17718566894531,0.9993734618916285,1.0018264299322137,1.0024545058820578,53.15232267478029,-0.0031616500403891857,82.52580261230469,2023,73.63046720870895,73.63046720870895,,,,0.0005030211003411073,82.56732527485343,0.0005954392409594337,82.57495634615044,0.00010203030992705617,82.53422317509121,0.042776596445739876,86.13256817851628
2023-03-24,82.26529693603516,-0.0031566572880648014,-0.00432696285417955,0.003010237094425827,-0.004267841597474509,0.001868084688838649,0.0030885137654908836,82.50603942871093,82.35771980285645,82.20017959594726,0.9970821227834625,0.9988777874491604,1.0018009195277569,61.937367373568286,0.0008930712397448057,82.26529693603516,2023,73.63046720870895,73.63046720870895,,,,0.0001529891576062942,82.27788359730043,0.0015505638470349795,82.39295347556079,0.00010203030992705617,82.27369091799079,-0.07619752882161246,76.22975137752562
2023-03-27,82.33879852294922,0.0008934701466063455,-0.002352981415292388,0.004646261975560506,-0.00698522335011742,0.0020136716408539882,0.0029675590764785425,82.46719970703126,82.328759765625,82.22139556884765,0.9984430029813285,1.0001219350000268,1.0016815501873266,60.77876130232685,-0.001505908330910984,82.33879852294922,2023,73.63046720870895,73.63046720870895,,,,0.00043393087087678807,82.37453562265387,0.0008895627593492527,82.41207663967444,0.00010203030992705617,82.34720000467713,-0.12662906944896324,72.54545675647573
2023-03-28,82.21489715576172,-0.0015047750199193022,-0.0038071584525980473,-0.0024569981355436754,-0.005288477825399207,0.002042568364694009,0.0029048902780191913,82.40435943603515,82.30690460205078,82.2326414489746,0.9977008221219109,0.9988821418235334,1.0011840420248528,53.26165230562936,-0.0006156271269010214,82.21489715576172,2023,73.63046720870895,73.63046720870895,,,,0.00033438033322577435,82.24239279721348,0.0006122844217373044,82.26525147053306,0.00010203030992705617,82.22328599514981,-0.004930480121363129,81.81053590636216
2023-03-29,82.16429901123047,-0.00061543766740213,-0.006201276410400247,-0.0017083078880831826,-0.0057009448733550405,0.001502672993894653,0.0029059169459962385,82.30181884765625,82.283349609375,82.24541748046875,0.9983290790124537,0.9985531629581234,1.0002244589989218,54.77712351056921,0.0011081714548301681,82.16429901123047,2023,73.63046720870895,73.63046720870895,,,,0.0005233775439779056,82.20731321560207,0.0006848565455533515,82.2205890423171,0.00010203030992705617,82.1726826878108,-0.06325307757159535,77.12811046177104
2023-03-30,82.25540161132812,0.001108785703693549,-0.0032765631162277042,-0.005564803787446171,-0.0019958453906209206,0.0017671072210870425,0.0028679295499465522,82.24773864746093,82.27512474060059,82.26180557250977,1.0000931692955115,0.9997602783425167,0.9996671400593314,55.567543928824904,-0.0018849294684734129,82.25540161132812,2023,73.63046720870895,73.63046720870895,,,,0.00025675054906131685,82.27652344225991,1.248013444659748e-05,82.25642817620502,0.00010203030992705617,82.2637945836092,-0.04517368628306412,78.62230000658073
2023-03-31,82.10050201416016,-0.0018831541045766231,-0.0020032131167426748,-0.006321508142177135,-0.0030987002115702156,0.001361633798428312,0.0028922942863285647,82.21477966308593,82.26236495971679,82.27901962280274,0.9986100108837598,0.9980323572555214,0.9994215423218848,53.20531301482701,0.0010262292116677211,82.10050201416016,2023,73.63046720870895,73.63046720870895,,,,8.057307414119756e-05,82.1071173705022,0.00020791234571172225,82.11757349674254,0.00010203030992705617,82.10887918118104,0.010670602601904264,82.98125456782837
2023-04-03,82.18479919433594,0.0010267559650396496,-0.0018703130404600365,-0.004218893643927357,0.005779992775125642,0.0013942076759694557,0.0022684106943751652,82.18397979736328,82.28597984313964,82.30319564819337,1.0000099702761376,0.9987703780279875,0.9987604201108038,43.70610458514833,-0.0005342991082187644,82.18479919433594,2023,73.63046720870895,73.63046720870895,,,,-0.0007591796380290859,82.1224298459973,-0.000721209835250724,82.12554807766118,0.00010203030992705617,82.19318496266303,0.07806187691017165,88.85734665520158
2023-04-04,82.14089965820312,-0.0005341563958684015,-0.0009000497491153947,-0.0047037815697034135,0.0035001053237915247,0.0012582719904036335,0.0022489749380852644,82.16918029785157,82.30030479431153,82.31625366210938,0.9996558242452227,0.9980631282410583,0.9984067556397552,45.3911596713607,-0.0003177991271525734,82.14089965820312,2023,73.63046720870895,73.63046720870895,,,,-0.000503652936866752,82.09953956929283,-0.00040990283197209286,82.10723677054033,0.00010203030992705617,82.14928094721843,0.05624286361050786,86.89312583443589
2023-04-05,82.11479949951172,-0.00031774863435896084,-0.0006024454941432333,-0.006799985973512057,0.0004897895290081333,0.001239385527338303,0.00217130941350873,82.1592803955078,82.30231475830078,82.32651168823242,0.999458601684655,0.997721628372911,0.9982620857844274,28.454817513855375,-0.002008994132405342,82.11479949951172,2023,73.63046720870895,73.63046720870895,,,,-9.379627967236575e-05,82.10709779801374,-0.0014251409239728365,81.99785768735491,0.00010203030992705617,82.12317812538389,0.22124993348086264,102.44931572633172
2023-04-06,81.94999694824219,-0.002006977454417469,-0.0037128827663991393,-0.006977280387899465,-0.00017694829991410366,0.0012504080256528307,0.0021983123759145616,82.09819946289062,82.30158958435058,82.33545761108398,0.9981948140687857,0.9957279970182344,0.9975287218328692,27.05950906839537,-0.0014494712639347787,81.94999694824219,2023,73.63046720870895,73.63046720870895,,,,4.8630771610309264e-05,81.95398233673272,-0.000876158198416822,81.8782272319596,0.00010203030992705617,81.95835875840112,0.1982331702660926,99.91725947172556
2023-04-07,81.831298828125,-0.001448421287826962,-0.003278946893512602,-0.005275591580829131,-0.002281235267874937,0.0011634000824984015,0.0022151991385349523,82.04435882568359,82.29223442077637,82.34318161010742,0.9974031121626379,0.9943987959994559,0.996987861651376,26.536662023643714,0.0006536308268133258,81.831298828125,2023,73.63046720870895,73.63046720870895,,,,2.832261020597659e-05,81.83361653692599,-0.0008090156279702053,81.76512280084546,0.00010203030992705617,81.8396485268601,0.2005275980311712,100.00172088777884
2023-04-10,81.88480377197266,0.0006538444899919504,-0.0036502543694717504,-0.005513740291583469,-0.0008930965978828365,0.0010332146014743774,0.0022163814540178415,81.98435974121094,82.28857460021973,82.35071762084961,0.9987856711993295,0.9950932334141318,0.996303072929787,29.147880194572707,0.0012094831309447213,81.88480377197266,2023,73.63046720870895,73.63046720870895,,,,0.00013542246626989596,81.89589356493609,-0.001043809078623849,81.79937626315514,0.00010203030992705617,81.89315893011226,0.16509160249847893,96.5832209548443
2023-04-11,81.98390197753906,0.0012102148506378807,-0.001911321659701204,-0.0028096511242362565,-0.005259745952206241,0.0013592328810936815,0.0018070354984315946,81.95296020507813,82.26689987182617,82.35879760742188,1.0003775552754106,0.9965600029327952,0.9961838884504318,26.836581709145435,0.0010508357845226844,81.98390197753906,2023,73.63046720870895,73.63046720870895,,,,0.0002033722102951383,82.00057692044537,-0.001003697596862773,81.90165621398498,0.00010203030992705617,81.99226724721514,0.09063176228846916,89.76136715919672
2023-04-12,82.07009887695312,0.0010513881058951124,-0.0005443674323147851,-0.0011464849747512273,-0.0028528343135084677,0.0015054171182960633,0.0018101933465371409,81.9440200805664,82.25515975952149,82.36483154296874,1.001538596669565,0.9977501608031715,0.9962173840539035,34.07862329271023,-0.0013350803980047886,82.07009887695312,2023,73.63046720870895,73.63046720870895,,,,-0.0002154505063813726,82.05241873725723,-0.0006468798736584822,82.01702654932146,0.00010203030992705617,82.07847294177424,0.012129477794775481,83.07162805277487
2023-04-13,81.96060180664062,-0.0013341895746545873,0.00012940645263403994,-0.003583956784752984,-0.009128816555909247,0.0013107256089233575,0.0013638135441113623,81.94614105224609,82.21740493774413,82.36983764648437,1.0001764665694912,0.9968765356763819,0.9967006513316317,38.09875733826027,-0.003420895131724457,81.96060180664062,2023,73.63046720870895,73.63046720870895,,,,0.00043648528290016837,81.99638421178537,-4.545988233989234e-05,81.95687597201464,0.00010203030992705617,81.96896469887176,-0.027580821892779953,79.73095019780202
2023-04-14,81.68070220947266,-0.0034150505364552997,-0.00184033029915176,-0.005113242847346933,-0.011402427583231622,0.001985423281780128,0.0015110296890715842,81.91602172851563,82.17029991149903,82.36253372192382,0.997127307771087,0.994041670742912,0.996905473349163,27.86417433970786,0.002007034951425021,81.68070220947266,2023,73.63046720870895,73.63046720870895,,,,0.0004264552342210031,81.715542800913,0.00010993425678505946,81.68968221035955,8.347329333370083e-05,81.68752065126282,0.030385075391687846,84.20066729123073
2023-04-17,81.84480285644531,0.002009050394202294,-0.0004885023067129346,-0.0041369735185050605,-0.008338413711150183,0.00223624368923569,0.0016108075901275492,81.90802154541015,82.13589019775391,82.35490982055664,0.9992281746308597,0.9964560274368761,0.9972257115398016,37.87923460948392,0.0019395654729435776,81.84480285644531,2023,73.63046720870895,73.63046720870895,,,,0.00030327341720236094,81.86962797369662,-0.0003658618527205492,81.8148644422325,8.347329333370083e-05,81.85163499682864,-0.042463469530783705,78.44214418605328
2023-04-18,82.00370025634766,0.001941447646725214,0.00024148983313843075,-0.001670293391311417,-0.006366218265744683,0.0023633020006140295,0.001694084305943653,81.91198120117187,82.10962028503418,82.33988388061523,1.0011197269780416,0.9987100168248393,0.9975929850463778,45.08870659163237,0.0012698953973269012,82.00370025634766,2023,73.63046720870895,73.63046720870895,,,,-0.000803828850855176,81.93780980207667,-2.9480901535110476e-05,82.00128274897021,8.347329333370083e-05,82.01054566097386,-0.13830552779165523,71.411494482039
2023-04-19,82.10790252685547,0.0012707020559081794,0.00046062634771559807,-8.399183458140946e-05,-0.0068834066647964764,0.0023884235861936043,0.0016636406353323979,81.91954193115234,82.0811653137207,82.32720397949218,1.0022993365351265,1.0003257411494169,0.9980309321639059,45.5251621385156,0.0028240023455454624,82.10790252685547,2023,73.63046720870895,73.63046720870895,,,,-8.705526454833183e-06,82.1071877374492,8.393774201896798e-05,82.11479476805103,8.347329333370083e-05,82.1147566299514,-0.10481982069628967,73.93707887434465
2023-04-20,82.34010314941406,0.002827993596385525,0.004630289851564884,0.004760295493583255,-0.002250198810704318,0.002489239218846263,0.0017675258705638552,81.99544219970703,82.07188034057617,82.32081604003906,1.0042034159516766,1.0032681450421854,0.9990686439673132,56.94336969546895,-0.002422207856299798,82.34010314941406,2023,73.63046720870895,73.63046720870895,,,,-3.954455992960475e-05,82.3368471106502,0.00015945404678580094,82.35323365890261,8.347329333370083e-05,82.34697663586965,-0.08140822077789807,75.90253236126382
2023-04-21,82.14089965820312,-0.002419276677968929,0.005634102502575011,0.0037834035938790755,-0.001512147679096798,0.0020573915811255275,0.0017073208884052834,82.08748168945313,82.06566047668457,82.31296997070312,1.0006507443967168,1.0009168168644658,1.0002658994351816,48.80727326998657,-0.0010487208171420096,82.14089965820312,2023,73.63046720870895,73.63046720870895,,,,0.0007170031658564866,82.19981606240448,0.000314182378208391,82.1667109359179,8.347329333370083e-05,82.14775651579325,0.06743500370927785,87.87110852321447
2023-04-24,82.05480194091797,-0.001048171101648676,0.002565820640328065,0.0020760649243138918,-0.0034491222500908636,0.0021799805226680193,0.0017045972735666636,82.12948150634766,82.05146064758301,82.30380599975587,0.9990907094010582,1.0000407219238827,1.0009508771464746,47.71320766951849,-0.0024709056181999238,82.05480194091797,2023,73.63046720870895,73.63046720870895,,,,0.000714624960100924,82.11346130770853,0.00023922286819394608,82.0744336740735,8.347329333370083e-05,82.06165161134811,-0.0021186030439346026,81.88114440839983
2023-04-25,81.85230255126953,-0.0024678554436612377,-0.0018462301652834023,-0.0016051861779594612,-0.004410327289046223,0.002344113841936372,0.0017570445774184255,82.09920196533203,82.0333309173584,82.28890411376953,0.9969926697440158,0.9977932339932504,1.0008029790724942,43.6253075623277,0.0017003686644838127,81.85230255126953,2023,73.63046720870895,73.63046720870895,,,,0.00010310679300837495,81.86074251478726,0.0005142436220418058,81.89440540043896,8.347329333370083e-05,81.85913531770322,0.025101833812512644,83.93295023269172
2023-04-26,81.9916000366211,0.0017018151109959856,-0.0014164591550287486,-0.0009564852657205636,-0.0021018736444859965,0.0024259282903701155,0.0018053016766264283,82.07594146728516,82.02469596862792,82.27138412475585,0.9989723976459327,0.9995965125915311,1.0006247569473081,51.022996311735284,-0.0027442980966316454,81.9916000366211,2023,73.63046720870895,73.63046720870895,,,,9.25825588154938e-05,81.99919138016143,0.0001684450504044519,82.00541227909129,8.347329333370083e-05,81.99844443115994,-0.07676029831954496,75.93338973471735
2023-04-27,81.76689910888672,-0.0027405359528782647,-0.00696141999588229,-0.002363363536676877,-0.005938850128647699,0.0018521057233894165,0.0018731548225260574,81.96130065917968,82.00027084350586,82.25196807861329,0.9976281299987985,0.9971540126365617,0.9995247554193992,48.494909330813265,-2.202060923839302e-05,81.76689910888672,2023,73.63046720870895,73.63046720870895,,,,-0.0005680680197877081,81.72046313906921,0.0010953459692732595,81.85651122141915,8.347329333370083e-05,81.77372474611626,-0.07614349702441306,75.77201341560011
2023-04-28,81.76509857177734,-2.2020366786557055e-05,-0.004575078773053742,0.0010332472667564652,-0.00408527882478682,0.0018307655101045658,0.0018360242981731174,81.88614044189453,81.98350067138672,82.23336410522461,0.9985218271435925,0.9973360237386691,0.9988124411778604,47.133073622815544,-0.0002483252638828636,81.76509857177734,2023,73.63046720870895,73.63046720870895,,,,-5.0475313636906275e-05,81.76097155693944,0.0006326807694093533,81.81684614537376,8.347329333370083e-05,81.77192405870385,-0.10945995476289902,73.28753427511845
2023-05-01,81.74479675292969,-0.0002482944337165449,-0.0037780261563667983,-0.0012218992535303341,-0.005353817807181249,0.001851092666443066,0.0018130670660947781,81.82413940429687,81.96150054931641,82.21309997558593,0.9990303270899661,0.9973560294170514,0.998324077230176,44.04883977061258,0.000365700711686428,81.74479675292969,2023,73.63046720870895,73.63046720870895,,,,-0.0003074726904817622,81.71966632399747,0.00037699705179092876,81.77562011009711,8.347329333370083e-05,81.75162054512579,-0.0827338776840284,75.25394155950197
2023-05-02,81.77469635009766,0.0003657675883437239,-0.0009481248389227037,-0.0027926045475280548,-0.004458233469919137,0.0016143638071797939,0.0018172452030557654,81.8086181640625,81.94319038391113,82.19464385986328,0.9995853515836582,0.9979437701531504,0.9983577376079922,42.435656485537116,4.8980115062645e-05,81.77469635009766,2023,73.63046720870895,73.63046720870895,,,,-0.0005530643473257092,81.7294821853568,-0.0002188415642423672,81.75680260565188,8.347329333370083e-05,81.78152263821576,-0.02978157143259795,79.37522475346852
2023-05-03,81.77870178222656,4.898131460806532e-05,-0.002596586166137005,-0.004009367362919014,-0.004093022443380057,0.0012610420755955114,0.0018180762811562696,81.76603851318359,81.92638549804687,82.17299392700195,1.0001548719893154,0.998197360777941,0.9980427919053367,45.07608300565046,1.5859713557029505e-05,81.77870178222656,2023,73.63046720870895,73.63046720870895,,,,-0.0006648428405617306,81.72434986757891,-9.489744499209087e-05,81.77094156059108,8.347329333370083e-05,81.78552840470523,-0.04983245063288235,77.80334224145761
2023-05-04,81.77999877929688,1.585983932295143e-05,0.0001602074990358915,-0.0068023277685337336,-0.002074413365172889,0.00021990499379331336,0.001768042878532406,81.76865844726562,81.9178855895996,82.1518879699707,1.0001386880040177,0.9983167679523184,0.9981783325917175,53.16532660139016,-0.0007816233159465599,81.77999877929688,2023,73.63046720870895,73.63046720870895,,,,-0.0009945846040422762,81.69870208651344,-0.00036532974559843137,81.7501275699007,8.347329333370083e-05,81.7868255100447,0.004005983699048518,82.10826519727571
2023-05-05,81.71610260009766,-0.000781317928013836,-0.0005992284304124906,-0.005171565686194035,-0.0014077282125180002,0.00042918043862486184,0.0017474847838343268,81.75885925292968,81.91212577819825,82.13385208129883,0.9994770395132379,0.9976069089132007,0.9981288908838286,45.617371514083956,0.00016757548789799137,81.71610260009766,2023,73.63046720870895,73.63046720870895,,,,-0.0008049099051917032,81.65035496371277,-0.00041261365594673024,81.68239237538191,8.347329333370083e-05,81.72292399699835,0.02497583098624684,83.78273061576651
2023-05-08,81.72979736328125,0.00016758952945439276,-0.00018349045130994224,-0.0039608233759522715,-0.0018929813781206617,0.0004382562109319347,0.0017402665213759037,81.755859375,81.90437545776368,82.1100880432129,0.9996812214816407,0.9978685132081563,0.9981867136897923,39.64917743525871,0.0007008986224965348,81.72979736328125,2023,73.63046720870895,73.63046720870895,,,,-0.0008259972667433936,81.66231664732784,-0.0008492344577272445,81.66041906652703,8.347329333370083e-05,81.73661990337663,0.08919042583777959,89.35427428583401
2023-05-09,81.78710174560547,0.0007011443093332126,0.00015170212867188226,-0.0007965665428070201,-0.0024004740831622406,0.0005310747495556278,0.0017238430427811181,81.75834045410156,81.894535446167,82.09279006958008,1.0003517841891625,0.9986881456744797,0.9983369465212368,37.43139997847842,0.0038794060253873348,81.78710174560547,2023,73.63046720870895,73.63046720870895,,,,-0.0011628094371630324,81.69205420365653,-0.0009044316031851776,81.71316434675396,8.347329333370083e-05,81.79392906928602,0.09217853097580497,89.68451128795522
2023-05-10,82.1050033569336,0.003886940661095295,0.003990055694158112,0.0013831090046034777,0.00042530081549929655,0.0018065395880853792,0.001929485487279393,81.82360076904297,81.89628067016602,82.08218215942382,1.003439137183475,1.0025486222946827,0.9991125372174621,41.36868582184452,-0.0022570286103120027,82.1050033569336,2023,73.63046720870895,73.63046720870895,,,,-0.0004798476258415379,82.06561491698353,-0.001276835005894595,82.00023571421885,8.347329333370083e-05,82.11185721801617,0.04455826113571815,85.84619097339231
2023-05-11,81.9198989868164,-0.0022544834364416344,0.0017106897726555381,0.0018711713370216376,-0.0004966144577640552,0.0022764862093367336,0.0019740160009588006,81.85158081054688,81.89424552917481,82.07218215942383,1.0008346592160224,1.0003132510407273,0.9994790266599045,41.80143666611947,0.002199786769372765,81.9198989868164,2023,73.63046720870895,73.63046720870895,,,,-0.00043037073594779317,81.88465064507213,0.00013334533000339453,81.93082335112094,8.347329333370083e-05,81.92673739598268,0.05985416987384912,86.97285844574112
2023-05-12,82.10030364990234,0.0022022080754149354,0.004701656559477518,0.0040996107627846445,0.0051370939411563565,0.0022986964010337785,0.001862450959322744,81.92842102050781,81.91522560119628,82.06707427978516,1.002097960967068,1.002259385204005,1.0001610862842003,51.577610834832285,0.001217262541396026,82.10030364990234,2023,73.63046720870895,73.63046720870895,,,,-3.2975650768407445e-06,82.1000329192546,-0.00031984129253434036,82.07404878158482,8.347329333370083e-05,82.10715711866851,-0.001498905077287116,81.97733526990217
2023-05-15,82.20030212402344,0.0012180037061435556,0.0057568325864167935,0.005572285811297428,0.004343577785894004,0.002258018296656855,0.0018314460150109354,82.02252197265625,81.9330005645752,82.07683029174805,1.0021674553170463,1.0032624407455646,1.0010926172294947,62.988865791497,0.000807440070710466,82.20030212402344,2023,73.63046720870895,73.63046720870895,,,,0.0008944700589311888,82.2738607261877,0.00035808731940995854,82.2297422806245,8.910306937164026e-05,82.20762674956443,-0.03064423004076426,79.71954178229709
2023-05-16,82.2667007446289,0.0008077661381984402,0.005863993084327612,0.006016584793232971,0.003207178303650915,0.00225320897950673,0.0017924361973150162,82.11844177246094,81.94615058898925,82.0850762939453,1.0018054284636668,1.0039117170646294,1.002102492700796,60.85888092513401,0.00035605730339538386,82.2667007446289,2023,73.63046720870895,73.63046720870895,,,,0.0005701602966031406,82.31361932541095,0.0002674775376744458,82.28870818229308,8.910306937164026e-05,82.27403128675438,-0.011121368478101731,81.35685121596731
2023-05-17,82.2959976196289,0.0003561206993210053,0.002326219534575902,0.006325556974233759,0.002290828129629885,0.0016665710086478946,0.0017742263780361953,82.156640625,81.95555534362794,82.08950424194336,1.0016962353081718,1.0041539865671527,1.002453589394019,74.6941275335071,0.0018732384248522462,82.2959976196289,2023,73.63046720870895,73.63046720870895,,,,0.0012873895317575582,82.4020128522781,0.001126132838985516,82.38872604752967,8.910306937164026e-05,82.30333077231217,-0.04635599141530006,78.56815647881272
2023-05-18,82.45030212402344,0.0018749940320028635,0.006474655654695072,0.008196421554560462,0.0013383390400836248,0.0007556766119022128,0.00170915919181621,82.26272125244141,81.9610652923584,82.0992202758789,1.0022802658206065,1.0059691370520858,1.0036804787615559,77.9947259159513,0.003327320970499483,82.45030212402344,2023,73.63046720870895,73.63046720870895,,,,0.0009474232622751988,82.52845447406871,0.0004744075411635268,82.48942644882585,8.910306937164026e-05,82.45764902632422,0.04991363359739005,86.67013379953424
2023-05-19,82.72509765625,0.0033328626475279677,0.007610130274450011,0.012347567052850783,0.007112145112578405,0.0011581844174851767,0.0017519717250709527,82.38768005371094,81.99027519226074,82.11335418701172,1.0040954861493745,1.0089623124482283,1.0048469755775098,83.15631386635289,0.0021699322573290507,82.72509765625,2023,73.63046720870895,73.63046720870895,,,,0.001489443379520035,82.84840381124674,0.00045651193031074526,82.76287127166323,8.910306937164026e-05,82.73246904476703,0.07198089452148941,88.89926980517598
2023-05-22,82.90480041503906,0.0021722882641466157,0.008570507319458187,0.014376678881693916,0.010358912019958533,0.0011749068708590035,0.001764088815152816,82.52857971191406,82.0327751159668,82.13229019165038,1.0045586717284885,1.0106302060102137,1.0060439817529805,84.70611389931537,-0.0009630552167987854,82.90480041503906,2023,73.63046720870895,73.63046720870895,,,,0.0013228031002344225,83.01453970778883,0.0005502097526496655,82.95042799598784,8.910306937164026e-05,82.91218781633685,0.1267133025897682,94.10453785186988
2023-05-23,82.82499694824219,-0.0009625916279559776,0.006786417816199153,0.012690206407668603,0.011883531271015713,0.0016747600583490968,0.0016590270135520312,82.64023895263672,82.08140983581544,82.14044219970702,1.002235690481381,1.009059141575591,1.0068082299992056,80.70289342419873,0.0007917802231502684,82.82499694824219,2023,73.63046720870895,73.63046720870895,,,,0.0016211964039034145,82.95938143784032,0.0010335726198460815,82.91064685239986,8.910306937164026e-05,82.83237723848934,0.13238351676940446,94.54854706179053
2023-05-24,82.8906021118164,0.000792093763857471,0.007225193319069456,0.009568220239485115,0.010964563135660077,0.00162023187541313,0.0016393562943492707,82.75915985107422,82.1263599395752,82.15215621948242,1.001588250303395,1.0093056866614265,1.0077051985740584,81.40471084685649,-0.0021364522144977772,82.8906021118164,2023,73.63046720870895,73.63046720870895,,,,0.0014248081151738768,83.00878949155171,0.0005325908615634631,82.93476064718304,8.910306937164026e-05,82.89798824794543,0.026492027995269007,85.11588828962802
2023-05-25,82.71369934082031,-0.0021341716248780562,0.003194617969994429,0.009689957675993455,0.011579260584075213,0.0022297352510901648,0.001579891710115265,82.8118392944336,82.17369995117187,82.15211624145508,0.9988149043126026,1.0065714381848367,1.0077657370136786,76.51465071479265,0.0003433452996877675,82.71369934082031,2023,73.63046720870895,73.63046720870895,,,,0.001206908882214095,82.81358750506686,0.00133643188707673,82.82431446444299,8.910306937164026e-05,82.7210697136672,0.04098386908128081,86.1740517378535
2023-05-26,82.74210357666016,0.0003434042494316891,0.0002055714757911442,0.007817266175952575,0.011948924687287477,0.0016535220239750137,0.001574704195688491,82.81524047851562,82.22255020141601,82.15450225830078,0.99911686663671,1.0063188671960603,1.0072083665083085,76.69686080248528,-0.002024052563372676,82.74210357666016,2023,73.63046720870895,73.63046720870895,,,,0.0008198186417231727,82.80996490881945,0.0009262162525593303,82.81877615997891,8.910306937164026e-05,82.74947648052441,0.034026333894503574,85.60596099737943
2023-05-29,82.57479858398438,-0.0020220055503032963,-0.003980491230937466,0.004555901259291062,0.010153573854533304,0.0013362098809993144,0.001671673586629433,82.74924011230469,82.26405029296875,82.15533828735352,0.997891925918793,1.0037774494436993,1.005897956854884,69.63422472910113,5.93150223783022e-05,82.57479858398438,2023,73.63046720870895,73.63046720870895,,,,0.00026537588481507883,82.59671485211793,0.001150159523187753,82.66982741363188,8.910306937164026e-05,82.58215657979609,0.10333631407080258,91.56424400246368
2023-05-30,82.57969665527344,5.9316781549023645e-05,-0.0029616698099251826,0.0038046488775103082,0.009844124663323406,0.0013818573578875991,0.0016744343147945021,82.70018005371094,82.30430030822754,82.15635025024415,0.9985431301557113,1.003346074822513,1.0048099521410283,64.01991933121522,0.0012610434131031809,82.57969665527344,2023,73.63046720870895,73.63046720870895,,,,0.0005876112549116303,82.62823567409548,0.0005290190686225606,82.62339444694857,8.910306937164026e-05,82.58705508753778,0.03845563716168875,85.81720271743781
2023-05-31,82.68389892578125,0.0012618388626783883,-0.0024936866275422354,0.004713489323566078,0.01106886174306343,0.0015095732765290216,0.0016795288998637853,82.65883941650391,82.34956016540528,82.15648818969727,1.0003031679304264,1.0040599944881845,1.003755687953614,73.6969392922557,-0.00020680254956696487,82.68389892578125,2023,73.63046720870895,73.63046720870895,,,,0.0005726223879574615,82.73125913589396,0.0009033705253872886,82.75862687142467,8.910306937164026e-05,82.69126664320139,-0.06757525767418508,77.28111615862629
2023-06-01,82.66680145263672,-0.00020678116739369923,-0.0005669905778286077,0.0026258160738770187,0.01084375992390374,0.0012022142892720506,0.0016840006517547192,82.64945983886719,82.39390029907227,82.1593081665039,1.0002098212596107,1.0033121523871775,1.0031016803290933,69.55173103862317,-0.004730095928128981,82.66680145263672,2023,73.63046720870895,73.63046720870895,,,,0.0005002956958454547,82.70816964489418,0.0006483553973327537,82.72041629839792,8.910306937164026e-05,82.67416764655165,-0.009924886326612564,81.8504008881406
2023-06-02,82.27670288085938,-0.004718926641922194,-0.005624714331435743,-0.005420299136470685,0.006860340409346133,0.0023272117973822653,0.0020393818611770162,82.55637969970704,82.42193031311035,82.15953628540039,0.9966122930794087,0.9982380001087177,1.0016312331692054,52.196919836777674,0.0016163415474884368,82.27670288085938,2023,73.63046720870895,73.63046720870895,,,,0.000670241094315158,82.3318665926631,0.0010221022521562206,82.36084107576826,8.910306937164026e-05,82.28403431424559,0.08320289065808391,89.41521722157255
2023-06-05,82.40979766845703,0.0016176485315702038,-0.0019981994307806117,-0.005970736846406255,0.008320102668959883,0.002536435119458213,0.0020584710963082037,82.52337951660157,82.45593032836913,82.16095626831054,0.998623640369434,0.9994405173802735,1.000818002876977,53.96278079204909,0.0012297075200444936,82.40979766845703,2023,73.63046720870895,73.63046720870895,,,,0.00013367313926694323,82.4208143811206,-0.00012851018588978344,82.39920785050383,8.910306937164026e-05,82.4171409615257,0.002171124843354924,82.58891399910893
2023-06-06,82.51119995117188,0.001230463920355529,-0.0008294618032747003,-0.0037886750212186016,0.008853452318419164,0.002641069902409443,0.002065715003607965,82.50968017578126,82.49213523864746,82.16688232421875,1.0000184193586423,1.0002311094563046,1.0002126861801193,55.73073062904556,7.267481509259955e-05,82.51119995117188,2023,73.63046720870895,73.63046720870895,,,,-0.00039438319562795063,82.47866533643439,8.22325080254117e-05,82.5179853330697,8.910306937164026e-05,82.51855227989772,-0.028918742821663096,80.15925138542191
2023-06-07,82.51719665527344,7.267745597094866e-05,-0.0020161394500450847,-0.004504798457601433,0.005020318878106833,0.002531955676366574,0.0019004739627858853,82.4763397216797,82.51274490356445,82.1739402770996,1.0004953776286827,1.0000539522920269,0.9995587932273092,51.93414040165178,0.0012221055682611762,82.51719665527344,2023,73.63046720870895,73.63046720870895,,,,-0.0007271782213359191,82.45721375875121,0.00023207573050316332,82.536349116291,8.910306937164026e-05,82.52454951834783,-0.033007023143635954,79.8380088773952
2023-06-08,82.61810302734375,0.0012228526435751341,-0.0005890928938488971,-0.001155749461557276,0.008523009051069508,0.002637875903373339,0.001816282762763301,82.46660003662109,82.54765510559082,82.18119430541992,1.0018371436515556,1.0008534212348348,0.9990180815086019,46.56058703500236,-0.0015723987157888223,82.61810302734375,2023,73.63046720870895,73.63046720870895,,,,-0.0004347750016617249,82.58219054895238,-0.00015883358967527705,82.60498153956185,8.910306937164026e-05,82.62546488188619,0.0021499744084722966,82.79592091799091
2023-06-09,82.48829650878906,-0.001571163144616472,0.0025717319790523607,-0.0030674476101026915,0.004725839511400931,0.0013015858018927318,0.0018180474086964937,82.50891876220703,82.56705474853516,82.1889501953125,0.9997500603119355,0.9990461299608426,0.9992958936647894,36.16747410455476,-0.0005274281487554055,82.48829650878906,2023,73.63046720870895,73.63046720870895,,,,-0.000238741990375476,82.46860543933396,-0.0008540639070791699,82.41787630794092,8.910306937164026e-05,82.49564679665697,0.18046010772094023,98.80186988130775
2023-06-12,82.4448013305664,-0.0005272890829794985,0.00042475122011831346,-0.0015742969483086844,0.0029744319695330645,0.0011963194668438786,0.0018103687665825103,82.5159194946289,82.5792797088623,82.19415023803711,0.9991381279576346,0.9983715239613374,0.9992327347192083,37.061270271533395,-0.0013060285380509474,82.4448013305664,2023,73.63046720870895,73.63046720870895,,,,-0.0006589059266537435,82.39049585541238,-0.0006946593901854673,82.38755016248312,8.910306937164026e-05,82.45214774270777,0.14259387308657323,95.08040173512583
2023-06-13,82.33719635009766,-0.0013051760539430912,-0.0021088482675950537,-0.0029365608617829553,0.0008569154327409123,0.0011249341033297698,0.0018314966097890944,82.48111877441406,82.58280448913574,82.198076171875,0.9982550864191109,0.9970259167079947,0.998768681744938,31.690041296862844,-0.0005685402571933973,82.33719635009766,2023,73.63046720870895,73.63046720870895,,,,-0.00012388181037994883,82.32699690092835,-0.0006435202568746798,82.2842277413664,8.885525131449678e-05,82.34451276741811,0.14729943018753208,95.40418031203713
2023-06-14,82.29039764404297,-0.0005683786688059911,-0.002748506013576235,-0.004759104092218691,-6.804675498095492e-05,0.0010905187933253119,0.0018348792014723852,82.43575897216797,82.58252449035645,82.20158813476563,0.9982366714404354,0.996462606972646,0.9982228017477764,34.67532108824747,-0.002986570924530917,82.29039764404297,2023,73.63046720870895,73.63046720870895,,,,-0.00029303959740035817,82.26628683193132,-0.0005996505369605497,82.24106695497431,8.885525131449678e-05,82.2977099028679,0.10881766597509493,91.75042249819641
2023-06-15,82.04499816894531,-0.0029821155581135628,-0.006936795174403376,-0.0075218016515089525,-0.004915736445312957,0.0009992716693151093,0.0018938846280887843,82.32113800048828,82.56225929260253,82.20348815917968,0.9966455780586837,0.9937348962093681,0.9970795216339742,28.189643237359576,-0.0016138475144510764,82.04499816894531,2023,73.63046720870895,73.63046720870895,,,,-0.0006049334021737706,81.99538141799968,-0.00016904597300865346,82.03112996461442,8.885525131449678e-05,82.05228862176943,0.0971037218773019,90.4115095013474
2023-06-16,81.9126968383789,-0.001612545962813905,-0.00697795559820813,-0.004424169050716187,-0.00982048786750167,0.0010013080631160727,0.001716771677199798,82.20601806640624,82.52163925170899,82.20511611938477,0.996431876462008,0.9926208153539864,0.9961752918608411,28.82091380766208,2.5706464404182618e-05,81.9126968383789,2023,73.63046720870895,73.63046720870895,,,,-3.2495504397102346e-05,81.91003508722633,7.299404683162762e-05,81.91867619583412,8.885525131449678e-05,81.91997553501275,0.03630575329106148,84.94124317402678
2023-06-19,81.91480255126953,2.5706794818169953e-05,-0.006428528794336197,-0.006006508099666963,-0.01194138166684433,0.0011422928440908042,0.0016048987767464757,82.10001831054687,82.47213935852051,82.2057160949707,0.9977440229236398,0.9932421201682651,0.9954879180912725,28.69353048461467,0.0008126727487318769,81.91480255126953,2023,73.63046720870895,73.63046720870895,,,,-0.0001265905876293218,81.90443356460092,-0.00018980567084183638,81.89925613266529,8.885525131449678e-05,81.92208143501534,-0.006248016326906247,81.40459308583193
2023-06-20,81.98139953613281,0.0008130030567015112,-0.004321216044957277,-0.00642095152358213,-0.01018529964615078,0.0014780088150946919,0.0016326138478788053,82.0288589477539,82.42995948791504,82.20566604614258,0.9994214303084318,0.9945582897945255,0.9951340441915425,26.932519640852973,0.00012683615238174824,81.98139953613281,2023,73.63046720870895,73.63046720870895,,,,0.0006302794753904775,82.0330870166922,-0.0005476688544361233,81.93651316951822,8.885525131449678e-05,81.98868433763336,0.0028226978410880454,82.2131351615725
2023-06-21,81.9917984008789,0.00012684419642661204,-0.003628603721854473,-0.00636713649628029,-0.010843252287214056,0.0015440982589940283,0.0016113167371449866,81.9691390991211,82.38501930236816,82.2041000366211,1.0002764369860029,0.9952270339338507,0.994951992403853,27.73746137509687,-0.0006136715467567334,81.9917984008789,2023,73.63046720870895,73.63046720870895,,,,0.0004387982723477189,82.02778415502986,-0.00042784911023523793,81.95672578631499,8.885525131449678e-05,81.99908412641425,-0.03587289276771046,79.10264635210355
2023-06-22,81.94149780273438,-0.0006134832888845532,-0.0012615073255022313,-0.008189551681977547,-0.0093358360735879,0.000913322360909053,0.0015676038903028305,81.94843902587891,82.34640922546387,82.20371795654297,0.9999152976770876,0.9950828284252098,0.9951671213920776,35.75060972445644,-0.0002709804788650515,81.94149780273438,2023,73.63046720870895,73.63046720870895,,,,0.0004983455747508968,81.9823431622596,-0.0003958514836271082,81.90906755846217,8.885525131449678e-05,81.94877905859884,-0.006608167856071129,81.40179980231949
2023-06-23,81.91929626464844,-0.00027094376697123224,8.056658520905202e-05,-0.006897951203053365,-0.009944239709223646,0.000530608191725487,0.0015568558437309627,81.94975891113282,82.30526885986328,82.20848983764648,0.9996282765576234,0.9953104752519305,0.995680593069494,26.978579562137895,0.0007993208898158508,81.91929626464844,2023,73.63046720870895,73.63046720870895,,,,0.0005293665325599318,81.96267307856564,-0.0010505195566713832,81.83328362874197,8.885525131449678e-05,81.92657554770202,0.11661132988371431,92.05128805909264
2023-06-26,81.98480224609375,0.0007996404318915129,0.0008545426790280697,-0.0055794795675262465,-0.007144992758178592,0.0006364029335610617,0.0015392715618453628,81.96375885009766,82.27576904296875,82.21128982543945,1.0002567402507072,0.9964635177493991,0.9962077511216195,24.43228981382663,0.0002646237677730902,81.98480224609375,2023,73.63046720870895,73.63046720870895,,,,0.0008949861025447629,82.05821034944005,-0.0014287188862754274,81.86775264613475,8.885525131449678e-05,81.99208734995638,0.16571066172704063,96.76105155564792
2023-06-27,82.00650024414062,0.0002646587837309422,0.00030617564654700224,-0.004016363449526605,-0.006941130015597041,0.0005377071294530046,0.0015428775823182435,81.96877899169922,82.2471092224121,82.21134582519531,1.0004601904884447,0.9970745600599672,0.9966159268897801,25.56757624866775,-9.880701240107068e-05,82.00650024414062,2023,73.63046720870895,73.63046720870895,,,,0.00036452153697987834,82.03639882865988,-0.0012509903170936625,81.90397504878058,8.885525131449678e-05,82.01378727606998,0.1442845535795461,94.73495726388404
2023-06-28,81.99839782714844,-9.88021311489895e-05,8.048885862055322e-05,-0.0035484069254059225,-0.00829062377970502,0.0005402982403113379,0.0014975317607560737,81.97009887695313,82.21283416748047,82.20915573120118,1.000345235037935,0.9973916926413802,0.9970474769178637,17.463267693195107,0.0003426194588621421,81.99839782714844,2023,73.63046720870895,73.63046720870895,,,,0.0002856874428808005,82.02182708630721,-0.0015614679222725261,81.87045987076574,8.885525131449678e-05,82.00568413910351,0.21167164958875406,101.32886921504458
2023-06-29,82.02649688720703,0.0003426781596127526,0.0010373142638577804,-0.0002255016411869537,-0.007745607114078901,0.0004168033024561689,0.0015065675149599298,81.98709869384766,82.18081893920899,82.20288360595703,1.0004805413776927,0.9981221645878692,0.9976427559634733,22.85475957700622,0.0005960250421410558,82.02649688720703,2023,73.63046720870895,73.63046720870895,,,,0.00032444411457325964,82.053114219046,-0.0013566353454697701,81.91529229136306,8.885525131449678e-05,82.03378569602206,0.18819636767707293,99.0117663919358
2023-06-30,82.07540130615234,0.0005962027003609816,0.0019055954899758198,0.0019863156025061723,-0.0024466412442234464,0.00034160864420227917,0.001122039046133377,82.01831970214843,82.17075386047364,82.20157363891602,1.0006959616365125,0.9988395803878932,0.9981449098229762,28.423351158645275,0.000254573861323773,82.07540130615234,2023,73.63046720870895,73.63046720870895,,,,-0.00018608583796492247,82.06012965728684,-0.0011661727339056685,81.97974299892051,8.885525131449678e-05,82.08269446057488,0.14926581284233548,95.28802678972923
2023-07-03,82.09629821777344,0.00025460626799911346,0.0013599590244177673,0.002215663846474092,-0.0038041526560328442,0.0002489745784595557,0.0010498962293949352,82.04061889648438,82.15507888793945,82.20240356445312,1.0006786799275529,0.9992845156871409,0.9986067813091483,34.343233996132284,-0.0017823554183195524,82.09629821777344,2023,73.63046720870895,73.63046720870895,,,,-0.00022032311543383008,82.07821249800874,-0.0007975467706416512,82.03084868324993,8.885525131449678e-05,82.10359322907881,0.07265330684820301,88.28288258345833
2023-07-04,81.95010375976562,-0.001780767966175656,-0.0006877074891271651,-0.0003817424018651705,-0.0068002427759903394,0.0009519013571541411,0.001051381027887391,82.02933959960937,82.12702407836915,82.20435958862305,0.9990340548853556,0.9978457721975328,0.9988105683865208,30.413742831297256,0.0006952937291068031,81.95010375976562,2023,73.63046720870895,73.63046720870895,,,,0.0007633168958296288,82.01268153888007,-0.00035573645792754717,81.9209563048409,8.885525131449678e-05,81.95738578034855,0.07002701509728917,87.8945311842186
2023-07-05,82.0071029663086,0.0006955355018227749,0.0001061623079332552,0.0001866597114368318,-0.006181665272704695,0.001023507535623417,0.0010732637730724815,82.03108062744141,82.1015193939209,82.2046696472168,0.9997077002893364,0.9988500038938464,0.9991420528267995,47.21483923785172,0.004707923355168511,82.0071029663086,2023,73.63046720870895,73.63046720870895,,,,-0.0002292962798926268,81.98830119834375,2.3690225959359715e-05,82.00904575612061,8.885525131449678e-05,82.01439005179536,-0.09879385620660147,74.29264890790344
2023-07-06,82.39409637451172,0.004719023038310732,0.004481472466271175,0.005523435425441203,-0.0027113507164149286,0.0023623102050953733,0.001525440656679896,82.10460052490234,82.0903190612793,82.21721359252929,1.0035259394450324,1.00370052542987,1.0001739725680976,75.74335792153535,0.004532582994039849,82.39409637451172,2023,73.63046720870895,73.63046720870895,,,,0.00039811938494284545,82.42690559204267,0.0007932730606958527,82.45948332294945,8.885525131449678e-05,82.40141784792277,-0.240963235295575,64.75109121071426
2023-07-07,82.76840209960938,0.004542870685738221,0.008443465184800658,0.01036515050395237,0.003395700998510387,0.002846459494446176,0.001808733656545373,82.24320068359376,82.10432434082031,82.23727966308594,1.0063859554546786,1.008088219032562,1.0016914619770447,82.64998219882455,-0.0018514412125784558,82.76840209960938,2023,73.63046720870895,73.63046720870895,,,,0.0004308712454228874,82.80407230818544,0.0008360461207665638,82.83762923561373,8.885525131449678e-05,82.77575683352737,-0.0666551338368981,77.43131130107278
2023-07-10,82.61530303955078,-0.0018497283525462649,0.006321902851217587,0.00769045940446933,0.0020680710758309573,0.0032394920768153853,0.0018590786072055956,82.34700164794921,82.11284942626953,82.25468978881835,1.0032581804586962,1.0061190619591445,1.002851590503992,72.74175448200356,-0.0010900284369294599,82.61530303955078,2023,73.63046720870895,73.63046720870895,,,,0.0006280054073777938,82.66720219136005,0.0014786390373749728,82.73755161019061,8.885525131449678e-05,82.62264416920893,0.09645311713224153,90.98075924766137
2023-07-11,82.52529907226562,-0.0010894345717290532,0.007018847885613022,0.006326313482230006,0.002284541258463113,0.0030881941497422887,0.0018510746181758058,82.46204071044922,82.12225456237793,82.26970184326171,1.000767120984048,1.0049078597760799,1.004137564779267,68.10557767892745,-0.0015206499868146094,82.52529907226562,2023,73.63046720870895,73.63046720870895,,,,0.00035668354020032523,82.55473973828317,0.0009379210736533808,82.6027375993114,8.885525131449678e-05,82.53263220424331,0.017948533366673847,84.01987979925167
2023-07-12,82.39990234375,-0.0015194943844532016,0.004789821408552664,0.0048964922149812296,0.0013307105426894061,0.003361913976436326,0.0018815417494764952,82.5406005859375,82.12772979736329,82.2821258544922,0.9982954056405126,1.0033140152182247,1.0050271788784726,64.8025148803658,-0.004843046973247347,82.39990234375,2023,73.63046720870895,73.63046720870895,,,,0.0010549336631435289,82.48687464150865,0.0010119297924016206,82.4833274628854,8.756624944437329e-05,82.40711811007702,-0.032978996771569284,79.72675732565989
2023-07-13,82.00180053710938,-0.0048313383307161395,-0.004761212934713321,-0.000301077713115272,-0.0005265114607838628,0.0034054988957802784,0.002074833618151884,82.46214141845704,82.12556991577148,82.28656188964844,0.9944175487874897,0.9984929251780044,1.0040982546974195,52.143746382155406,0.00035358006694016065,82.00180053710938,2023,73.63046720870895,73.63046720870895,,,,0.00022948546628785737,82.02062091796142,0.001566782088380928,82.13038019125224,8.756624944437329e-05,82.00898144162795,0.05421580267669565,86.57031790655846
2023-07-14,82.03079986572266,0.00035364258374004365,-0.008911640374536067,-0.0005434203149774497,0.0014418158832785188,0.0018981858315453267,0.0020419383388496073,82.31462097167969,82.13147506713867,82.29285583496093,0.9965519964423492,0.9987742190027183,1.0022299113024733,51.21828990813824,0.0005605788101944514,82.03079986572266,2023,73.63046720870895,73.63046720870895,,,,-0.0001952761641378805,82.01478276971315,0.0006228444150468721,82.08190820590075,8.756624944437329e-05,82.03798330971486,-0.003663814238432303,81.7308041530499
2023-07-17,82.07679748535156,0.0005607359638599707,-0.006518230090391541,-0.0002375348565674118,0.001977602692512681,0.002165617929539402,0.002044774802016826,82.20691986083985,82.13957481384277,82.29979583740234,0.998417135981879,0.9992357237222924,1.0008198855076826,51.83822649248669,-0.00018518219024171031,82.07679748535156,2023,73.63046720870895,73.63046720870895,,,,-0.0002674723298909724,82.05484714878286,0.0005857233345528225,82.12488586273167,8.756624944437329e-05,82.08398495735915,-0.04551498114864802,78.42481401098485
2023-07-18,82.06159973144531,-0.0001851650450782616,-0.005618875012064595,0.001360534844550454,0.000978273068845903,0.002225081275366647,0.00203864824438219,82.11417999267579,82.14358482360839,82.30528579711914,0.999359668923989,0.9990019294587748,0.9996420313163134,51.64657804350592,0.00016817140135765336,82.06159973144531,2023,73.63046720870895,73.63046720870895,,,,0.00011741491346837399,82.07123555276036,0.0008205165064105262,82.12896026000101,8.756624944437329e-05,82.06878587258433,-0.08432824087020789,75.42523800881825
2023-07-19,82.07540130615234,0.00016818554296049726,-0.003938124055583581,0.0008328344420580613,0.0010196496101315677,0.002277537857799819,0.0020387502947046684,82.04927978515624,82.14776496887207,82.30469375610352,1.0003183638060504,0.9991191036938479,0.9988011215672984,51.283653345509016,-0.00016696277187320253,82.07540130615234,2023,73.63046720870895,73.63046720870895,,,,-0.0004314030916624321,82.04000136065143,0.0006565423901651174,82.12930497938663,8.756624944437329e-05,82.0825886558964,-0.10053316011962676,74.22530967563037
2023-07-20,82.06169891357422,-0.00016694883436529917,0.0007304519665727316,-0.004034238805491919,0.0014669137624163664,0.0003252771049780554,0.0020335064598633484,82.06125946044922,82.15377502441406,82.30752975463867,1.0000053551837722,0.9988792223995492,0.9988738732463925,49.633565109522415,0.0002521997187857274,82.06169891357422,2023,73.63046720870895,73.63046720870895,,,,-0.00012291404623928671,82.05161299798253,-0.0005307540319494411,82.01815589234643,8.756624944437329e-05,82.06888506339862,0.07073069354058528,88.07617663899386
2023-07-21,82.0823974609375,0.00025223152380848823,0.0006290027075110949,-0.008288243112948956,0.001990998503724306,0.0003119903428390808,0.002032183172225207,82.07157897949219,82.16193008422852,82.30717163085937,1.0001318176350429,0.9990320015217573,0.9989003288427657,49.62822092899877,-0.0011226051717021864,82.0823974609375,2023,73.63046720870895,73.63046720870895,,,,3.1969263459990164e-05,82.0850216166733,-0.0008398427068518373,82.01349009779244,8.756624944437329e-05,82.08958542333542,0.07220251965715183,88.22815321112401
2023-07-24,81.99030303955078,-0.0011219752862426935,-0.0010538233514315598,-0.007565184378743872,6.709528237336393e-05,0.0005456300693258797,0.0020428326723918224,82.05428009033203,82.16220512390137,82.30297164916992,0.9992203081824517,0.9979077717778951,0.9986864394230097,51.107179329850766,-0.0021501454195809854,81.99030303955078,2023,73.63046720870895,73.63046720870895,,,,-0.0002528184965104502,81.96957699448205,-0.0002462571817428009,81.97011482444252,8.756624944437329e-05,81.99748293723253,0.015234123676992659,83.24891604816007
2023-07-25,81.81420135498047,-0.002147835512760099,-0.003014788613364572,-0.008616723905022883,-0.0023449225194059897,0.0010212909072292611,0.002097216614565725,82.00480041503906,82.15259017944337,82.29392166137696,0.9976757572837939,0.9958809719362011,0.9982010334174309,45.01415849628093,0.0016597320873748835,81.81420135498047,2023,73.63046720870895,73.63046720870895,,,,-0.00034337587581701156,81.78611315461711,-3.2327404134886164e-06,81.81393687133286,8.756624944437329e-05,81.82136583142301,0.014239586691353695,82.98753584087888
2023-07-26,81.95010375976562,0.0016611102050057003,-0.001526615092862449,-0.0054587271488252265,-0.0005889635488319778,0.001436892939514135,0.0021345342215160416,81.97974090576172,82.15017547607422,82.28700378417969,0.9996384820729043,0.997564561303136,0.9979253291995445,36.81264644432057,0.0003098753788689685,81.95010375976562,2023,73.63046720870895,73.63046720870895,,,,-0.00024782358711774173,81.92979710742485,-0.0008569727928221983,81.87990483405545,8.756624944437329e-05,81.9572801371931,0.08610799843836658,89.31938751614526
2023-07-27,81.97550201416016,0.00030992339520374834,-0.0010503913586391578,-0.0003207066524998359,-0.0006216878079896571,0.0014638933301745515,0.002134247964286278,81.9625015258789,82.14762573242187,82.27750778198242,1.0001586150744453,0.9979047024582016,0.9977464448315772,20.292141897493067,0.004860342087097379,81.97550201416016,2023,73.63046720870895,73.63046720870895,,,,-0.0001433769446819549,81.9637494596854,-0.0011549265207629542,81.88088098351757,8.756624944437329e-05,81.98268061571488,0.19917011211570265,100.0420461199587
2023-07-28,82.3749008178711,0.004872172708889844,0.003563533302896049,0.004194777482502854,0.003649077640224707,0.0027345749837870935,0.002398037606797364,82.02100219726563,82.16260070800782,82.27050384521485,1.0043147317287628,1.002583902019092,0.9982766062719289,42.39616212511704,-0.0014833573192031121,82.3749008178711,2023,73.63046720870895,73.63046720870895,,,,-0.00034567416258673945,82.34643086395994,-0.0009030497702390759,82.30054576082567,8.756624944437329e-05,82.3821143948124,-0.0012311499481911514,82.2735473664472
2023-07-31,82.25279998779297,-0.0014822576885171745,0.0032015608981901256,0.002144363667123006,0.0019063194494395308,0.0027990566538402574,0.0024266579881369607,82.07350158691406,82.1704257965088,82.25746383666993,1.0021846076676653,1.0010024797910646,0.998820448979603,41.55247037676497,-0.00023711100941620203,82.25279998779297,2023,73.63046720870895,73.63046720870895,,,,-3.657379868868387e-05,82.24979174545639,1.2565844564898972e-05,82.25383357018656,8.756624944437329e-05,82.26000287235439,0.07491690397794346,88.65162256946535
2023-08-01,82.2332992553711,-0.00023708290082247174,0.005122556884375351,0.00209232484484434,0.003455706370252498,0.0024287806973625962,0.0023879962889090476,82.15732116699219,82.18458557128906,82.2456298828125,1.0009247878010101,1.0005927350456707,0.9996682540392782,44.47234527275028,0.0008994437159267806,82.2332992553711,2023,73.63046720870895,73.63046720870895,,,,-7.854459909359313e-05,82.22684052750135,-0.00033789990195722745,82.20551732563509,8.756624944437329e-05,82.24050043225175,0.06777589917352453,87.99994765380794
2023-08-02,82.30729675292969,0.0008998483367279597,0.004358664318609762,0.002825395223013727,0.0036605827515261424,0.0024026381401126146,0.0023907747560978462,82.228759765625,82.19959526062011,82.23396377563476,1.000955103634404,1.0013102435841454,1.0003548010779422,62.91310853693145,0.005162408023736456,82.30729675292969,2023,73.63046720870895,73.63046720870895,,,,0.0005126088250085623,82.34949901530979,0.000346102913699957,82.33578847840484,8.756624944437329e-05,82.31450440977738,-0.05467696732037217,77.92780310645323
2023-08-03,82.7332992553711,0.005175756211750926,0.009244191527854717,0.00818409015031718,0.004116834770753197,0.0030231082426745446,0.0024380723586779848,82.38031921386718,82.21655540466308,82.23435577392578,1.0042847617595112,1.0062851556862804,1.0019918592842776,72.23247054278539,0.0006162789182955941,82.7332992553711,2023,73.63046720870895,73.63046720870895,,,,0.00017156139745267166,82.74749431343439,-3.6722872730430504e-05,82.73026110673709,8.756624944437329e-05,82.74054421729349,-0.07339852489738014,76.87829963629461
2023-08-04,82.7843017578125,0.0006164688571645982,0.004969971871002121,0.00855121583417473,0.0001920981654810472,0.002514254117477271,0.002218898484260352,82.46219940185547,82.21735038757325,82.23519973754883,1.0039060606956087,1.0068957630909612,1.0029780698736703,72.3201563522933,-0.0010757159882267622,82.7843017578125,2023,73.63046720870895,73.63046720870895,,,,0.0006449170003708111,82.83770798081947,0.0008800673447790522,82.85718958684454,8.756624944437329e-05,82.7915511860283,0.08277153600170445,89.92805728069925
2023-08-07,82.69529724121094,-0.0010751376131907797,0.005379722677934851,0.008598507085893825,0.000968273415663301,0.0024187692638244517,0.002191282095391126,82.55069885253906,82.22135009765626,82.23760971069336,1.0017516313087813,1.0057642831574982,1.0040056354522473,69.10215721447956,0.0006407187336307804,82.69529724121094,2023,73.63046720870895,73.63046720870895,,,,0.0005690846516633657,82.7423712589157,0.0009171911545472836,82.77117943027996,8.756624944437329e-05,82.70253887529378,0.07772410908757374,89.37909733032308
2023-08-08,82.74829864501953,0.0006409240377236447,0.006262662380225548,0.011417300108891082,0.0027021964810891586,0.0023298474104030175,0.0021780179384704216,82.65369873046875,82.23250007629395,82.24098175048829,1.0011445333482205,1.0062724417748097,1.0051220460740464,69.81550047630174,0.0011679528912677676,82.74829864501953,2023,73.63046720870895,73.63046720870895,,,,0.0009743507849218422,82.82896380645523,0.0006471305591968355,82.80186492811427,8.756624944437329e-05,82.75554492043973,-0.05134094968957516,78.60713757662514
2023-08-09,82.84500122070312,0.0011686352138602363,0.006532889415473253,0.010920028406075755,0.00540169180172434,0.0023227933366655284,0.0021532040317827693,82.76123962402343,82.2547550201416,82.24420379638671,1.001012087265249,1.0071758307518757,1.0061575115476036,71.99167191456002,0.0002570889151379848,82.84500122070312,2023,73.63046720870895,73.63046720870895,,,,0.001158188781558019,82.94100695737684,0.0004769314686763769,82.88452203241808,8.756624944437329e-05,82.85225596437596,-0.06220456312254424,77.84867230709106
2023-08-10,82.86630249023438,0.0002571219653253465,0.0016076142987206943,0.010866666921055756,0.010542475256183792,0.0008457862487855701,0.0017881941391006144,82.7878402709961,82.29798011779785,82.24819381713867,1.0009477505269064,1.0069056661126197,1.0059522743145954,72.00114772211421,-0.0008016874180190013,82.86630249023438,2023,73.63046720870895,73.63046720870895,,,,0.001259294680228543,82.97072131736815,0.00048511019676346844,82.90651153065969,9.190036409903308e-05,82.8739182835465,0.041913539853678,86.413337708739
2023-08-11,82.79989624023438,-0.0008013661525181348,0.00018837487410960918,0.005159282962937217,0.009375702489438975,0.0009530842952447831,0.0018125390698751397,82.79095916748047,82.33643493652343,82.25865768432617,1.0001079474479313,1.0056288726135427,1.0055203292601562,73.05454529653818,0.0011756926850551117,82.79989624023438,2023,73.63046720870895,73.63046720870895,,,,0.0004756492411491676,82.83928931594886,0.0005893166533318076,82.84870597876615,9.190036409903308e-05,82.80750593050752,0.0688304026445311,88.69976242465576
2023-08-14,82.89730072021484,0.0011763840826304328,0.0024427444575800816,0.007835608423269802,0.009996774484405613,0.0008179688052752282,0.0018194068954981992,82.83135986328125,82.3774600982666,82.26840774536133,1.0007960856497158,1.0063104715941489,1.005509999512891,82.29037775675086,0.004046189867720248,82.89730072021484,2023,73.63046720870895,73.63046720870895,,,,0.0007711032848985123,82.96124775282429,0.0006021665242268799,82.9472337321426,9.190036409903308e-05,82.90491936240649,0.0174793816327853,84.35903213993399
2023-08-15,83.2333984375,0.004054386745589111,0.005862353672810627,0.01216172999484244,0.014279501129511374,0.0018055023540429554,0.001975749953564643,82.92837982177734,82.43605003356933,82.28285171508789,1.003678096887678,1.0096723266532783,1.0059722632029011,84.17891280317316,-0.0004710736743456871,83.2333984375,2023,73.63046720870895,73.63046720870895,,,,0.0007867774448608615,83.2989103663243,0.00026216019189315826,83.25522178168735,9.190036409903308e-05,83.24104796861357,-0.01205817406170219,82.23578243282404
2023-08-16,83.19419860839844,-0.0004709627365629965,0.0042150688943203285,0.010775494888758841,0.013631335143556855,0.0019492204147322943,0.0019901093248750243,82.9982192993164,82.49198989868164,82.29639175415039,1.0023612471536922,1.008512447215533,1.0061367097733553,82.22154086971958,0.0005143375130060628,83.19419860839844,2023,73.63046720870895,73.63046720870895,,,,0.0006330362019023335,83.24688022083046,0.0009772064508158452,83.27553625131102,9.190036409903308e-05,83.2018445368679,0.11977072088559247,93.77969281058486
2023-08-17,83.23699951171875,0.0005144698072250264,0.004473435043491403,0.006088240900352426,0.01432215776305501,0.0019332108192526673,0.0019806736811889608,83.07235870361328,82.55075492858887,82.3087696838379,1.0019818963933946,1.008313001906809,1.0063185827370764,78.09011947318442,-0.0016677449409253616,83.23699951171875,2023,73.63046720870895,73.63046720870895,,,,0.000315021977184896,83.2632251264855,0.0003593233953405586,83.26691388714688,9.190036409903308e-05,83.24464937378755,0.04661331909868978,87.20880265890769
2023-08-18,83.09829711914062,-0.0016663550271126537,0.003603879865265558,0.003792933619790828,0.012376583647993211,0.002149519368434995,0.002049439083146066,83.13203887939453,82.60154991149902,82.32096969604493,0.9995941184565093,1.0060137758695065,1.0064222640914593,77.25432715718438,0.0008300003174632372,83.09829711914062,2023,73.63046720870895,73.63046720870895,,,,0.0004558665643835844,83.1361874901749,0.0007530850810167024,83.16090077694055,9.190036409903308e-05,83.10593423382332,0.01211895969101856,84.11148904786589
2023-08-21,83.16729736328125,0.0008303448630444521,0.003257001623945044,0.005707702104190471,0.01435528690707133,0.002136748209340409,0.0020083233157802806,83.18603820800782,82.66039962768555,82.33541961669921,0.9997747116567842,1.0061322923416636,1.0063590132964493,79.17606066816971,-0.0006470363717287546,83.16729736328125,2023,73.63046720870895,73.63046720870895,,,,0.000382397376655366,83.19910640107517,0.0005565167552060032,83.21359423904777,9.190036409903308e-05,83.17494081940289,-0.06233705453538211,78.14117725507714
2023-08-22,83.1135025024414,-0.0006468270888358996,-0.0014404786697328475,0.004413430407657737,0.015881119976022928,0.000994578774895949,0.001921902851397521,83.1620590209961,82.7253646850586,82.3509457397461,0.9994161217371682,1.0046918840292876,1.0052788444946725,75.50603671753183,-0.00048378426185891174,83.1135025024414,2023,73.63046720870895,73.63046720870895,,,,0.0007223165748016276,83.17355844998076,0.0006480765926824624,83.16738387569161,9.190036409903308e-05,83.12114101456858,0.03903179093658214,86.42171407838251
2023-08-23,83.07330322265625,-0.0004836672571220113,-0.0014531708672530508,0.0027557728117466596,0.013705894335207303,0.000995179530706646,0.001930548990464551,83.13787994384765,82.78152465820312,82.36660385131836,0.99922325754235,1.003524682175858,1.0043047683298403,64.23065378302604,-0.006383417053489897,83.07330322265625,2023,73.63046720870895,73.63046720870895,,,,0.0003491300732406403,83.10231167466154,0.00019198824568671878,83.089253851523,9.190036409903308e-05,83.0809380402852,0.012265975319910374,84.09855330141494
2023-08-24,82.5447006225586,-0.006363086329682521,-0.008317201403477914,-0.003880972820208606,0.006943520861880437,0.0027717765915578657,0.002493045527980526,82.99942016601562,82.80998458862305,82.37659790039062,0.9945214130105066,0.9967964736694215,1.0022875934385647,42.83582974801648,0.0011708319827622284,82.5447006225586,2023,73.63046720870895,73.63046720870895,,,,0.001100183953786385,82.63556495222716,0.0011523256320036044,82.63987382159905,9.190036409903308e-05,82.55228685918387,0.1961282304464954,100.43072665137088
2023-08-25,82.64140319824219,0.0011715176741118327,-0.005498234461331686,-0.0019141695725358732,0.003235237647937428,0.003048414324172724,0.0022667256766516495,82.90804138183594,82.8233097076416,82.39117202758788,0.9967839285653156,0.9978036797848151,1.0010230413937022,48.39593078704755,0.0002770117767103632,82.64140319824219,2023,73.63046720870895,73.63046720870895,,,,0.0003977401836984691,82.67427954281962,0.0004059489594660198,82.6749582002276,9.190036409903308e-05,82.64899832227775,-0.015314515198491557,81.38543201509678
2023-08-28,82.66429901123047,0.0002770501480156007,-0.006048030511964897,-0.0028107273332188543,0.00500285733128325,0.0029699310304660536,0.002233369816702891,82.80744171142578,82.84388465881348,82.40616195678712,0.9982713787887066,0.9978322401427381,0.9995601009351772,47.45426462699543,0.0003289729452884025,82.66429901123047,2023,73.63046720870895,73.63046720870895,,,,0.0002242238872035561,82.68283639987273,0.0005092136510670717,82.70640351992837,9.190036409903308e-05,82.67189623949626,-0.02555354693809725,80.57869375981365
2023-08-29,82.69149780273438,0.0003290270628220071,-0.005077450558585661,-0.006510615269092246,0.005571934380747212,0.0030471706925862723,0.002230431517958664,82.72304077148438,82.86679458618164,82.42036392211914,0.999618691860746,0.9978845955811051,0.9982652422431066,45.14324060752943,-0.0023827696327912455,82.69149780273438,2023,73.63046720870895,73.63046720870895,,,,-0.00032718609499701745,82.6644467200892,0.00020604231908963365,82.70853750610037,9.190036409903308e-05,82.69909753069388,-0.021097566193146164,80.96518300703504
2023-08-30,82.49469757080078,-0.002379933090619235,-0.006965001142480998,-0.008408050672983336,0.0022768433087243523,0.0030824904953876318,0.0023019024260823788,82.60731964111328,82.8761646270752,82.43042190551758,0.9986366574923169,0.9953971439437269,0.9967560638553719,39.41782503465327,0.0024904351650759018,82.49469757080078,2023,73.63046720870895,73.63046720870895,,,,-0.0006966164458924408,82.4372504194124,0.0006269959163205379,82.54643762800305,9.190036409903308e-05,82.50227921191623,-0.012653703393572704,81.4574107366634
2023-08-31,82.70040130615234,0.002493538874726031,0.00188625898960737,-0.006446630809786247,-0.00039763855079932853,0.0017835329331699742,0.0020566894568043595,82.63845977783203,82.87451972961426,82.44559997558594,1.0007495484364888,0.9978990113724943,0.9971515979513075,47.37494716077215,-0.00021764949245295793,82.70040130615234,2023,73.63046720870895,73.63046720870895,,,,-5.201774864001879e-05,82.69609952935012,-0.0006397425362198391,82.64751126148387,9.190036409903308e-05,82.70800185238465,0.005169219470844144,83.12900464881682
2023-09-01,82.68240356445312,-0.00021762580852047186,0.0004961237905483085,-0.005004838475705764,-0.0012308878760308728,0.0017366477720759273,0.002051599944493438,82.64665985107422,82.86942481994629,82.46086212158202,1.0004324882995068,0.9977431814459976,0.9973118557374318,44.082239786206806,0.00017650362240380411,82.68240356445312,2023,73.63046720870895,73.63046720870895,,,,8.463798113057805e-05,82.68940193232554,-0.00019785856761477276,82.66604576083607,9.190036409903308e-05,82.69000245661042,-0.011878299847676826,81.70608715167577
2023-09-04,82.6969985961914,0.00017651920008465716,0.0003955708250364953,-0.005654852111347863,2.0573781547739145e-05,0.0017346722889465683,0.0020380361123864903,82.6531997680664,82.86950988769532,82.47510604858398,1.0005299108594454,0.9979182778836547,0.9973897502239115,32.05052923966157,0.000454540221675576,82.6969985961914,2023,73.63046720870895,73.63046720870895,,,,-0.0002579388719464283,82.67567057644108,-0.0008303011029756309,82.6283636848086,9.190036409903308e-05,82.70459882969907,0.09378599435642791,90.82815394836358
2023-09-05,82.7345962524414,0.0004546435407357663,0.0005211956591939515,-0.0045589012445825805,-0.0001655912303032414,0.0017400763285390323,0.0020353912632136914,82.66181945800781,82.8688247680664,82.48966796875,1.0008804160725082,0.9983802290426987,0.9975020122387646,34.60388372342655,0.004239543122287831,82.7345962524414,2023,73.63046720870895,73.63046720870895,,,,-3.6880523730282e-05,82.731545013467,-0.0007291280761545431,82.6742941221041,9.190036409903308e-05,82.74219994134613,0.06374544470088721,88.18027456594912
2023-09-06,83.08609771728516,0.004248542698767066,0.007168947385700841,0.00015401451648799913,0.0029102117572519237,0.0018915930265646843,0.002235626759973794,82.78009948730468,82.88087959289551,82.51142196655273,1.0036965192344014,1.0024760611301142,0.9987840367273386,45.81129102622205,0.0020596279119946596,83.08609771728516,2023,73.63046720870895,73.63046720870895,,,,-0.0002988693253223948,83.06126954169157,-0.0012998732099299773,82.97816648839866,9.190036409903308e-05,83.09373371078686,0.107410784827444,92.50735703531002
2023-09-07,83.25740051269531,0.002061750402492679,0.006735145147373389,0.0086341083650614,0.004719626804961186,0.0018401204098544097,0.0022763237297800114,82.89149932861328,82.90043449401855,82.5360400390625,1.0044142184306675,1.0043059607691502,0.9998922181112824,54.33785965087448,-0.00019098814611859767,83.25740051269531,2023,73.63046720870895,73.63046720870895,,,,4.221434154946928e-05,83.26091524322258,-0.00029995378802660035,83.23243088508468,9.190036409903308e-05,83.2650522497097,0.07064423735132415,89.35178842095239
2023-09-08,83.24150085449219,-0.00019096990904365896,0.006761986419555832,0.007261464992438071,0.005333395744561598,0.001834492232355599,0.0022657234159575096,83.0033187866211,82.92251472473144,82.55936203002929,1.0028695487283272,1.0038467975895287,1.0009744526219193,52.0834404400802,-0.002528345650271686,83.24150085449219,2023,73.63046720870895,73.63046720870895,,,,0.000285856516285161,83.26529938125672,-0.00017419413533963107,83.2270019360764,9.477870502632261e-05,83.24939075003877,0.09393916373030249,91.440198978653
2023-09-11,83.03130340576172,-0.002525152076461201,0.004042526515414702,0.004439696446000063,0.0016164903366291394,0.0025318922284258056,0.0023376917966670082,83.07017974853515,82.9292148590088,82.57806213378906,0.999532006035245,1.0012310323560458,1.0016998218271573,47.8783988153376,-0.0010604643510491911,83.03130340576172,2023,73.63046720870895,73.63046720870895,,,,0.00015423545589976723,83.04411076434546,0.00034773501207323917,83.0601813176935,9.477870502632261e-05,83.03917337812217,0.07061868755317156,89.10686446043249
2023-09-12,82.94329833984375,-0.0010599022574402372,0.002522549173571198,0.003045059574444453,-0.003485380906008362,0.002671735455042478,0.0021528617349097115,83.11192016601562,82.91470985412597,82.59792602539062,0.9979711475100678,1.0003447938944499,1.0023784719531263,46.725318820192335,-0.0012099435519682589,82.94329833984375,2023,73.63046720870895,73.63046720870895,,,,0.0002891595169550397,82.967285651839,0.00029198000101742004,82.96751966007588,9.477870502632261e-05,82.95115997080273,0.045025976915141,86.7632546686272
2023-09-13,82.84300231933594,-0.001209211865398352,-0.0029258251937211988,0.004222147105106044,-0.004221403594685813,0.0016985221248102202,0.002164548281651893,83.06330108642578,82.89715003967285,82.61464401245117,0.9973478207077199,0.9993468084209047,1.002004303485384,59.58125652448797,0.0011315707479533034,82.84300231933594,2023,73.63046720870895,73.63046720870895,,,,0.00016491049018891988,82.85666512599626,0.00105152722038503,82.93015980749787,9.477870502632261e-05,82.85085444391748,-0.07714169090274771,76.69262787220627
2023-09-14,82.93679809570312,0.0011322112156875175,-0.003850737772473467,0.002858472097077902,-0.0036065862269982762,0.0013519606797542864,0.002179773090379613,82.99918060302734,82.88213996887207,82.625498046875,0.9992483961061908,1.000659468093507,1.0014121333522426,59.50564181127184,0.00110263350973881,82.93679809570312,2023,73.63046720870895,73.63046720870895,,,,0.0003763120511521465,82.9680140854187,0.0005607112347298339,82.98331473014895,9.477870502632261e-05,82.94465911054819,-0.09261434149876788,75.60062176124738
2023-09-15,83.0282974243164,0.0011032416335592377,-0.0025612636483869355,0.0041834035411616455,-0.0008423721935463258,0.001593072371776336,0.002168212344989333,82.95653991699218,82.87863998413086,82.63069595336914,1.0008650012090188,1.0018057419886983,1.000939927741047,61.2179637902657,0.0006923283419206952,83.0282974243164,2023,73.63046720870895,73.63046720870895,,,,0.0005575933147904127,83.07460635747458,0.0006143537977235933,83.07932184607635,9.477870502632261e-05,83.03616711176034,-0.10719085063845747,74.58882013798127
2023-09-18,83.08580017089844,0.0006925680565044168,0.000656339993488908,0.004701519780730523,-0.0009799187296759548,0.0011701975637547909,0.002165519082737305,82.96743927001953,82.87456512451172,82.6401058959961,1.0014265946004879,1.0025488525468502,1.0011206592199702,61.929074609227136,0.00203315196374261,83.08580017089844,2023,73.63046720870895,73.63046720870895,,,,0.0009190469964526054,83.16219502584713,0.0003655337209083954,83.11617638401643,9.477870502632261e-05,83.0936753086365,-0.05459369654643111,78.67143385009794
2023-09-19,83.25489807128906,0.0020352202186511015,0.0037567800856990186,0.006288805921770724,0.0017012346320444127,0.0012004647423156634,0.0022090129835795045,83.02975921630859,82.8816349029541,82.65469787597657,1.0027115441150918,1.0045035690810395,1.0017871789513795,73.39089445093924,-0.0007197166216897163,83.25489807128906,2023,73.63046720870895,73.63046720870895,,,,0.0007319892712041993,83.31586207322803,0.00034280340799920666,83.28344302645495,9.477870502632261e-05,83.26278923666668,-0.03612806445570789,80.30074497968253
2023-09-20,83.19499969482422,-0.0007194576878053471,0.00424896932309915,0.001310712387884827,0.0014649287731076654,0.001004551639220046,0.002212846583321091,83.10015869140625,82.8877197265625,82.67059982299804,1.0011412854669768,1.0037071832748616,1.0025629727243621,66.71858881782546,-0.00129901884362824,83.19499969482422,2023,73.63046720870895,73.63046720870895,,,,0.0003770478905931691,83.2263741084236,0.00012103338867360642,83.20506967694772,9.477870502632261e-05,83.20288518284224,0.03419715447103905,86.08923724601756
2023-09-21,83.08699798583984,-0.00129817548386979,0.0018110162628102167,-0.002046695258393072,0.0065697417180170525,0.0013586860711360426,0.0016572930576401411,83.1301986694336,82.91483459472656,82.69230377197266,0.9994803250288677,1.0020763882838915,1.0025974130655835,62.89181580828192,-0.002358160029911682,83.08699798583984,2023,73.63046720870895,73.63046720870895,,,,0.0006009940160595073,83.13694778270273,0.0001948321015513975,83.10318757734387,9.477870502632261e-05,83.09487323711063,0.026518497319680284,85.31981494727859
2023-09-22,82.89129638671875,-0.002355381754849839,-0.0016500523538078848,-0.004207089783083151,0.003023825574175021,0.001719819748328539,0.0017480557954961393,83.10279846191406,82.9273292541504,82.70951370239258,0.997454934381154,0.999565488630157,1.0021159394537584,55.55042172482183,0.00100688123688966,82.89129638671875,2023,73.63046720870895,73.63046720870895,,,,0.00018071275753464761,82.90627725504065,0.00044300306964679904,82.92802562044604,9.477870502632261e-05,82.89915308876638,0.0378857724093007,86.09194385366555
2023-09-25,82.97480010986328,0.0010073883119761096,-0.0013359690922737366,-0.0006805059487301479,0.0037561692574279437,0.001771557117086919,0.001758394051057345,83.08059844970703,82.94285430908204,82.72747375488281,0.9987265578026886,1.000385154345692,1.0016607113629306,56.68643175099391,0.0006445339526765269,82.97480010986328,2023,73.63046720870895,73.63046720870895,,,,0.00037374551908016224,83.00581736552003,0.000149457993122571,82.98720228374637,9.477870502632261e-05,82.98266472666073,-0.029248962839452837,80.58302228693073
2023-09-26,83.0282974243164,0.0006447417093176089,-0.0027217695561722044,0.0010247854398601763,0.004072965547020191,0.0013874961542179938,0.0017611328420545018,83.0352783203125,82.95969429016114,82.74680770874023,0.9999159285530523,1.0008269453587344,1.0009110934026226,48.0710080866926,0.0032514413888817487,83.0282974243164,2023,73.63046720870895,73.63046720870895,,,,0.00019702611009023434,83.04465777844086,-4.679374699361751e-05,83.02441231007366,9.477870502632261e-05,83.03616711176034,0.02903658662598413,85.47449857229132
2023-09-27,83.29869842529297,0.0032567330580641762,0.0012464538836365335,0.005500719351049677,0.009746091302439863,0.0021768530922882503,0.0017766890083045065,83.05601806640625,82.99989433288575,82.77127365112305,1.0029218877155017,1.0036000538893317,1.0006761904213446,51.292743156557336,-0.0009127524029441069,83.29869842529297,2023,73.63046720870895,73.63046720870895,,,,0.0002259344395723002,83.31752059624705,-0.0003166539668909169,83.27232573772818,9.477870502632261e-05,83.30659374220815,-0.014083783874300343,82.13376018454822
2023-09-28,83.22270202636719,-0.0009123359711789014,0.0016332764911120012,0.0034472506442091433,0.006315576611065188,0.0021141394121227783,0.0017369787274530953,83.08315887451172,83.02600936889648,82.79449371337891,1.0016795600184898,1.0023690486748167,1.000688332560479,49.43288006702327,-0.0003569522914273857,83.22270202636719,2023,73.63046720870895,73.63046720870895,,,,0.00029321636628778494,83.24710786256846,0.0001967620075039759,83.23907870338888,9.477870502632261e-05,83.23059014010074,0.04558575038682404,87.10427131710605
2023-09-29,83.19300079345703,-0.00035688859153770736,0.0036397597804564974,0.0019837016324555368,0.006175403798051038,0.0016083505509559056,0.0017395089174952365,83.14349975585938,83.05153923034668,82.8167057800293,1.000595368702821,1.0017032985110368,1.0011072705739703,55.47422254365121,-0.0019034502559693999,83.19300079345703,2023,73.63046720870895,73.63046720870895,,,,0.0004493413877445541,83.2303912517953,2.6103460018848078e-06,83.19321795625747,9.477870502632261e-05,83.20088609201278,0.03552800678890573,86.20181438506037
2023-10-02,83.03479766845703,-0.0019016398433898685,0.0007230816888297298,-0.0006138534182315025,0.004084780318510672,0.0019679433597200925,0.001808556254037108,83.15549926757812,83.06842918395996,82.83759567260742,0.9985484832610686,0.9995951348083343,1.001048172987903,52.957131092163465,0.0039015859947043236,83.03479766845703,2023,73.63046720870895,73.63046720870895,,,,0.00042935168125813326,83.07045645297067,0.00039356930889008677,83.06748404814525,9.477870502632261e-05,83.04266797201488,0.016835541906544432,84.44456730412627
2023-10-03,83.3593978881836,0.003909207089570321,0.003987802642454463,0.0012551792064541267,0.007551878706651083,0.0026111321648649905,0.0019895255805053333,83.22171936035156,83.09966926574707,82.86849960327149,1.001654358127785,1.00312550729421,1.0014687193785836,64.5759127577192,-0.0015559298531063427,83.3593978881836,2023,73.63046720870895,73.63046720870895,,,,0.0003989785204991196,83.39266313304054,-0.0001973804084510645,83.34294599987382,9.477870502632261e-05,83.3672989583879,-0.13645569705370558,72.72648749698678
2023-10-04,83.22979736328125,-0.0015547200218046786,-0.000827156526023165,0.00041826634514907646,0.0017295269599140184,0.0023527494824502814,0.0018104649892528514,83.20793914794922,83.10685424804687,82.89409347534179,1.0002626938673864,1.0014793378518145,1.0012163244634509,58.10641944662563,0.0026398113963651804,83.22979736328125,2023,73.63046720870895,73.63046720870895,,,,0.00030967415687085,83.25557547180726,0.0007934229182285748,83.2958599963267,9.477870502632261e-05,83.23768614953352,-0.04899003201468965,79.25063244314963
2023-10-05,83.44979858398438,0.0026432987664606333,0.0027287813551792883,0.00436651470072813,0.0023108825174011915,0.0025946570161070603,0.0018481125831043,83.25335845947265,83.11647415161133,82.92357940673828,1.0023595459468142,1.004010329309266,1.0016468974322905,60.88752428887303,-0.0026986631006294306,83.44979858398438,2023,73.63046720870895,73.63046720870895,,,,0.0003402159018470814,83.4781943625424,0.00019392705034587584,83.46598332655469,9.477870502632261e-05,83.45770822265561,-0.09492619809979196,75.89258902970506
2023-10-06,83.22489929199219,-0.002695024982784733,0.0003834276709688833,0.0040245830360410295,-0.00019943852921422422,0.0029804906023715673,0.001951978762400793,83.25973815917969,83.11564407348632,82.9405793762207,0.9995815640553554,1.0013144964431637,1.0017336578125529,53.30699635055032,-0.001205847100416008,83.22489929199219,2023,73.63046720870895,73.63046720870895,,,,-0.0003329488603394071,83.1971942690549,0.001052678010171445,83.31255444160539,9.477870502632261e-05,83.2327876139896,-0.019772382730069205,81.59550630492701
2023-10-09,83.12460327148438,-0.001205120358943601,0.0010815417818674788,0.0018054055137552982,0.001123670975833324,0.0028792618234253758,0.0018835094918619303,83.27769927978515,83.12030906677246,82.95801544189453,0.9981616205824031,1.0000516625209905,1.0018935229522097,46.79755475547555,0.0017512385312556087,83.12460327148438,2023,73.63046720870895,73.63046720870895,,,,-1.3085807680024711e-05,83.12351552602951,0.0003804763943365011,83.15623623823471,9.108777206361469e-05,83.13217525125219,0.033726304088988815,85.97590051214623
2023-10-10,83.27030181884766,0.0017527728449713287,-0.0010688185326800381,0.00291472187240549,0.003942494276801822,0.002289522944661064,0.001900587974956512,83.25988006591797,83.13665924072265,82.97875549316406,1.0001251713661061,1.0016075047920563,1.0014821479034721,51.775908106201825,-0.00024026183707509017,83.27030181884766,2023,73.63046720870895,73.63046720870895,,,,-7.786319439948434e-05,83.26381837956336,9.236321104984673e-05,83.2779932865076,9.108777206361469e-05,83.277887070576,-0.016021957051958982,81.94677963972495
2023-10-11,83.25029754638672,-0.00024023297651132314,0.00024630821838944605,-0.0005810520430838961,0.004916471103748377,0.0021690638431810837,0.00187499335957995,83.26398010253907,83.15702400207519,82.99761550903321,0.9998356725665108,1.0011216556319908,1.0012861944225084,54.01799122965099,-0.00038800453277890265,83.25029754638672,2023,73.63046720870895,73.63046720870895,,,,0.00011426049428606444,83.25981030999002,0.000172497214084861,83.26465922942475,9.108777206361469e-05,83.25788097588746,0.006613074176449615,83.80266234091734
2023-10-12,83.21800231933594,-0.00038792926875474976,-0.0027776731469897342,-5.647145450482505e-05,0.0033905845184465377,0.0016167227470385533,0.001868015473410258,83.21762084960938,83.17108421325683,83.0073095703125,1.0000045840018337,1.000564115600066,1.0005595290333502,58.74153853691198,0.0005333414360720999,83.21800231933594,2023,73.63046720870895,73.63046720870895,,,,0.0006155903833736987,83.26924629231753,0.0005539444927769836,83.26411324368783,9.108777206361469e-05,83.22558280700241,-0.05874175517752256,78.47043606961505
2023-10-13,83.26239776611328,0.0005334836879042903,0.00045056797232678747,0.000834168403524016,0.002819524777203375,0.0011153807080341296,0.001857362933336922,83.2251205444336,83.18278923034669,83.01687149047852,1.0004479082930229,1.0009570313342842,1.0005088951029244,57.85962103015746,0.0002390360107815618,83.26239776611328,2023,73.63046720870895,73.63046720870895,,,,0.0009017499442648645,83.33751349136871,7.010129517168578e-05,83.26823477262425,9.108777206361469e-05,83.26998229784627,-0.03334445406358934,80.53183610631568
2023-10-16,83.28230285644531,0.0002390645821652715,0.0018971469186552792,0.002980740544181515,0.00236505738817816,0.000851811013503219,0.0018530564100990804,83.25666046142578,83.19261436462402,83.0286116027832,1.000307992115915,1.0010780823815464,1.0007698531569287,57.07143008857076,-0.0009947252340911654,83.28230285644531,2023,73.63046720870895,73.63046720870895,,,,0.0007440674862516088,83.34429356995813,1.69600579801303e-05,83.28371534110836,9.108777206361469e-05,83.28988920137121,-0.011414347754386572,82.33709442111468
2023-10-17,83.19950103759766,-0.000994230658947881,-0.0008502524874237638,-0.0019181622544877097,-0.000665390685410161,0.0005903399747223694,0.0018115941256870577,83.24250030517578,83.18984451293946,83.03763565063477,0.9994834457468182,1.0001160781669294,1.00063295937797,46.916268214936245,0.0007785050155222764,83.19950103759766,2023,73.63046720870895,73.63046720870895,,,,-0.00013953844150492372,83.18789231883898,-0.00023167070918211137,83.18022838272968,9.108777206361469e-05,83.20707983994684,0.06571636677901417,88.85072527158509
2023-10-18,83.26429748535156,0.0007788081292052773,0.00016816683396281285,0.00041451647322565677,0.0008329561966649024,0.0007213801101659009,0.0018126359414803908,83.24530029296875,83.19330940246581,83.04602157592774,1.0002282073860742,1.0008532907681593,1.0006249407659866,51.30213806675965,5.167721897076591e-05,83.26429748535156,2023,73.63046720870895,73.63046720870895,,,,0.00025221593621683455,83.28530071665874,-0.0002869954455360548,83.24040443995911,9.108777206361469e-05,83.27188219013362,0.009702978174607454,84.07614142917755
2023-10-19,83.26860046386719,5.1678554261247456e-05,0.0006080192160475839,-0.0021713428095914145,0.0021856906908381823,0.0006828864408088828,0.0017849817189513541,83.255419921875,83.20238952636718,83.05406753540039,1.0001583145218,1.0007957816821957,1.000637366256062,52.404875278493726,-0.0017585253464432796,83.26860046386719,2023,73.63046720870895,73.63046720870895,,,,0.00022033481212304558,83.28694945669285,-0.0003379366976859284,83.24046570215748,9.108777206361469e-05,83.27618556061583,0.0296527852416371,85.7747194644468
2023-10-20,83.12229919433594,-0.0017569800466952223,-0.001682615148447697,-0.0012328053086165802,0.002786816200092579,0.0010217928413790221,0.0017460605270321714,83.22740020751954,83.21393966674805,83.06051559448242,0.9987371825514009,0.998898736524444,1.0001617582441764,52.80471879447713,0.0004510223946441704,83.12229919433594,2023,73.63046720870895,73.63046720870895,,,,-0.000224369233926029,83.10365119983989,0.00032727133478270163,83.1495071920995,9.108777206361469e-05,83.12987096422094,-0.000629842148401949,83.06996175072543
2023-10-23,83.15979766845703,0.0004511241205373828,-0.0014709630231940496,0.0004233932624941872,0.0022295631727802245,0.0010554921199036347,0.0017359277178948707,83.20289916992188,83.22318954467774,83.06576553344726,0.9994819711585191,0.9992382907147932,0.9997561932573497,42.15899009758554,-0.0015692236033145914,83.15979766845703,2023,73.63046720870895,73.63046720870895,,,,-8.421621036930628e-05,83.15279456033407,-0.0003115322887722486,83.13389474136412,9.108777206361469e-05,83.16737285415007,0.04183303826911734,86.7124149788961
2023-10-24,83.02940368652344,-0.0015679930157291855,-0.0020444515766668836,-0.00289296576405218,1.3323917764873627e-05,0.0011750788128089924,0.0017704104065298179,83.16887969970703,83.22324485778809,83.06168563842773,0.9983229783341173,0.9976708289661634,0.9993467551262396,42.13272470227398,-0.0005011900956774438,83.02940368652344,2023,73.63046720870895,73.63046720870895,,,,-0.00032589281552262473,83.00234940902165,-7.940607939992085e-06,83.0287443851989,9.108777206361469e-05,83.03696699437822,0.04211561590041625,86.60091854304127
2023-10-25,82.98780059814453,-0.0005010645209012621,-0.0033207136258571746,-0.003153105225791264,-0.003732325150641702,0.0009739163503116007,0.0015978208384397972,83.11358032226562,83.20769996643067,83.05755767822265,0.9984866525586626,0.9973572233293931,0.9988688589613339,28.90789904492543,0.0022050845056747095,82.98780059814453,2023,73.63046720870895,73.63046720870895,,,,-0.00036446562667411333,82.95755990857391,-0.0005179146253028821,82.94483113071134,9.108777206361469e-05,82.99536011629408,0.09767420396068176,91.50263962347002
2023-10-26,83.1709976196289,0.0022075174924984786,-0.0011721446462960028,-0.0005648381167173699,-0.0006212776739921155,0.0016279381451312944,0.0016736445962593533,83.09405975341797,83.20511474609376,83.05623764038086,1.0009259129526136,0.9995899635909528,0.9986652864668875,47.44175604527712,0.0013397569715224943,83.1709976196289,2023,73.63046720870895,73.63046720870895,,,,-0.00025392124551230216,83.14988141736248,-0.0001616851963007189,83.15755118762604,9.108777206361469e-05,83.178573825547,-0.08410724884472365,76.46181393113079
2023-10-27,83.28250122070312,0.0013406548468273272,0.0019273050423285198,0.00024144698122086083,0.0010758167921878226,0.0014864811772662787,0.001699032593509754,83.1261001586914,83.20958976745605,83.05992172241211,1.0018814916339531,1.0008762385856107,0.9989966347749343,57.415157074065576,0.0015704951220253621,83.28250122070312,2023,73.63046720870895,73.63046720870895,,,,0.00029784888058810116,83.30731051499114,4.811618641681682e-05,83.28650855346513,9.108777206361469e-05,83.29008758369841,-0.04093839513034487,79.94189534489367
2023-10-30,83.41339874267578,0.0015717289953356417,0.003049563386743781,0.001574114568571039,0.004559547139868281,0.0015802657298909905,0.001665681577135018,83.17682037353515,83.228519821167,83.06484375,1.0028442824344355,1.0022213409766993,0.9993788253384425,56.81481266168648,-0.0014024074423328928,83.41339874267578,2023,73.63046720870895,73.63046720870895,,,,0.00037230890449976953,83.4444600756289,-0.0001196328745358985,83.40342035489289,9.108777206361469e-05,83.42099702937776,0.008094498571664527,84.09132842854976
2023-10-31,83.29650115966797,-0.0014014245285512983,0.003216902221205409,0.0011658738437203553,-0.0007545247459679327,0.001523608293945295,0.0014585054615161685,83.23023986816406,83.22537498474121,83.06850372314453,1.0007961203957705,1.0008546212611213,1.0000584543286677,52.014476555431365,-0.0002317576935148152,83.29650115966797,2023,73.63046720870895,73.63046720870895,,,,-4.7422265985349334e-05,83.29255114449441,0.000246483938150622,83.31703493982751,9.108777206361469e-05,83.30408879794459,0.012648229825779012,84.35674542198558
2023-11-01,83.2771987915039,-0.00023173083977512388,0.003487237778004859,0.00015494403414151314,0.0005695247342218934,0.0014770774638931724,0.001415399153420617,83.28811950683594,83.22774505615234,83.07258163452148,0.9998688802749216,1.0005941977079662,1.0007254125489387,52.610541757228695,0.02275622397397996,83.2771987915039,2023,73.63046720870895,73.63046720870895,,,,0.00023683656699650994,83.29692421313314,-3.440783944819845e-05,83.27433345231354,9.108777206361469e-05,83.28478467149073,-0.02241047314525181,81.43167414372128
2023-11-02,85.19400024414062,0.02301712209887974,0.024323414199786786,0.02312275899375682,0.020901208747686528,0.010222655682706673,0.005325762562412677,83.69272003173828,83.31495513916016,83.12556762695313,1.0179380023953462,1.0225535151743395,1.0045341786711297,82.12695004682396,-0.023115325461759966,85.19400024414062,2023,73.63046720870895,73.63046720870895,,,,0.003327503727251587,85.47795576701996,-0.002210429079806571,85.00589292411206,0.004529482698747369,85.58076024441111,0.16554818165773483,100.53231251078653
2023-11-03,83.24729919433594,-0.022850212975397577,-0.000422682146323905,0.0015038082585727697,0.00026914904715180654,0.016251199489112658,0.007524410942580795,83.68567962646485,83.31607513427734,83.137685546875,0.9947615836534323,0.9991745177646624,1.0044361726304538,49.64520908536944,-0.0010672528415421347,83.24729919433594,2023,73.63046720870895,73.63046720870895,,,,0.010169363459467166,84.09819041494097,0.006295674668675574,83.7730503496909,0.005076467709853425,83.67097590132586,0.2523853229559542,107.14692347413974
2023-11-06,83.15850067138672,-0.0010666835297794552,-0.003055840849686575,-1.5596443313725672e-05,0.0004077902157515467,0.0162310851434151,0.007523268497088523,83.63470001220703,83.31777000427246,83.14756958007813,0.9943061989730242,0.9980884109971069,1.0038038705058756,49.584932124739716,0.0007729298855590016,83.15850067138672,2023,73.63046720870895,73.63046720870895,,,,0.008421995083738351,83.86181866837806,0.003224637023733668,83.42708946944254,0.004529482698747369,83.5360199996257,-0.03100448644373588,80.61977339764702
2023-11-07,83.2228012084961,0.0007732286728385773,-0.0008847904791414729,0.0023292654576061445,-0.0005704387916702913,0.016230248502645338,0.007514764823008725,83.61996002197266,83.31539497375488,83.15819564819336,0.9952504304788928,0.9988886355842405,1.0036555674772198,49.579869581136386,0.00011889453761438203,83.2228012084961,2023,73.63046720870895,73.63046720870895,,,,0.002683892706016204,83.44646228454137,0.0018764334549845514,83.37910986243142,0.006618473564409953,83.77543589999065,-0.08075633024309462,76.76624559241493
2023-11-08,83.23269653320312,0.00011890160585004139,-0.0005343870704896947,0.002950987172734676,-0.0002114228261320683,0.01623014144250062,0.007514593930962243,83.6110595703125,83.3145149230957,83.17295562744141,0.9954747250058326,0.999017957555558,1.0035593395399414,49.636900646881635,-0.0001802265450709884,83.23269653320312,2023,73.63046720870895,73.63046720870895,,,,0.00242888889706535,83.43510522028261,0.00197541656591293,83.39727828600067,-0.0013223928792981624,83.12270295137655,-0.07700681729922151,77.06378383973693
2023-11-09,83.21769714355469,-0.00018021030524284498,-0.02319767935444328,0.0005614880819315715,-3.667184656497291e-06,0.010200739624318663,0.007514149439181624,83.2157989501953,83.31449966430664,83.18330154418945,1.0000228104925186,0.998838107158514,0.9988153236890455,50.99108781875078,0.0012213476196798467,83.21769714355469,2023,73.63046720870895,73.63046720870895,,,,0.0033243451518262957,83.49480183221763,0.00249311115559836,83.42542695180047,0.006618473564409953,83.77029794189362,-0.09050170796417664,76.01710063238428
2023-11-10,83.31939697265625,0.0012220937684219724,0.0008660674762792642,0.00044301925869572045,0.000684573205579353,0.0008839358741796433,0.007518170638713206,83.23021850585937,83.31734962463379,83.19604141235351,1.00107146741169,1.0000245728894603,0.9989542259905413,51.63624758892242,-0.00024607361828074553,83.31939697265625,2023,73.63046720870895,73.63046720870895,,,,-0.0014189949963698677,83.20125100934126,-0.0009534284347559351,83.23999574812322,0.00013282299612129886,83.33046443958797,-0.07766972577982295,77.09293584580739
2023-11-13,83.29889678955078,-0.00024604334465117006,0.0016882954482171364,-0.0013727045636664492,0.00019924921065239687,0.0006381021901654196,0.007518348695330808,83.25829772949218,83.31817932128907,83.20807937622071,1.0004876277940549,0.999768567533576,0.9992812902023943,52.82659526625514,-0.0012167881587960457,83.29889678955078,2023,73.63046720870895,73.63046720870895,,,,-0.0015593432987780573,83.16910643320692,-0.0008515011118206297,83.22799787585676,0.00013282299612129886,83.30996153340591,-0.10231455081934043,75.19770820114879
2023-11-14,83.19760131835938,-0.0012160481722504057,-0.00030280031158269605,-0.0011873228758915166,-2.283330085628421e-05,0.0008748256818331682,0.007520113120197469,83.25325775146484,83.31808433532714,83.21733947753906,0.9993314804175998,0.9985539391846449,0.9992219386177749,52.173294534005,-0.0025996459320180364,83.19760131835938,2023,73.63046720870895,73.63046720870895,,,,-0.0007463393454805071,83.13553084074692,-0.0004858886024367671,83.15718637150485,0.00013282299612129886,83.20865260695297,-0.10987894602292901,74.54027408627088
2023-11-15,82.98159790039062,-0.002596269778766813,-0.0030168268393458986,-0.003549601756578813,-0.003395207712052928,0.0014129834109933592,0.007540166406131966,83.20303802490234,83.3039493560791,83.21524948120117,0.9973385572237706,0.9961304180872554,0.998788636889886,48.05128132668297,0.002462633612892288,82.98159790039062,2023,73.63046720870895,73.63046720870895,,,,0.00042082829793908604,83.01652625389961,-7.602891185254319e-05,82.97528913962562,0.00013282299612129886,82.99262049685763,-0.048434374830529876,79.05821630574104
2023-11-16,83.18620300292969,0.0024656683857144923,-0.00037845484441456634,-0.023567354924726946,-0.0009895381990148167,0.001989063364451022,0.007562734503868538,83.19673919677734,83.29982948303223,83.21382553100585,0.9998733580913222,0.9986359338211408,0.9987624190001988,49.027820568118806,-0.0007925452355076506,83.18620300292969,2023,73.63046720870895,73.63046720870895,,,,-0.0004616846388233587,83.1478060751591,-0.0019977618119546466,83.02018267304277,0.00013282299612129886,83.19725277746433,0.28950749269675563,111.11758861492537
2023-11-17,83.12030029296875,-0.0007922312544860199,-0.002389559777453032,-0.0015255618211794664,-2.4047715072361697e-05,0.0018607461906241076,0.007554159929338455,83.15691986083985,83.29972953796387,83.2114015197754,0.9995596329453714,0.9978459804612769,0.9982855925473452,47.001674884997996,0.0020574989010298567,83.12030029296875,2023,73.63046720870895,73.63046720870895,,,,-0.0004991787477726234,83.07881875976528,-0.0003930130524933518,83.08763934853557,0.00013282299612129886,83.13134131352665,-0.04762091417073323,79.25480528086139
2023-11-20,83.29149627685547,0.0020596170043096773,-8.88428656384832e-05,0.0015993025895728596,0.0015836812028271474,0.002189024127563466,0.007567475831726799,83.15543975830079,83.30631446838379,83.21660537719727,1.0016361709943469,0.9998221240295783,0.998188916277886,49.949363805618766,0.0003685253396007416,83.29149627685547,2023,73.63046720870895,73.63046720870895,,,,-0.0016517350091532245,83.15403435307849,-0.0008029574822838308,83.22464359023371,0.00013282299612129886,83.30256003768706,-0.0540298453273209,78.91068262097099
2023-11-21,83.32219696044922,0.00036859325340610205,0.0014975869510116535,0.0011943331696335768,0.0035263805462366626,0.002084011669478308,0.0075573074464229915,83.18035888671875,83.32095413208008,83.22418334960938,1.0017051870853748,1.0000149161562308,0.9983126063926434,50.45421500434345,0.00028207188900309163,83.32219696044922,2023,73.63046720870895,73.63046720870895,,,,-0.0012972098189188578,83.21418066346583,-0.0007103284757310479,83.26303184710787,0.00013282299612129886,83.33326479930841,-0.1043880236403975,75.06293989071662
2023-11-22,83.345703125,0.0002821116750191255,0.004387782759334602,0.0013577187391951018,0.004312712522513529,0.0013528814093260136,0.0075554952234520465,83.25317993164063,83.33884925842285,83.23423736572266,1.0011113472594722,1.0000822409553063,0.9989720361206743,19.800096735428596,0.0024278723674092347,83.345703125,2023,73.63046720870895,73.63046720870895,,,,-0.0005652662136338166,83.29860392801837,-0.002049495527442607,83.17506140366683,0.00013282299612129886,83.35677408622574,0.05896662594988615,88.40810771122624
2023-11-23,83.54830169677734,0.0024308220361821675,0.004352869595874109,0.00397276738687391,0.004536486130345407,0.0013427013778857227,0.007558716475804838,83.32559967041016,83.35771446228027,83.24646743774414,1.0026726723509711,1.0022863778802777,0.9996147352158432,61.43624884776597,-0.0024482858054388113,83.54830169677734,2023,73.63046720870895,73.63046720870895,,,,-0.001313446915616163,83.43863747244289,-0.0009889397819414726,83.46571829924989,0.00013282299612129886,83.5593995695396,-0.040805090483619424,80.20772545177628
2023-11-24,83.34400177001953,-0.00244529119812964,0.0026912977487125733,0.0002953069544100462,0.0007384570397739321,0.0019295265333085104,0.0075774404826714145,83.3703399658203,83.3607894897461,83.2527815246582,0.9996840819431518,0.9997986137148014,1.0001145679657386,56.47924105953206,-0.0003540517746371615,83.34400177001953,2023,73.63046720870895,73.63046720870895,,,,7.8736415682912e-06,83.34465799339976,-0.00018839672448633796,83.3283015120655,0.00013282299612129886,83.3550725052512,-0.10669580669803772,74.90950878546728
2023-11-27,83.31449890136719,-0.0003539891057038336,0.00027617014389158534,0.0001873027425058904,-0.001185658932489897,0.0017473671945480234,0.007569506868036222,83.37494049072265,83.35584449768066,83.25735549926758,0.9992750628786093,0.999503986834245,1.0002290900315036,53.28264206392125,0.0005999922365927479,83.31449890136719,2023,73.63046720870895,73.63046720870895,,,,-8.971539705637582e-07,83.31442415546722,-0.00044867310731191024,83.27712631092606,0.00013282299612129886,83.3255657176792,-0.11255299841829246,74.44566958664569
2023-11-28,83.364501953125,0.0006001722679387367,0.0005077277630576305,0.002006075080541958,0.0008163703458166083,0.0017607273699851652,0.007563679293529267,83.3834014892578,83.35924453735352,83.2595475769043,0.9997733417467355,1.0000630693788153,1.0002897933161266,54.58672727079638,0.0006427109098616327,83.364501953125,2023,73.63046720870895,73.63046720870895,,,,5.1128808276391465e-05,83.36876438972814,-0.0005445117753527854,83.319121356421,0.00013282299612129886,83.37557541143325,-0.10306615782646109,75.20039058380223
2023-11-29,83.41809844970703,0.0006429174927737868,0.0008686149614509642,0.005260209014537942,0.0016919356108013872,0.001777231463975774,0.007564383715556396,83.39788055419922,83.36628952026368,83.26400955200195,1.0002424269702475,1.0006214613813509,1.0003789425452103,56.79137471882514,-0.0010530725515030968,83.41809844970703,2023,73.63046720870895,73.63046720870895,,,,4.671636787919273e-06,83.4184881496748,-0.0003888465006698248,83.38566791969002,0.00013282299612129886,83.42917902733534,-0.10086403275697672,75.41462795119446
2023-11-30,83.3302993774414,-0.0010525182651887066,-0.002609296836782349,0.0017322148302243434,-0.021875963816212485,0.0012869566186909087,0.005305947153449781,83.35428009033203,83.27310447692871,83.26887557983399,0.9997123037609511,1.000686835213746,1.000974811902513,50.37298434457593,0.00026877249220439705,83.3302993774414,2023,73.63046720870895,73.63046720870895,,,,0.0006178638921153259,83.38180206973439,0.00041295779162836484,83.36471838015659,0.00013282299612129886,83.34136829255937,-0.019863069674795078,81.69143416485073
2023-12-01,83.35269927978516,0.0002688086147668578,0.00010435675730602334,0.0027959353611246573,0.0012661081677036723,0.0007205361298770592,0.0013880171189266858,83.35601959228515,83.27837448120117,83.27810363769531,0.9999601670939156,1.0008924861832018,1.0009323562277443,51.838258294580115,-0.001610144116199538,83.35269927978516,2023,73.63046720870895,73.63046720870895,,,,0.0010179551485085107,83.43759179021244,0.00013769022551617818,83.36417692190781,0.0027688426474989356,83.58380959473294,-0.015758385297871033,82.04949053006739
2023-12-04,83.21859741210938,-0.0016088485296157362,-0.0011510780299038847,-0.0008752257793974705,0.0007226770593200538,0.0010341349628417698,0.0014162722868788088,83.33683929443359,83.2813793182373,83.28297958374023,0.9985811571050054,0.9992461471382694,1.0006659348902516,50.701639879252674,0.00238246288259494,83.21859741210938,2023,73.63046720870895,73.63046720870895,,,,0.0013343043704835006,83.32971046317151,0.0004372127843732368,83.25498960178113,0.0027688426474989356,83.44933590556678,-0.004893483268096022,82.81236335849671
2023-12-05,83.41709899902344,0.00238530320249275,0.0006309285687091659,0.0011389766717178063,0.0023346701589697094,0.0015645005005478685,0.001503557768727994,83.34735870361328,83.29109420776368,83.29075561523437,1.0008367427174045,1.0015128242996238,1.000675516348834,64.72567047436254,-0.0012138724841656869,83.41709899902344,2023,73.63046720870895,73.63046720870895,,,,0.0019125930113766218,83.57679462728886,0.00020831675919230129,83.4344779888527,0.0027688426474989356,83.64838787374822,-0.1254334834679019,73.58342737549856
2023-12-06,83.31590270996094,-0.0012131360389754375,-0.001225102725252225,-0.0003575519063576671,0.0009996813779140634,0.0016303332428845164,0.0015327200026286417,83.32691955566406,83.29525451660156,83.29109970092773,0.9998677876757971,1.000247891593335,1.0003801541786057,54.71530643944436,-0.00031578972696591706,83.31590270996094,2023,73.63046720870895,73.63046720870895,,,,0.0012123664578818176,83.41697337077441,0.0005592983213777849,83.36251418813637,0.00014065799329532151,83.32762258187321,-0.059908635349463515,78.47113141578713
2023-12-07,83.28959655761719,-0.00031573987063826525,-0.0004884516211787204,-0.0030964739426909693,0.0008639918734889562,0.0015712206649439128,0.0015340953730842914,83.31877899169922,83.2988494873047,83.29243759155274,0.9996497496190512,0.9998889188776982,1.0002392530571214,56.33732021887887,0.0007837041587064997,83.28959655761719,2023,73.63046720870895,73.63046720870895,,,,0.0009768628526359042,83.37099882345692,0.0003102007395216393,83.31543705972805,0.00014065799329532151,83.30131272909863,-0.07418207206551128,77.33460896062272
2023-12-08,83.35489654541016,0.0007840113350505717,2.63610614170684e-05,0.00013072056967811108,0.0004260661267814214,0.0016173999088556822,0.0015194511163364084,83.31921844482422,83.30062446594238,83.29567550659179,1.0004282097366235,1.0006515206796556,1.0002232153600414,52.57763936622951,0.0009017951108294456,83.35489654541016,2023,73.63046720870895,73.63046720870895,,,,0.0009458332428933805,83.43377367394558,0.00011989938058323401,83.36489134504771,0.00014065799329532151,83.36662190250284,-0.0765910328400233,77.2090224585697
2023-12-11,83.43009948730469,0.0009022018502964357,0.002541524151722152,0.0013875206292046638,0.001575083258129828,0.0013598437331782498,0.0015304278501621505,83.36151885986328,83.30718460083008,83.30358154296874,1.0008226892741325,1.0014754416088307,1.000652215763785,54.23374663976483,-0.0010385488625713646,83.43009948730469,2023,73.63046720870895,73.63046720870895,,,,0.0015460060789735796,83.55918268427452,-4.677056101755773e-05,83.42619750599556,0.00014065799329532151,83.44183542303624,-0.03231092918133956,80.77748051602418
2023-12-12,83.34349822998047,-0.0010380097573465807,-0.0008823223287089954,-0.00025195044236381303,0.0017536192066740508,0.0009902499835281154,0.0015229933685592327,83.34679870605468,83.31447944641113,83.30326354980468,0.9999604006857438,1.0003483042054893,1.0003879188810674,49.91756846951174,0.0006297907128725324,83.34349822998047,2023,73.63046720870895,73.63046720870895,,,,0.001001514676478977,83.42700977868735,0.00027099222829298435,83.36608673079539,0.00014065799329532151,83.35522198369621,0.004032115875802558,83.68022728140508
2023-12-13,83.39600372314453,0.0006299890726830792,0.0009614132545912035,-0.0002648673006592217,0.0049939484565162395,0.0008392587641941513,0.0013885641709784058,83.36281890869141,83.33519973754883,83.30658767700196,1.000398076923112,1.000729631485701,1.0003314226308877,43.5864648126253,-0.0013283137058586714,83.39600372314453,2023,73.63046720870895,73.63046720870895,,,,0.0009401659112470129,83.4744466718944,-0.0003820557068209622,83.36414788973501,0.00014065799329532151,83.40773486269701,0.07966671083993519,90.31170739940733
2023-12-14,83.2853012084961,-0.0013274318876950186,-5.1571256178717384e-05,-0.0005399976872937362,0.001191281750928308,0.0010798822798383184,0.0013277205372377076,83.3619598388672,83.34015464782715,83.30329772949219,0.9990804123305249,0.999341812604466,1.0002616408756642,47.316470883674214,0.0001356585945165836,83.2853012084961,2023,73.63046720870895,73.63046720870895,,,,0.0008550822890066595,83.35654745085299,0.0002501275234756304,83.30613576016808,0.00014065799329532151,83.29701677575986,0.009706920268695837,84.09768146324149
2023-12-15,83.29660034179688,0.00013566779655982408,-0.0006993734744967783,-0.0006730308493066994,0.0021210227610670707,0.0009964280514200502,0.001312484389181986,83.35030059814453,83.34896965026856,83.30473175048829,0.999355728102211,0.9993716861925057,1.0000159683782721,49.167908065545866,-0.003064817505164272,83.29660034179688,2023,73.63046720870895,73.63046720870895,,,,0.000598474637114222,83.34646616468603,8.561657654474401e-05,83.30373221685497,0.00014065799329532151,83.30831749848583,-0.02526929800801933,81.21812512701418
2023-12-18,83.04170227050781,-0.0030601257463463982,-0.0046553608252136724,-0.002125668385463797,-0.0029990337250919152,0.0014384234446184108,0.0014073985484373604,83.27262115478516,83.33647994995117,83.30307373046875,0.9972269530960468,0.9964628014091741,0.9992337233921523,37.39468258791844,0.0008365325979483568,83.04170227050781,2023,73.63046720870895,73.63046720870895,,,,0.0004282940462552001,83.07727615467878,0.00068336112914806,83.09846913586328,0.00014065799329532151,83.0533835712239,0.021093943199580897,84.81198469913132
2023-12-19,83.11119842529297,0.0008368825889282228,-0.0027872576700163076,-0.0036671207390471805,-0.0025323208323035917,0.0016348428213677154,0.0014203029719994642,83.22616119384766,83.32593002319337,83.29989166259766,0.998618670296628,0.9974229918845114,0.9988026676771812,38.16255664763698,-0.00023585541282049817,83.11119842529297,2023,73.63046720870895,73.63046720870895,,,,0.00026214764506691276,83.13298868624686,-0.00010613365071539493,83.10237799846908,0.00014065799329532151,83.12288950188625,-0.014240870330515715,81.93601033694011
2023-12-20,83.09159851074219,-0.00023582760111917622,-0.003650117497391081,-0.0026922135141426162,-0.003048802814425988,0.0015194669177156024,0.0014171921964200541,83.16528015136718,83.31322479248047,83.29671768188477,0.9991140336389068,0.9973398427165637,0.9982242358103196,40.28178988761951,0.0021110781617646114,83.09159851074219,2023,73.63046720870895,73.63046720870895,,,,0.00036203668026871147,83.12168616331353,0.00023052321390208694,83.11075526103212,0.00014065799329532151,83.10328683025692,-0.06404644548110622,77.93671492979236
2023-12-21,83.26719665527344,0.0021133080561515083,-0.0002173799333130555,-0.0002689399789355118,-0.0033645811559895877,0.0019102359426180718,0.0013882218251461851,83.16165924072266,83.29916954040527,83.29770156860351,1.0012690633582153,0.9996161680205428,0.9983491996325856,46.905015713804396,-0.0016297865394644649,83.26719665527344,2023,73.63046720870895,73.63046720870895,,,,0.00011057315569044936,83.27640428102184,-7.632735190076661e-05,83.26084133319807,0.00014065799329532151,83.27890967580797,-0.1546996679331783,71.33271128594139
2023-12-22,83.13159942626953,-0.0016284591585961072,-0.001980884151937534,-0.0026788722486024152,-0.002548501862630781,0.002028472115206847,0.0013284118003915235,83.12865905761718,83.28854942321777,83.29508560180665,1.000035371298968,0.998115587340215,0.9980802839440974,46.854292760707764,0.0004017098321713266,83.13159942626953,2023,73.63046720870895,73.63046720870895,,,,0.0003194246446792291,83.15815794937546,0.0005819068009156611,83.17998834690225,0.00014065799329532151,83.14329337262849,-0.0963513706614634,75.49553509996224
2023-12-25,83.16500091552734,0.0004017905283710821,0.0014847798352914943,-0.0031774931758014047,-0.0017943813839272904,0.001377745077242829,0.001332350995471409,83.1533187866211,83.28107452392578,83.29273956298829,1.0001404890276986,0.9986062426660323,0.9984659691528358,39.64863696454416,8.778945470826252e-05,83.16500091552734,2023,73.63046720870895,73.63046720870895,,,,0.0004212110850422809,83.20003831435288,-0.00031921462711389674,83.13845766749307,0.00014065799329532151,83.1766995604032,0.011875499049479793,84.15851436281864
2023-12-26,83.17230224609375,8.779330831520937e-05,0.0007352056276230812,-0.0020541012499176725,-0.0023055341605630053,0.0013447676949940198,0.0013232981952500196,83.16553955078125,83.27146453857422,83.2921955871582,1.0000813160757331,0.9988091683864341,0.9987279557483475,43.61099796334012,0.00012621250239643744,83.17230224609375,2023,73.63046720870895,73.63046720870895,,,,0.0005444542884109608,83.2175980923686,-5.8301882639917206e-05,83.16745328564245,0.00014065799329532151,83.18400191803234,-0.04388641861098256,79.6011044771208
2023-12-27,83.18280029296875,0.0001262204675294143,0.0010976053399041064,-0.002556518545943409,-0.0028207087084362037,0.001328602421474632,0.0013127329252036661,83.18377990722657,83.2596996307373,83.29056564331054,0.9999882234943049,0.9990763918425167,0.9990881576098948,45.1806814112981,0.001014074750188582,83.18280029296875,2023,73.63046720870895,73.63046720870895,,,,0.0005643446088582149,83.22975730658631,-6.7030798151843e-05,83.17722467034392,0.00014065799329532151,83.1945014416454,-0.04672628740794059,79.3853872624683
2023-12-28,83.26719665527344,0.0010145890978356942,0.0,-0.0002173799333130555,-0.0007572602359454672,0.0009831511100155783,0.0013185020444203264,83.18377990722657,83.25654449462891,83.29053756713867,1.0010028006438263,1.000127943823626,0.9991260196078995,46.10948277612688,-0.011659241502834894,83.26719665527344,2023,73.63046720870895,73.63046720870895,,,,0.0002698806994373283,83.28967189722754,-0.00012903901114344913,83.25645263177034,0.00014065799329532151,83.27890967580797,-0.05010635732606571,79.19778384170998
2023-12-29,82.302001953125,-0.011591535933944686,-0.009979327702942964,-0.011940443962786818,-0.012605438524952217,0.0053789706063831514,0.002896546920748019,83.01786041259766,83.20400962829589,83.27413162231446,0.9913770548179048,0.9891590840489478,0.9977627374386182,22.03650750423627,0.011435833697165998,82.302001953125,2023,73.63046720870895,73.63046720870895,,,,0.0011680421228995816,82.39819032330328,0.002296284633624608,82.49120792777356,0.00556027416170505,82.76089826038759,0.09344950155971334,90.3639074691421
2024-01-01,83.24859619140625,0.01150147281739744,0.0010051737504797043,0.002491446047486967,0.00036048167392577213,0.008176817199106314,0.003953891744126376,83.03457946777344,83.20550956726075,83.27590759277344,1.0025774409288828,1.0005178337873248,0.9979456877269752,48.350724599249546,-0.0005526859793974603,83.24859619140625,2024,74.71445782640136,74.71445782640136,,,,-0.0014916934845729025,83.12450737711526,-0.0010262884323859927,83.16320294666744,0.0006391187471472767,83.3018189359211,-0.23497831553774956,65.81534057623419
2024-01-02,83.20259857177734,-0.0005525332766350699,0.00036425979401122355,0.0010997332274846894,-0.0025714203660882617,0.008184567103242767,0.003915996488050666,83.04063873291015,83.19478454589844,83.27937149047851,1.0019503684140498,1.0000939244680007,0.9981471697555362,46.63124714287233,0.0006536746882675427,83.20259857177734,2024,74.71445782640136,74.71445782640136,,,,0.0006680475993523096,83.25820043829194,0.0008809139080614446,83.27592519052338,0.0023508776257989547,83.3984277942473,-0.29036892891836513,62.23450889322921
2024-01-03,83.25700378417969,0.0006538883801257,0.0008920532964697969,0.0019906377588356783,-0.0007069349771829936,0.008188396515040974,0.0039108526446075525,83.05547943115235,83.19183959960938,83.28475555419922,1.0024263823941248,1.0007833001996822,0.9983608949013111,49.497252441897345,0.0007335573296001628,83.25700378417969,2024,74.71445782640136,74.71445782640136,,,,0.0008679225040789703,83.32929577877259,0.0007194698219362542,83.31692623948153,0.0023508776257989547,83.4529610571027,-0.3238879954388961,60.222392971689324
2024-01-04,83.31809997558594,0.0007338264485787782,0.0006113250158190642,0.0006113250158190642,0.00034222062714683865,0.008182418748034683,0.003913830399556459,83.06566009521484,83.19326477050781,83.28769760131836,1.0030390402012304,1.0015005446104621,0.9984661657930486,50.375332978156635,-0.0009305955795774507,83.31809997558594,2024,74.71445782640136,74.71445782640136,,,,0.0002833919175251928,83.34171499769772,0.0006876406362372017,83.37541258984614,0.002240393518007948,83.50497456484726,-0.26451501982272035,63.953150532376135
2024-01-05,83.2406005859375,-0.0009301627097970666,0.011404323230765234,0.0013111880490719319,-0.0013711967048077867,0.005205738024807138,0.003915088976696997,83.25337982177734,83.18754997253419,83.28685958862305,0.999846501897374,1.0006377229936552,1.0007913425658634,53.70156865863217,-0.0005948327474214006,83.2406005859375,2024,74.71445782640136,74.71445782640136,,,,0.0016408647788142736,83.37729927696897,2.2603837200296177e-05,83.24248216418697,0.00012525252669995526,83.25102733445958,-0.1591542381911387,70.9929785451298
2024-01-08,83.19110107421875,-0.0005946558694953641,-0.0006906436843128194,0.0003138358492644766,-0.002864654537806266,0.0007737995082779248,0.003910004358083065,83.24188079833985,83.17560005187988,83.2824136352539,0.9993899738492921,1.0001863650196596,1.0007968772863511,51.498167523538946,-0.0016891513721925522,83.19110107421875,2024,74.71445782640136,74.71445782640136,,,,-0.00033220287583806194,83.16346934112248,5.730276361618977e-05,83.19586829080461,0.00012525252669995526,83.20152162241362,0.03293438343731096,85.97656570353193
2024-01-09,83.05069732666016,-0.0016877255589312634,-0.0018256790980649695,-0.0014620843255460647,-0.003513182306223217,0.001044905103420009,0.0039205763293145976,83.21150054931641,83.16096000671386,83.27749755859375,0.9980675360786103,0.9986741052526954,1.0006077436166978,49.26634205621289,0.0009676895403929138,83.05069732666016,2024,74.71445782640136,74.71445782640136,,,,0.0006556187280801503,83.10516477219531,0.00027199745821035915,83.07328997766814,0.00012525252669995526,83.0611002878295,0.061408413023273684,88.31055582793847
2024-01-10,83.131103515625,0.0009681579029805487,-0.0015121883184873175,-0.0006214839745918299,-0.003176413685228141,0.0011276866408727621,0.003924928743868176,83.18632049560547,83.1477149963379,83.27457565307617,0.9993362252393001,0.9998002172313019,1.0004643001827445,47.47254055156935,-0.0012699687832954884,83.131103515625,2024,74.71445782640136,74.71445782640136,,,,0.0003277815578524861,83.15835682456337,-0.00023307079584762393,83.11173034091725,0.00012525252669995526,83.14151654850342,0.09471669226459029,91.3899589670726
2024-01-11,83.02559661865234,-0.001269162714203853,-0.003510682036907964,-0.0029015031888406373,-0.0031182523935838757,0.0010181274856677586,0.003924031626694405,83.12781982421875,83.13472976684571,83.2312075805664,0.9987702888661995,0.9986872736761226,0.9999168825995304,48.009113314609955,0.000608140595857085,83.02559661865234,2024,74.71445782640136,74.71445782640136,,,,-5.333117923931674e-06,83.02515383453559,0.00020689086027031873,83.04277563279045,0.00012525252669995526,83.0359964356977,0.11130029091886096,92.80024168638616
2024-01-12,83.07610321044922,0.0006083255508402274,-0.0019761675712377524,0.009405618805786942,-0.0026471324212857805,0.0011554245882501786,0.003927257210733373,83.0949203491211,83.12370491027832,83.22778366088868,0.9997735464623732,0.9994273390499078,0.9996537141698834,48.34103114624326,-0.0024586283932903578,83.07610321044922,2024,74.71445782640136,74.71445782640136,,,,0.0005823609384062418,83.12449757800091,0.00032162394440772725,83.10282677168802,0.00012525252669995526,83.086509353969,0.06215845566857203,88.4038525444448
2024-01-15,82.87210083007812,-0.002455608441988555,-0.0038345476862486905,-0.004522543064419793,-0.00204236468897534,0.0014877495194496374,0.0039057472704538414,83.03112030029297,83.11522483825684,83.2220556640625,0.9980848208522332,0.9970748559165684,0.9989880970889805,44.78093398839147,-0.00015329544495337768,82.87210083007812,2024,74.71445782640136,74.71445782640136,,,,-0.00022098712658707526,82.85378918603477,0.0003687810657777207,82.90266812771935,0.00012525252669995526,82.88248142018404,0.1327663264113243,94.63853992359172
2024-01-16,82.8593978881836,-0.00015328369580702716,-0.0023034055659295616,-0.00412487938459849,-0.0030296824240323428,0.0014064339859744966,0.0038995843317801127,82.99286041259765,83.10263481140137,83.21478759765625,0.9983918794490206,0.9970730540160394,0.9986790503206926,44.38188695649869,0.0027671149918146705,82.8593978881836,2024,74.71445782640136,74.71445782640136,,,,-0.00013362446360875189,82.84832658530077,-8.872593477771414e-05,82.85204643678787,0.00012525252669995526,82.86977688711428,0.17520438675946107,98.72612049496945
2024-01-17,83.08899688720703,0.002770946988213341,-0.0005065087149968006,-0.0020179310969220543,-3.131030792269396e-05,0.0019788085515685073,0.0039534643796978195,82.98443908691407,83.10250473022461,83.21191360473632,1.0012599687537016,0.9998374556451526,0.9985792769580915,47.05300478191201,0.001065760294739524,83.08899688720703,2024,74.71445782640136,74.71445782640136,,,,-0.0009016031858286849,83.01411734379604,-0.0005952903941593755,83.03954952472992,0.00012525252669995526,83.09940464579354,0.12870738994136155,94.50187494019453
2024-01-18,83.17759704589844,0.0010663284190526312,0.0018307658533820437,-0.0016863434203212568,-0.0010760493084202016,0.0019081451948303597,0.003930957953768659,83.01483917236328,83.09802474975587,83.2111116027832,1.0019605877112792,1.0009575714510928,0.9989989463932134,70.39283835842325,-0.00020438229467333916,83.17759704589844,2024,74.71445782640136,74.71445782640136,,,,-0.00014381558854881287,83.1656356709619,0.0002021583494878717,83.1944137913971,0.00012525252669995526,83.18801590257371,-0.006444317945509315,82.64329761139413
2024-01-19,83.16059875488281,-0.0002043614100349922,0.0010170860351930155,-0.000961091468484665,0.000348836408939901,0.001917077962207344,0.003913654038363024,83.03173828125,83.09947471618652,83.20793563842773,1.0015519423813137,1.0007355526482575,0.9991848752935218,46.385323171037456,-0.00043174353435031335,83.16059875488281,2024,74.71445782640136,74.71445782640136,,,,-0.00030426477251110776,83.13529976321192,-0.00022794760744720253,83.14164465571561,0.00012525252669995526,83.17101548234585,0.0874969672508738,90.76471695042758
2024-01-22,83.12470245361328,-0.00043165034652214995,0.0030480900207066064,-0.0007981457120783686,-0.0004845603495513551,0.0013424556460676037,0.003913864853629389,83.08225860595704,83.09745979309082,83.20445175170899,1.000510865356436,1.0003278398712825,0.9998170679684838,46.77347996460624,-0.0003561795957581835,83.12470245361328,2024,74.71445782640136,74.71445782640136,,,,-0.00015888518523057133,83.111496219032,-0.0003578937553196155,83.09495796469324,0.00012525252669995526,83.1351146846923,0.06693924763255585,88.87946865609602
2024-01-23,83.09510040283203,-0.00035611617133635143,0.0028446081030726322,0.0005346502510055196,-0.000928215778292274,0.001373966430443524,0.00391449820478782,83.12939910888672,83.09359970092774,83.20240173339843,0.9995874058224605,1.0000180603790148,1.000430832315459,43.15314675838393,0.0015187551808201524,83.09510040283203,2024,74.71445782640136,74.71445782640136,,,,0.0006806631316968369,83.15167942754452,-0.00038821674749578666,83.06284775413506,0.00012525252669995526,83.10550892594718,0.06873537432891064,89.00754257699593
2024-01-24,83.22139739990234,0.001519909073556036,0.0015934782902127242,0.0010861624645746026,0.00046400345741726134,0.0009074479548912012,0.003929971425500855,83.15587921142578,83.09552955627441,83.20719772338867,1.0007878960465317,1.0015147366446795,1.000726268374167,46.12420878818457,-0.0014886402436712564,83.22139739990234,2024,74.71445782640136,74.71445782640136,,,,-0.00019824039747400556,83.20490119216485,-0.0006555155887058941,83.16686235283237,0.00012525252669995526,83.23182174302622,0.06132693439506398,88.48485694829073
2024-01-25,83.09760284423828,-0.0014875327683959716,-0.0009617277307977234,0.000867277424294377,-0.002036742172758288,0.0010832309343478874,0.003936816483140895,83.13988037109375,83.08704986572266,83.20542572021485,0.9994914892026935,1.0001270111110296,1.0006358452425073,44.47379749149384,0.0005834814881259549,83.09760284423828,2024,74.71445782640136,74.71445782640136,,,,0.0003747761823685863,83.1287516831531,6.67906296373885e-05,83.10315317080645,0.00012525252669995526,83.10801168081016,0.060946326679542445,88.31961130068066
2024-01-26,83.14610290527344,0.0005836517465620528,-0.0001743115108165938,0.0008425972345729171,0.010256141188754953,0.0011369662065320969,0.00285933416043098,83.13698120117188,83.12925491333007,83.20594177246093,1.0001097189718675,1.000202672235676,1.000092943066191,48.25968415834573,-0.0002983526705766702,83.14610290527344,2024,74.71445782640136,74.71445782640136,,,,-9.166529942145041e-05,83.13848164216292,-0.00034214701487347225,83.11765958054283,0.00012525252669995526,83.15651781698097,0.11579035384967046,93.35315716491876
2024-01-29,83.12129974365234,-0.00029830816784459646,-4.093500320001553e-05,0.0030070302439320074,-0.0015291122442619987,0.0011268360934166628,0.0012208274141791635,83.13630065917968,83.12289009094238,83.20253784179687,0.9998195623884104,0.9999808675168983,1.0001613342392526,52.998703823720035,0.00038249203753219036,83.12129974365234,2024,74.71445782640136,74.71445782640136,,,,0.0005629483457700645,83.16810591533364,0.0004426046046343109,83.15809775654633,0.00012525252669995526,83.13171154850664,-0.07706975474739067,76.95579983162716
2024-01-30,83.1530990600586,0.000382565196938911,0.0006979792664716378,0.0035445728470213655,-0.0005949274730410181,0.0011181223931465486,0.001219514177162218,83.147900390625,83.12041511535645,83.19915588378906,1.0000625231594444,1.0003932120004067,1.0003306681665436,50.97445396102184,-0.0005220169096733307,83.1530990600586,2024,74.71445782640136,74.71445782640136,,,,0.0009967186913061256,83.23602062600428,0.00021161252472988234,83.17069715921323,0.00012525252669995526,83.16351484810707,-0.06702833413182131,77.7621758622919
2024-01-31,83.10970306396484,-0.0005218806825516564,-0.0013421348286279944,0.0002492047988726931,-0.0017692291761625123,0.0008217632687220254,0.0012131828752888585,83.1255615234375,83.1130500793457,83.19443588256836,0.9998092228289107,0.9999597293640691,1.0001505352538482,53.94311385812803,-0.000675318432692519,83.10970306396484,2024,74.71445782640136,74.71445782640136,,,,-0.000696239175711657,83.05185897180813,0.00043612711913764703,83.1459573645017,0.00012525252669995526,83.12011341621475,-0.06713067535449456,77.71363956899474
2024-02-01,83.05359649658203,-0.0006750904565214766,-0.0005295742133348824,-0.0014907926379260639,-0.0031746220698912753,0.0005585961037740635,0.0012038299613108168,83.11676025390625,83.09982490539551,83.18454177856445,0.9992400599213532,0.9994437002861787,1.0002037952369938,48.95034229515663,-0.0015182379665709467,83.05359649658203,2024,74.71445782640136,74.71445782640136,,,,-0.0006244154195418258,83.00175273798676,0.00019944255640579395,83.07016257012113,0.00012525252669995526,83.06399982090248,-0.030980583461520182,80.51999646398062
2024-02-02,82.92759704589844,-0.0015170860263562513,-0.0026279747545586707,-0.002801828179125443,-0.003760226834450986,0.0006858991770242116,0.001230495165919897,83.07305908203125,83.08417472839355,83.17621368408203,0.9982489866421174,0.998115433137454,0.9998662122311663,52.7912938034352,0.0008642487308213996,82.92759704589844,2024,74.71445782640136,74.71445782640136,,,,-0.0010595612455622128,82.8397767116085,0.0005971562870312741,82.97713257059578,0.00011878617124239194,82.93744828272561,-0.07436936376819667,76.98407163591224
2024-02-05,82.99929809570312,0.0008646223013673016,-0.0014677543340332333,-0.0015086292547048519,-0.0023055708608125114,0.0009345109834209054,0.0012482268608893408,83.04865875244141,83.07458457946777,83.16990966796875,0.9994056417348602,0.9990937482968377,0.9996879210752893,56.6423484579551,0.0012570591802468687,82.99929809570312,2024,74.71445782640136,74.71445782640136,,,,-0.0006433664106486774,82.94591630906649,0.0002698355853363105,83.02169728180013,0.00011878617124239194,83.00915785012936,-0.11898678751425001,73.68839790760714
2024-02-06,83.10369873046875,0.0012578496103092807,-0.0005940888571592806,0.0001034757476077175,0.0006381813219475951,0.0011499368815675478,0.0012264366782750726,83.03877868652344,83.07723464965821,83.16469360351563,1.0007818039351275,1.0003185479261816,0.9995371058834958,50.792215160210816,-0.00039833251815283514,83.10369873046875,2024,74.71445782640136,74.71445782640136,,,,-0.0007152307348305082,83.04428166194835,-2.087091385905666e-05,83.10196429843083,0.00011878617124239194,83.11357088698324,-0.06873192459705764,77.58369473104969
2024-02-07,83.07060241699219,-0.0003982531942881007,-0.0004704703004722033,-0.0018119736945240161,-0.0007277793277631339,0.0011403796752323867,0.001209520157396528,83.03095855712891,83.07420959472657,83.15774368286132,1.0004774587762466,0.9999565788497781,0.9994793686535369,43.86773476990887,-0.0006984289491918902,83.07060241699219,2024,74.71445782640136,74.71445782640136,,,,-0.0008320443876803929,83.00151273529674,5.081328451691776e-06,83.07102452708018,0.00011878617124239194,83.08047064188882,-0.0065308266585081265,82.52985041298851
2024-02-08,83.01260375976562,-0.0006981851044660647,-0.0004935696772395692,-0.001022882508800893,-0.00015649220741398295,0.001143366622069766,0.0011853714586704334,83.02276000976562,83.07355995178223,83.15138977050782,0.9998776690873827,0.999266238354875,0.9993884944614617,41.89859672569329,-0.0003289873300610591,83.01260375976562,2024,74.71445782640136,74.71445782640136,,,,-0.0005556685608752946,82.9664890791256,4.612805918036397e-05,83.01643305838294,0.00011878617124239194,83.02246509481462,0.002778995571568188,83.24361626068463
2024-02-09,82.98529815673828,-0.0003289332196634298,0.0006958010709983142,-0.0019340022312093197,-0.0010930345815680642,0.0008641227754748058,0.0011782636918465622,83.0343002319336,83.06901969909669,83.14404174804687,0.9994098574317066,0.9989921448132929,0.999582040726027,42.29640622628464,0.00035187177670306023,82.98529815673828,2024,74.71445782640136,74.71445782640136,,,,-0.0004067873781947457,82.95154764997788,-0.0001252973534093387,82.97490096989095,0.00011878617124239194,82.99515624806659,0.009171074197616744,83.7498630653316
2024-02-12,83.0145034790039,0.00035193369083841297,0.000183198938420448,-0.001284824286648556,0.0017183424517952517,0.00078318365241446,0.0010357011997029152,83.03734130859375,83.07613983154297,83.13995986938477,0.9997249691617055,0.9992580739468149,0.9995329763392005,45.54419530630494,-0.0002928501565700098,83.0145034790039,2024,74.71445782640136,74.71445782640136,,,,-0.0007542931558520447,82.95190981714637,-0.00014673558897047124,83.00232319060558,0.00011878617124239194,83.02436503972669,-0.016456255973931994,81.65957466493286
2024-02-13,82.99019622802734,-0.000292807280148466,-0.0013657936310336183,-0.001959071085415487,0.001578557691431115,0.0003842308541208472,0.001037867927776113,83.01464080810547,83.08267974853516,83.13142181396485,0.9997055389285532,0.9988868495721643,0.9991810695004588,35.593397607773795,0.001016518862186775,82.99019622802734,2024,74.71445782640136,74.71445782640136,,,,-0.0009623323352795884,82.91037049428874,-0.0002946714487898324,82.96574498938736,0.00011878617124239194,83.00005490121335,0.06816630678115687,88.84460121741668
2024-02-14,83.07460021972656,0.001017035692593149,4.812536105491816e-05,-0.00042236758097025096,-0.00017326803812556246,0.0006780732760374619,0.0008567712451690091,83.01544036865235,83.08195991516114,83.12659576416016,1.0007126367192838,0.9999114164441705,0.9991993502972641,48.49266580676126,-0.0003792704889301371,83.07460021972656,2024,74.71445782640136,74.71445782640136,,,,-0.0013497549200235652,82.9625455095613,-0.00010445335758334007,83.06592325198082,0.00011878617124239194,83.08446891953508,-0.05085789151380984,78.9552400642512
2024-02-15,83.04309844970703,-0.0003791985749701521,0.0003673501198644402,-0.00012640087025528324,-0.0016170050706945105,0.0006059815151272376,0.0008215934384181871,83.02153930664062,83.07523498535156,83.12166580200196,1.0002596813218168,0.9996131634698332,0.9993536499930405,43.09644825787714,-0.00040349446413357533,83.04309844970703,2024,74.71445782640136,74.71445782640136,,,,-0.0009482029674749951,82.96439405709486,-8.18614746428886e-06,83.0424186494397,0.00011878617124239194,83.05296340731864,-0.017340304134502146,81.61551896844362
2024-02-16,83.00959777832031,-0.0004034130711898509,0.0002928183921944161,0.0009888232065435876,-0.0018157754853062036,0.0006191232343309739,0.0008243725958745039,83.02639923095703,83.06768493652343,83.11475982666016,0.999797637223915,0.9993007249660621,0.9995029871652501,42.599799844323364,7.710933910510512e-05,83.00959777832031,2024,74.71445782640136,74.71445782640136,,,,-0.0009482029674749951,82.93092513608889,4.662357322276745e-05,83.0134680726033,0.00011878617124239194,83.01945875627908,-0.02602109431814146,80.87745781690614
2024-02-19,83.01599884033203,7.711231210660863e-05,1.8013253894944015e-05,0.00020121549232432479,-0.001307717321958668,0.0005984370312708393,0.0008211361474828514,83.02669830322266,83.06224975585937,83.1064778137207,0.9998711322609559,0.9994431776689979,0.9995719902513933,40.60087453187439,6.028635468900948e-05,83.01599884033203,2024,74.71445782640136,74.71445782640136,,,,-0.0010990205601182667,82.92481266770525,-0.00012204347606363644,83.00586789748498,0.00011878617124239194,83.02586057869361,-0.003819775479523488,82.69950122329834
2024-02-20,83.02100372314453,6.028817194780878e-05,0.00037121848745291786,-0.0009950821514265185,-0.0008917093706883872,0.0005750707655008437,0.0008186443943345571,83.0328598022461,83.058544921875,83.10002792358398,0.9998572122033398,0.9995480152130551,0.9996907588538535,43.581192994854355,-0.002314164901566862,83.02100372314453,2024,74.71445782640136,74.71445782640136,,,,-0.0007344075548297339,82.96005485419504,-0.00012027166041193903,83.01101924961432,0.00011878617124239194,83.03086605605229,-0.0150077727883286,81.78434631061698
2024-02-21,82.8291015625,-0.002311489286307311,-0.0029551590567662434,-0.002907175913807847,-0.004713881882050686,0.0009887721994986285,0.0008793812956432709,82.98376007080078,83.03893013000489,83.08868988037109,0.9981362798194631,0.9974731301670628,0.9993356121144898,36.42269820322811,0.0013186990294997004,82.8291015625,2024,74.71445782640136,74.71445782640136,,,,-0.0005810631051021483,82.78098660781953,0.0003939336451418064,82.86173716011025,0.00011878617124239194,82.8389410987309,0.012709895730314932,83.88856940742178
2024-02-22,82.93840026855469,0.001319568895386647,-0.0012607692042675422,-0.0008938822281213676,-0.001915850400426189,0.0013172024135730573,0.0008930013978506908,82.96282043457032,83.03097000122071,83.08175186157227,0.9997056492789455,0.9988851180148244,0.9991792271407959,50.66684248201032,-0.0007973077483488573,82.93840026855469,2024,74.71445782640136,74.71445782640136,,,,-0.0002472109264765849,82.91789952389226,0.00012675191199196565,82.94891353564056,0.00011878617124239194,82.94825278873154,-0.12598272339360483,73.12098831684528
2024-02-23,82.87229919433594,-0.0007969899829839422,-0.0016540085443015329,-0.0013616744762297017,-0.0032930432259637987,0.0013401046425990664,0.0008910995144409114,82.93536071777343,83.01727981567383,83.07326583862304,0.9992396304436163,0.9982536091081303,0.9990132283533948,42.10626149964909,0.00011461069589939021,82.87229919433594,2024,74.71445782640136,74.71445782640136,,,,-0.0002724403927708996,82.84972450786145,0.000285188344692471,82.89593677858558,0.00011878617124239194,82.8821438621529,-0.05640724692945827,78.32709720347454
2024-02-26,82.88179779052734,0.00011461726395611826,-0.0016165685130501428,-0.0015985843788143272,-0.002881354765428723,0.001343056887873437,0.0008926192156200844,82.9085205078125,83.00530471801758,83.07006774902344,0.9996776843064925,0.9985120598266604,0.9988339996999724,34.362735083172936,-0.000359617847770595,82.88179779052734,2024,74.71445782640136,74.71445782640136,,,,-0.00019223738578189113,82.86586634175029,-0.00011380971446858768,82.8723655735353,0.00011878617124239194,82.8916435867132,0.0004956932819983051,82.92289192509382
2024-02-27,82.85199737548828,-0.0003595531930229434,-0.002035705906662466,-0.0016652431108771237,-0.003621051866663838,0.001326136049049014,0.0008849750424067689,82.87471923828124,82.99024963378906,83.06488372802734,0.9997258287810589,0.9983341144422285,0.9986079039885093,34.523102185444046,0.0011604213993054529,82.85199737548828,2024,74.71445782640136,74.71445782640136,,,,-0.00019223738578189113,82.8360716549145,1.2956010478656438e-05,82.8530708137882,0.00011878617124239194,82.86183963158668,-0.00939772592754419,82.07702420793545
2024-02-28,82.94819641113281,0.0011610949487259603,0.0014378382281854396,-0.0015215698692431223,-0.0019432947884283625,0.0009291150131959126,0.0009297370784362997,82.8985382080078,82.98217430114747,83.06201568603515,1.0005990238694005,0.9995905398924431,0.9989921197673595,45.67405251398938,-0.0004376342521174118,82.94819641113281,2024,74.71445782640136,74.71445782640136,,,,-0.0007360684516640932,82.88716332565214,-0.0002659200070396495,82.92614175867587,0.00011878617124239194,82.95805009502506,-0.055264242135033066,78.48849324520708
2024-02-29,82.91190338134766,-0.0004375385042161284,-0.00031947670947640727,-0.001579843127347047,-0.0017060443040561868,0.0007577793623216086,0.0009234572288419301,82.8932388305664,82.97508964538574,83.05490982055665,1.0002251637292083,0.9992384911627318,0.9990135495463862,45.12921257290991,-1.8127726952435708e-05,82.91190338134766,2024,74.71445782640136,74.71445782640136,,,,-0.0011250015898649729,82.81867980639213,7.157033507673161e-05,82.91783762640993,0.00011878617124239194,82.92175275387379,-0.02852995427040147,80.57985536142736
2024-03-01,82.910400390625,-1.8127562646186313e-05,0.0004597579246561345,-0.001195011063181206,-0.00020736951130895243,0.0006402958095775485,0.0008597382796866319,82.90085906982422,82.97422981262207,83.05048583984374,1.0001150931474998,0.999230731973756,0.999115740598454,42.82755648069301,-0.0007758433634886103,82.910400390625,2024,74.71445782640136,74.71445782640136,,,,-0.0006172538995676325,82.85923941394972,-0.00013720602454686824,82.89902536457271,0.00011878617124239194,82.92024958460601,-0.01769962784615932,81.45582782909997
2024-03-04,82.84609985351562,-0.0007755424748454587,-0.00043070900925601396,-0.0020465812516835546,-0.0018457775632132467,0.0007472837397299105,0.0008500889217714614,82.89371948242187,82.9665699005127,83.04410781860352,0.9994255339342525,0.9985479688127215,0.9991219304573133,40.59065591901398,0.0007770396195568556,82.84609985351562,2024,74.71445782640136,74.71445782640136,,,,-0.00016273789096818878,82.83261875092337,1.280016176356775e-05,82.84716030378218,0.00011527684331613796,82.85565064086953,-0.011852821482680229,81.86993639537549
2024-03-05,82.9104995727539,0.0007773415930520944,0.000706104851045275,-0.0013310384774330997,-0.0023247961362279357,0.0008132653049462248,0.0008160386746604915,82.905419921875,82.95690994262695,83.03887176513672,1.000061270431821,0.9994405484738386,0.9993793160715898,38.99694089481385,-0.00030997019178001257,82.9104995727539,2024,74.71445782640136,74.71445782640136,,,,2.3339238537533033e-05,82.91243466326239,-0.00033867887618526716,82.8824242924552,0.00011527684331613796,82.92005778433206,-0.008384631200406376,82.21823187152619
2024-03-06,82.88480377197266,-0.0003099221559834664,-0.0007642437316653927,0.0006724956376669144,-0.002236635339260884,0.0005867008644260708,0.0008146688460933575,82.89274139404297,82.94762001037597,83.0329118347168,0.9999042422540644,0.9992426999304446,0.9993383943225118,39.3029490616622,-0.0007930332101831843,82.88480377197266,2024,74.71445782640136,74.71445782640136,,,,-0.00021656494858587934,82.8668557722292,-3.7659340196033073e-06,82.88449163385816,0.00011527684331613796,82.89435902124927,-0.007092413789373669,82.29903017661287
2024-03-07,82.81909942626953,-0.000792718842453799,-0.0011193079798359484,-0.001438427096482009,-0.0023310235401853285,0.0006480916359276446,0.0008185162608742707,82.87418060302734,82.93794479370118,83.02394989013672,0.9993353638448427,0.9985670567587941,0.9992311819296651,37.66365945000543,-0.0008069386839179155,82.81909942626953,2024,74.71445782640136,74.71445782640136,,,,9.098139207475249e-06,82.81985292939288,-1.8662550476536768e-06,82.8189448648514,0.00011527684331613796,82.82864710092,0.009389524771281604,83.60039366255373
2024-03-08,82.7522964477539,-0.0008066131964534762,-0.0019069253329643265,-0.0014480441323417859,-0.002807746843836001,0.000680648378993828,0.0008319052237357029,82.84255981445312,82.92629470825196,83.0329557800293,0.9989104227718049,0.9979017721567061,0.9989902491834053,34.16209974522994,-2.3970875018032407e-06,82.7522964477539,2024,74.71445782640136,74.71445782640136,,,,0.00010992174570898137,82.76139322459852,-1.3662837558491697e-05,82.75116582429374,0.00011527684331613796,82.761836421124,0.022226649653101435,84.61219584610541
2024-03-11,82.7520980834961,-2.3970846287912906e-06,-0.0011346553451005992,-0.0015648756480771686,-0.0031609584411256275,0.0006561276095364038,0.0008246129436419078,82.82375946044922,82.91317443847656,83.02302581787109,0.9991347727099088,0.9980572887714004,0.9989215829856607,33.755807093872136,0.00031655021373826257,82.7520980834961,2024,74.71445782640136,74.71445782640136,,,,5.406685313927562e-06,82.75254549925901,-0.00021036735540602813,82.73469157441279,0.00011527684331613796,82.76163803399807,0.02088973724597079,84.49894978153968
2024-03-12,82.7782974243164,0.00031660032104419145,-0.001594516365463372,-0.0008895374101588471,-0.002553299224991812,0.0004915495274935403,0.0008306054116346025,82.79731903076171,82.90257949829102,83.01453979492187,0.9997702630149384,0.99850086601977,0.9987303113103799,46.162800078369,0.0006859450502219235,82.7782974243164,2024,74.71445782640136,74.71445782640136,,,,-0.00024782731526054076,82.7577852429483,0.00010065176550485798,82.78662962541598,0.00011527684331613796,82.78784039516978,-0.07387838035698865,76.88321162250915
2024-03-13,82.83509826660156,0.0006861803643289921,-0.000599693829375969,-0.0013634792487913217,-0.0028829744890921383,0.0006667767930966079,0.0008096408334733558,82.7873779296875,82.89060440063477,83.00610168457031,1.0005764204412246,0.999330368810379,0.9987546662050097,41.52563589024634,-4.826334841730236e-05,82.83509826660156,2024,74.71445782640136,74.71445782640136,,,,-0.0004442616265394669,82.79830598441579,-0.00016992662367426893,82.82102357389776,0.00011527684331613796,82.84464778565415,-0.045444424991745655,79.15495908998071
2024-03-14,82.83110046386719,-4.8262183760638955e-05,0.00014490664207644777,-0.0009745635329202473,-0.002552867002767689,0.0005522238133936308,0.0008079617593825089,82.78977813720704,82.88000450134277,82.99636169433593,1.0004991235342082,0.9994099416648223,0.9989113614957119,46.23682890115404,0.0016224523899640469,82.83110046386719,2024,74.71445782640136,74.71445782640136,,,,-0.0008843586238648624,82.75788044699648,2.7560341995021536e-05,82.8333833487822,0.00011527684331613796,82.84064952203913,-0.03314357836045345,80.13077776031444
2024-03-15,82.9655990600586,0.0016237692779426105,0.0025776035404572184,0.0006657629100033091,-0.0005300437472208763,0.0006861119321255305,0.0008940898526089704,82.83243865966797,82.87780456542968,82.99086166381836,1.0016075875894193,1.0010593245693375,0.9994526169461222,56.231561748286666,-0.0009248866780791313,82.9655990600586,2024,74.71445782640136,74.71445782640136,,,,-0.0005099220517822744,82.9233038561036,-0.00013695797066355195,82.95423703805395,0.00011527684331613796,82.97516362369782,-0.040918085310794335,79.63932212455107
2024-03-18,82.88890075683594,-0.0009244591022253834,0.0016531625965763297,0.0005166314816991147,-0.0015310070982889057,0.0009377672865565765,0.0009157889159591295,82.85979919433593,82.87144966125489,82.9848176574707,1.0003512144946398,1.0002105803102563,0.9998594151910389,52.565258435070376,-0.00030526323391137807,82.88890075683594,2024,74.71445782640136,74.71445782640136,,,,-0.0003477601531975053,82.86008031160205,0.00030479277905491207,82.91416854577461,0.00011527684331613796,82.89845647842726,-0.016349488143158286,81.54472786802977
2024-03-19,82.86360168457031,-0.00030521664583105235,0.0010305147956430893,-0.0005656447425267386,-0.0018959303250429826,0.0009803789569904108,0.0009165683069616241,82.87686004638672,82.86357955932617,82.98107574462891,0.9998400233574367,1.0000002670080663,1.0001602692899725,43.476572611959625,0.002155376321115728,82.86360168457031,2024,74.71445782640136,74.71445782640136,,,,-0.0003154830904749567,82.83746374267912,-4.30479956885114e-05,82.86003464937967,0.00011527684331613796,82.87315448959635,-0.008191175081055102,82.18762372182431
2024-03-20,83.04239654541016,0.0021577008144111343,0.002502541593436769,0.0019013470053095283,0.0025751212905431586,0.0013218241077856197,0.0008920816201510552,82.91831970214844,82.87424430847167,82.9793016052246,1.0014963743079626,1.0020290047691125,1.0005318346374623,58.249729896588974,0.00014698677595634645,83.04239654541016,2024,74.71445782640136,74.71445782640136,,,,0.0005331489733806741,83.08668231828358,-0.00012753075228594092,83.03180676138301,0.00011527684331613796,83.05196996253137,-0.06397010769891212,77.89651160378482
2024-03-21,83.05460357666016,0.00014699757904179656,0.0026982994496187462,0.002843597093207695,0.0014010796896155586,0.001304319173383954,0.0008471143387356341,82.96302032470703,82.88005447387695,82.97988174438477,1.001103904505823,1.0021060447400916,1.001001035187015,58.99473669182522,0.0020687501327315973,83.05460357666016,2024,74.71445782640136,74.71445782640136,,,,0.0014476909578736107,83.17492805057955,0.0002681626811456238,83.0768787083828,0.00011527684331613796,83.06417840105051,-0.026879677590872966,80.85185975699571
2024-03-22,83.22660064697266,0.0020708914726652594,0.003145901311760735,0.005731613738577002,0.004275269976592222,0.0014083944129084944,0.0009311315359709698,83.01522064208984,82.89776954650878,82.98289169311523,1.002546280106803,1.0039667062487054,1.0014168185250771,70.92286651619779,0.004399915135837661,83.22660064697266,2024,74.71445782640136,74.71445782640136,,,,0.00071741762360095,83.28633030002023,0.0002666927360130268,83.24879953681803,0.00011527684331613796,83.2361952997852,-0.049827998915704004,79.18120951926767
2024-03-25,83.59359741210938,0.004409608974580426,0.008501701058151845,0.010168918348924638,0.008588129608156025,0.0018789399597146648,0.0013208099173714603,83.15615997314453,82.9333595275879,82.99732162475586,1.0052604333714559,1.0079610652249273,1.0026864997007932,78.18313450218767,-0.0021100518941793225,83.59359741210938,2024,74.71445782640136,74.71445782640136,,,,0.0005780961759761749,83.6419365220905,-0.0002718716553343378,83.57087377150245,0.00011527684331613796,83.60323437358906,0.029978015966927146,86.13750779215778
2024-03-26,83.41739654541016,-0.0021078272996263303,0.006683210113747284,0.007720612056294929,0.006824206872882765,0.002446221662000279,0.0014291203438230096,83.2669189453125,82.96162948608398,83.00848159790038,1.0018071714674166,1.0054937091056368,1.0036798874506163,69.54617745223216,-0.0008622951656973643,83.41739654541016,2024,74.71445782640136,74.71445782640136,,,,0.000491347295849293,83.45839352868317,0.0007394574167397448,83.47910296979562,0.00011527684331613796,83.42701319383934,0.15071860597060155,96.98685804521797
2024-03-27,83.34549713134766,-0.0008619234960582922,0.003649949887606585,0.00616162563245104,0.004789745134970991,0.0025624634712524364,0.0014395808758961026,83.3275390625,82.98149452209472,83.0136116027832,1.0002155118109775,1.0043865516203256,1.0041701410946886,69.23136957588191,0.00023394726902333754,83.34549713134766,2024,74.71445782640136,74.71445782640136,,,,0.0005411964052024443,83.39061562266636,0.0007466684136522091,83.40775182038841,0.00011527684331613796,83.35510549096162,0.018535314794849128,84.90473802729642
2024-03-28,83.36499786376953,0.00023397463681984476,0.003737231577089828,0.006445615196616128,0.005464770002178154,0.0025577941165114216,0.0014307524367277802,83.38961791992188,83.00414924621582,83.01735961914062,0.9997047587365614,1.004347356377129,1.0046439687317634,73.18574464153733,0.000335814520810956,83.36499786376953,2024,74.71445782640136,74.71445782640136,,,,0.0008811624238335673,83.4384883411185,0.0006718198647040625,83.42102294262867,0.00011527684331613796,83.37460847149595,-0.03465510513802756,80.52546149268257
2024-03-29,83.39299774169922,0.0003358709128193915,0.0019993258577553075,0.005151516851354732,0.0058207094502078505,0.0024489932080480883,0.0014291435413095839,83.42289733886719,83.02827911376953,83.02200759887695,0.9996415900415624,1.0043927036887026,1.0047528171041211,73.7530255389418,-0.0003381939905991739,83.39299774169922,2024,74.71445782640136,74.71445782640136,,,,0.0007569881615696986,83.45614915316727,0.0007047409436443518,83.4517889154614,0.00011527684331613796,83.40261157734922,-0.01983072629814457,81.75554364177759
2024-04-01,83.36479949951172,-0.000338136809457823,-0.002737026754210614,0.005741404920688753,0.006261002592919063,0.0009960375345876079,0.0014152390677602327,83.37713775634765,83.05421409606933,83.02680953979493,0.9998520187047919,1.0037395502061235,1.003888106868422,71.70478287876222,0.0005384394909703212,83.36479949951172,2024,74.71445782640136,74.71445782640136,,,,9.258378957370951e-06,83.36557132599012,0.0009010387915227424,83.43994826860208,0.00011527684331613796,83.37441008437,-0.024657057684036157,81.33440349252983
2024-04-02,83.40969848632812,0.0005385844755336766,-9.228361709712196e-05,0.006590309745847067,0.006020937229261003,0.0005729738282310517,0.0014121202906428605,83.37559814453125,83.07917404174805,83.03310150146484,1.0004089966675593,1.0039784271857828,1.0035679712298806,71.45331282401868,-0.0007123391481946006,83.40969848632812,2024,74.71445782640136,74.71445782640136,,,,-7.588226802879542e-05,83.40336940936677,0.0005607242124474497,83.45648143876367,0.000119584263994025,83.41967357015122,-0.006079953559367246,82.90410992806527
2024-04-03,83.35030364990234,-0.0007120854948962085,5.766980485000239e-05,0.003707830184354277,0.005616227061481016,0.0005192184666009544,0.0014240921175565052,83.37655944824219,83.10244903564453,83.03567962646484,0.9996850937659986,1.0029825187721184,1.0032984637129057,68.61497557319561,0.00027584571046301815,83.35030364990234,2024,74.71445782640136,74.71445782640136,,,,-9.681456847542716e-05,83.3422345168333,0.0005926097690736471,83.39971249273603,0.000119584263994025,83.36027163061294,0.00873126455231557,84.08124357291196
2024-04-04,83.37329864501953,0.0002758837593894725,9.957154036710492e-05,0.0038371752393617786,0.0066916837129264994,0.0005240209760935733,0.0014015542070532994,83.37821960449219,83.13015899658203,83.04119354248047,0.999940980276432,1.0029248067292582,1.002984002567833,65.88752259537627,0.0012526118481704731,83.37329864501953,2024,74.71445782640136,74.71445782640136,,,,-0.00019018836430732223,83.35744352150112,0.00034235285367996784,83.40184661819258,0.000119584263994025,83.38326937573412,-0.002363498365844402,83.17647867337936
2024-04-05,83.47779846191406,0.0012533966940597718,0.0010168805836372474,0.003018239517037724,0.008767152638696984,0.0007667253925493434,0.0013889215122896436,83.39517974853516,83.16643409729004,83.04782745361328,1.0009906893135554,1.0037438705651343,1.0027504564038123,72.4618787102782,-0.0021705922844072606,83.47779846191406,2024,74.71445782640136,74.71445782640136,,,,0.000132204597541353,83.48883534021031,0.00024316717696846194,83.49809999073827,0.000119584263994025,83.48778168990957,-0.009608675572717579,82.67952867844149
2024-04-08,83.29679870605469,-0.0021682382524972343,-0.0008157015174903304,-0.003550495674824128,0.0065823179734849635,0.001324150044742989,0.0015046347962568254,83.38157958984375,83.19366912841797,83.05133743286133,0.9989832180655955,1.0012396325191226,1.0022587110701384,64.76892024054769,-0.0003265819753671277,83.29679870605469,2024,74.71445782640136,74.71445782640136,,,,0.00014678192971354561,83.30902606826368,0.000629712340948953,83.34926824678625,0.000119584263994025,83.30676028803336,0.02116363311966339,85.07844818236808
2024-04-09,83.26959991455078,-0.000326528653278646,-0.001679643666381403,-0.001771772279885564,0.005935160609984447,0.0012648329362803527,0.001511772882673642,83.35355987548829,83.21823425292969,83.05366744995118,0.9989927249530444,1.0006172404651723,1.001626153495967,58.63899557896935,-0.0005442042837755838,83.26959991455078,2024,74.71445782640136,74.71445782640136,,,,0.0004282317539047294,83.30526623755011,0.00031286176391088154,83.29565586420284,0.000119584263994025,83.2795582437875,-0.0021145453900828504,83.09370859654385
2024-04-10,83.22429656982422,-0.0005440562314824593,-0.0015117770969065303,-0.0014541944759467462,0.004698470954546785,0.001254516496757329,0.0015201099358035151,83.32835845947265,83.23769416809083,83.05595932006835,0.9987511827717206,0.9998390440965418,1.001089221563475,56.293860642006614,0.0022612067701948467,83.22429656982422,2024,74.71445782640136,74.71445782640136,,,,0.0008971848994310983,83.29899765730545,0.0003359653967783291,83.25226175104646,0.000119584263994025,83.23424948116987,-0.009725626990419955,82.41881137818682
2024-04-11,83.4126968383789,0.0022637652262595953,0.00047255169220439264,0.0005721702852714561,0.007021473471373607,0.001714187120623407,0.0015839661792623773,83.33623809814453,83.2667739868164,83.0631413269043,1.0009174729022965,1.0017524739409935,1.000834235650094,56.819274683247045,-0.0007603683586837327,83.4126968383789,2024,74.71445782640136,74.71445782640136,,,,0.0011754799509350173,83.51080444162947,-0.00020296068805566946,83.3957690579311,0.000119584263994025,83.42267228077917,-0.034636572306696714,80.5730290014758
2024-04-12,83.34929656982422,-0.0007600793519184634,-0.001539354109206359,-0.0005240388648739547,0.00462477839143749,0.001607396933060886,0.0015728103796631447,83.31053771972657,83.28595886230468,83.07157531738281,1.0004652334645594,1.0007604848210279,1.0002951140595322,38.48604488935873,0.0031361076576016853,83.34929656982422,2024,74.71445782640136,74.71445782640136,,,,-3.652928487715332e-05,83.346251935235,-6.944165540897205e-05,83.34350885764972,0.000119584263994025,83.35926443009667,0.09825922689893857,91.9550064032839
2024-04-15,83.61109924316406,0.00314103038794733,0.003773260701392722,0.0029544813294224426,0.00871284912375403,0.0018112309441580424,0.0016748971724600996,83.37339782714844,83.32206878662109,83.08381134033203,1.0028510462834732,1.0034688343766782,1.0006160317581503,58.44762532191412,-0.0012578312508841713,83.61109924316406,2024,74.71445782640136,74.71445782640136,,,,0.001016136134922441,83.69610268260476,-0.0004993804926440052,83.5693559150029,0.000119584263994025,83.62109841278854,-0.00363632963345098,83.30761384618475
2024-04-16,83.50599670410156,-0.001257040512729457,0.0028389326932440895,0.0011545206315453083,0.007752439025962232,0.0019891794262825962,0.0017101932189009068,83.4206771850586,83.35418853759765,83.09185729980469,1.0010227622445895,1.0018212422095074,1.0007976641441474,56.802586903799515,0.001932204602053301,83.50599670410156,2024,74.71445782640136,74.71445782640136,,,,0.0005609566079962156,83.5528530857298,0.00024976138133165,83.52685588198797,0.000119584263994025,83.51598330436472,0.060291233606197425,88.69554651889717
2024-04-17,83.6675033569336,0.0019340725122332092,0.005325449482622258,0.0038056214931572185,0.007527562275754018,0.0019509620664997884,0.0016987033942056785,83.50931854248047,83.38544387817383,83.10379531860352,1.0018942175222356,1.003382598516497,1.001485567007206,61.44379408674771,-0.0008573435029511224,83.6675033569336,2024,74.71445782640136,74.71445782640136,,,,0.0003159705608618955,83.69394400190794,-0.00024597286382974245,83.64692595236872,0.000119584263994025,83.67750927200582,-0.01342182384228921,82.55203541812132
2024-04-18,83.5958023071289,-0.0008569760890175804,0.0021951750235913448,0.002668764049467809,0.006516179804159972,0.0019704124919586266,0.0017205335811720322,83.54593963623047,83.41250381469726,83.11545928955078,1.0005968293745398,1.0021974941891068,1.001599710060612,57.42655029446934,-0.000607920263676047,83.5958023071289,2024,74.71445782640136,74.71445782640136,,,,0.00011048291028434824,83.60503872487911,0.0003086088686880163,83.62160469432395,0.000119584263994025,83.60579964737117,0.023529926603547538,85.5861296993911
2024-04-19,83.54499816894531,-0.0006077355175914123,0.002347969415160467,0.0008050009495867982,0.003825670152301619,0.0019482657498515958,0.0016813851654394665,83.58507995605468,83.4284236907959,83.12665328979492,0.9995204672038306,1.0013972993015123,1.0018777325320132,56.491268571805485,-0.0019133558988860576,83.54499816894531,2024,74.71445782640136,74.71445782640136,,,,0.00038915008946425225,83.57751603921274,0.00023691547096024853,83.56479361636416,0.000119584263994025,83.55498943344882,-2.5889974296089413e-05,83.54283521908962
2024-04-22,83.38529968261719,-0.0019115266003738585,-0.002700593134054907,0.0010624775253946783,-0.0024917904712881134,0.0014681049795183903,0.0014208289062282717,83.53992004394532,83.41800880432129,83.13406921386719,0.9981491440110694,0.9996078889657888,1.0014614498879972,49.18822597676874,1.0796431724558655e-05,83.38529968261719,2024,74.71445782640136,74.71445782640136,,,,0.0005126609564137931,83.42805902969071,0.0007284204001100229,83.44606136331251,0.000119584263994025,83.39527184855284,-0.00023693550946413122,83.36554508453037
2024-04-23,83.38619995117188,1.0796490006237391e-05,-0.0014345886242658201,0.0014002713684315715,-0.0003739818734488365,0.001422029703200787,0.001341907018774202,83.51596069335938,83.41644897460938,83.14198928833008,0.998446276123627,0.9996373733980607,1.0011929507905604,51.24267731592264,-0.001234750877898771,83.38619995117188,2024,74.71445782640136,74.71445782640136,,,,0.0006522979836982237,83.44061034523419,0.0003646067736840763,83.416608667781,0.000119584263994025,83.39617222477192,-0.03055749832231204,80.876664126886
2024-04-24,83.2833023071289,-0.0012339888866889082,-0.0045919984986960705,0.0007089965278972432,-0.0007462289668839217,0.0007158172220454552,0.0013567218303691176,83.43912048339844,83.41333923339843,83.14616333007812,0.9981325525081423,0.9984410535837,1.0003090782629847,47.04778208246989,0.000687737530065255,83.2833023071289,2024,74.71445782640136,74.71445782640136,,,,-0.00024256984922062678,83.26310273904781,0.0005776874844844646,83.33142792798431,0.000119584263994025,83.29326227505415,-0.0011306600261914296,83.18919042066102
2024-04-25,83.3405990600586,0.0006879740757443908,-0.0030528237067778408,-0.0008643501655390962,-0.0002926744357483191,0.0010190019281770372,0.0013652557914069488,83.38807983398438,83.4121192932129,83.15211334228516,0.9994306047816389,0.9991425678455322,0.9997117989636013,45.35551021462331,-0.000465613448625416,83.3405990600586,2024,74.71445782640136,74.71445782640136,,,,-0.00027302382134784543,83.3178481971349,6.814690729284594e-05,83.34627865765779,0.000119584263994025,83.35056588018355,-0.015406395279541338,82.06646098753306
2024-04-26,83.30180358886719,-0.0004655050675055339,-0.0029109412341637997,-0.0005698066199903984,-0.0010935468840500562,0.0010210952915742596,0.0013662141389706851,83.33944091796874,83.40755958557129,83.1579574584961,0.9995483851500924,0.9987320574150643,0.9991833034326744,50.187475708178056,0.0012056619602887908,83.30180358886719,2024,74.71445782640136,74.71445782640136,,,,-0.00019631585443683755,83.28545172923668,0.0004277540137929027,83.3374438918064,0.000119584263994025,83.31176576938688,-0.06384697132465297,78.14946643061458
2024-04-29,83.40229797363281,0.0012063890628539742,0.00020385237062559014,-0.0024972912857418317,0.0004498118432025855,0.0009565253957011441,0.0013926931930980525,83.34284057617188,83.40943450927735,83.16568344116212,1.0007134073790849,0.9999144397071325,0.9992016019111356,54.71194117997648,0.0005850074120389996,83.40229797363281,2024,74.71445782640136,74.71445782640136,,,,-0.0007085997692700881,83.34322005830268,-7.516327913536689e-05,83.39602941901519,0.000119584263994025,83.41227217241813,-0.0478793997574381,79.5031356378773
2024-04-30,83.45110321044922,0.0005851785622481565,0.0007783453295071574,-0.0006573599001141739,0.0004964017958639655,0.0009860077956737976,0.0013936389930396889,83.35582122802734,83.4115047454834,83.1742854309082,1.001143075324772,1.000474736249953,0.999332424014817,58.03363924290085,0.0005665739360756064,83.45110321044922,2024,74.71445782640136,74.71445782640136,,,,0.00016181765294513717,83.46460816474695,0.00014086126049554508,83.46285906599006,0.000119584263994025,83.46108324592184,-0.02519205725783015,81.37505795946718
2024-05-01,83.49839782714844,0.000566734469404695,0.002582696819901642,-0.0020211614187140015,0.001776768299107001,0.0006076437853125085,0.001387327840325332,83.39884033203126,83.41890945434571,83.18767135620118,1.0011937515524294,1.0009528819463438,0.9997594175895402,53.372726344676835,-0.0011023679168629663,83.49839782714844,2024,74.71445782640136,74.71445782640136,,,,-0.0003134993108889696,83.4722252397277,-0.00025914472243497756,83.47676246148626,0.00011818211783860583,83.50826642777436,0.02609967426401169,85.70636711526117
2024-05-02,83.40640258789062,-0.0011017605325583935,0.0007895734920817521,-0.0022656606433709703,0.00039705689242364173,0.0009252594192127951,0.001411584557164601,83.41200103759766,83.42056465148926,83.1970314025879,0.9999328819637775,0.9998302329448644,0.9998973440910239,52.197915137277924,-1.1891435765374967e-06,83.40640258789062,2024,74.71445782640136,74.71445782640136,,,,-8.321166706104197e-05,83.39946249084025,0.0001888465219525432,83.42215508428319,0.00011818211783860583,83.41626031568187,0.008856425018584607,84.14836585979297
2024-05-03,83.40630340576172,-1.1891428695065542e-06,0.0012544724410805674,-0.0016601204886392829,-0.0008564559376222913,0.0008685753026430793,0.001381481386195185,83.43290100097656,83.41698989868163,83.20771148681641,0.9996812097518397,0.9998718906911782,1.000190741745947,40.12929037382421,-0.00031544740135037915,83.40630340576172,2024,74.71445782640136,74.71445782640136,,,,7.793154499205192e-05,83.41280364113162,-0.0003028732558105142,83.38104569223015,0.00011818211783860583,83.41616112183071,0.05750357837020659,88.34304417069406
2024-05-06,83.37999725341797,-0.000315397653049998,-0.00026738735930142976,-6.358949622298216e-05,0.00099882046676103,0.0007004958647869302,0.0012905178075284308,83.42844085693359,83.4211498260498,83.21767547607422,0.9994193394600446,0.9995066889785427,1.000087400268385,43.42791197421307,0.0011124052518578704,83.37999725341797,2024,74.71445782640136,74.71445782640136,,,,-0.0003993783624961244,83.34670373544785,-4.196316773767632e-05,83.37649843801846,0.00011818211783860583,83.38985186038644,0.0324282340576067,86.12818188109233
2024-05-07,83.4728012084961,0.0011130242040673366,0.0002600085225015203,0.001038556228427856,0.00244028185741052,0.0008455319367276832,0.0013083915621819734,83.43278045654297,83.43130989074707,83.23009155273438,1.0004796765939494,1.0004973111150162,1.0000176260662552,39.060356652949245,-3.47325143989504e-05,83.4728012084961,2024,74.71445782640136,74.71445782640136,,,,-0.0007920988094099574,83.40670868140239,-0.00042153153035666055,83.43762220590983,0.00011818211783860583,83.48266678388065,0.05687518291320909,88.35793674079781
2024-05-08,83.46990203857422,-3.4731911232155355e-05,-0.00034127347728529767,0.0022405419366919865,0.0029511270010427193,0.0007953387743215813,0.0012996587870383813,83.42708129882813,83.44359016418457,83.2405256652832,1.0005132714590927,1.0003153252914678,0.9998021553803719,42.333351916894316,-6.709200931204072e-05,83.46990203857422,2024,74.71445782640136,74.71445782640136,,,,-0.0006152708079244117,83.41856124037639,-6.794744466811337e-05,83.46423066470386,0.00011818211783860583,83.47976727130849,0.034929363863824975,86.43696985350604
2024-05-09,83.46430206298828,-6.708975869351708e-05,0.0006941850181902964,0.00148430662036092,0.0006186734941489025,0.0005584597364787432,0.0012007017744625845,83.43866119384765,83.44617042541503,83.25157363891601,1.0003073020201159,1.0002172854365972,0.9999100110702612,44.79974827182709,-5.877776171125583e-05,83.46430206298828,2024,74.71445782640136,74.71445782640136,,,,-0.00024345038099632095,83.44398512003555,-6.664616791707305e-05,83.45873967245598,0.00011818211783860583,83.47416663386646,0.011056349285042663,84.39223285015312
2024-05-10,83.45939636230469,-5.877603433246392e-05,0.000636558082243166,0.00189182906789509,0.0013209444711776985,0.0005626498404112516,0.0011865211877764043,83.44927978515625,83.45167541503906,83.26255355834961,1.0001212302511715,1.0000925199791044,0.9999712932080644,55.96501572327044,0.0007833891212207874,83.45939636230469,2024,74.71445782640136,74.71445782640136,,,,-5.9288139113874106e-05,83.45444835668327,0.0002398846816563594,83.47941939454563,0.00011818211783860583,83.46926035338251,-0.017118356903782744,82.04286754259626
2024-05-13,83.5248031616211,0.0007836960506215629,0.0017366984045708023,0.00146884667406888,-0.0010321127496720761,0.0005611016040271677,0.000960630842590307,83.47824096679688,83.44736061096191,83.27612762451172,1.0005577764251494,1.0009280407443948,1.0003700579096675,60.10816465063486,-0.00023112414685152853,83.5248031616211,2024,74.71445782640136,74.71445782640136,,,,0.00017242514959190332,83.53920617998648,0.00016901903990448398,83.53892163677162,0.00011818211783860583,83.53467488306977,-0.048044889773357136,79.60673834368846
2024-05-14,83.50550079345703,-0.00023109743972349328,0.00039173939879244557,0.0006518497768763787,-5.938623142132116e-06,0.00040187515095984954,0.0009193558766566818,83.48478088378906,83.44733581542968,83.28802764892578,1.0002481878666822,1.0006970261837478,1.0004487269484816,68.45487035206449,0.00022390803475307966,83.50550079345703,2024,74.71445782640136,74.71445782640136,,,,2.8262595695018715e-05,83.5078609090156,0.0005806127812309578,83.55399923256518,0.00011818211783860583,83.51537023357615,-0.03548447637908411,80.59430835480673
2024-05-15,83.52420043945312,0.00022393310402812894,0.0006505147310920112,0.000309019250382514,-0.0017127667461179774,0.0004003167467876829,0.0008020607536541278,83.49564056396484,83.44017066955567,83.30081558227539,1.0003420522951303,1.0010070661316146,1.000664786444755,66.29382371660324,-0.0014269813553253617,83.52420043945312,2024,74.71445782640136,74.71445782640136,,,,0.00027184064709068586,83.546908798536,0.00045448525848976537,83.56216958483486,0.00011818211783860583,83.53407208966661,-0.05459907386971471,79.0861165459268
2024-05-16,83.40509796142578,-0.001425963701546351,-0.0007093344112291122,-1.564180236002244e-05,-0.0022812670067150487,0.0008145929875767778,0.0008400601126353582,83.48379974365234,83.43063545227051,83.31253555297852,0.9990572807841974,0.9996939075112362,1.0006372274536042,58.02330129306768,0.0007790545908685743,83.40509796142578,2024,74.71445782640136,74.71445782640136,,,,0.0002010827006897422,83.42187097009958,0.0006801545000566633,83.46184561052868,0.00011818211783860583,83.41495553502439,-0.056823511068342075,78.79786661345294
2024-05-17,83.47010040283203,0.0007793581327164567,0.0001282544685667908,0.0007648941922284713,-0.0008964961129309668,0.0009158502849752393,0.0008542777901816871,83.4859405517578,83.42689056396485,83.32689163208008,0.9998102656708293,1.0005179365858548,1.0007078052099723,55.573813675192234,-0.0020351402789387267,83.47010040283203,2024,74.71445782640136,74.71445782640136,,,,-4.221711714304991e-05,83.4665766102081,0.00018940711958359406,83.48591173146252,0.00011818211783860583,83.47996565901079,-0.0868998962658914,76.52278904300793
2024-05-20,83.30039978027344,-0.0020330707851027308,-0.0026866675867938117,-0.0009546351135345521,-0.0010181639049916535,0.0011655339846863193,0.0008685713558094139,83.44105987548828,83.42264556884766,83.33785766601562,0.9983142580472404,0.9985346210523457,1.0002207351075365,39.665365659694245,0.0001752858496331977,83.30039978027344,2024,74.71445782640136,74.71445782640136,,,,0.0002547466423162291,83.3216229805758,0.0004345856477318587,83.33660880585981,0.00011818211783860583,83.31024497968806,0.026372885639612223,85.52649697601012
2024-05-21,83.31500244140625,0.00017530121309539126,-0.0022812671050492783,-0.0018904213684610705,-0.0008538284489197911,0.0012057095180991926,0.0008699609216390588,83.40296020507813,83.41908569335938,83.34859176635742,0.9989453879879611,0.998752284910725,0.9998066930589419,36.8331105803992,2.1610965624523577e-05,83.31500244140625,2024,74.71445782640136,74.71445782640136,,,,-0.0001205207876431756,83.30496185675125,-6.859743038359415e-05,83.30928744234573,0.00011818211783860583,83.32484936669628,0.020597969817793438,85.04891861907386
2024-05-22,83.31680297851562,2.1611199143123372e-05,-0.002483082266532377,-0.0018341828170331809,0.0004022495561375461,0.0011803095563879204,0.0008235055703358371,83.36148071289062,83.4207607269287,83.35822586059571,0.9994640482151598,0.9987538144281208,0.9992893853577752,42.610118298514976,-0.0005967624327614263,83.31680297851562,2024,74.71445782640136,74.71445782640136,,,,-0.0001205207876431756,83.30676217687156,0.0001059291785556896,83.32562912648007,0.00011818211783860583,83.32665011660953,-0.030640843412100924,80.80262089719277
2024-05-23,83.26709747314453,-0.0005965844054759417,-0.0016545809747153806,-0.0023627417347230617,-0.0008819421475612099,0.001070181091111495,0.0008187813968366884,83.33388061523438,83.41708564758301,83.36694580078125,0.9991986075579727,0.998201948997929,0.9990025420847217,39.387171075591546,0.00023178580530229493,83.26709747314453,2024,74.71445782640136,74.71445782640136,,,,-1.7538531871333895e-05,83.26563710330808,7.583947054417947e-05,83.27341264519727,0.00011818211783860583,83.2769387365894,-0.01372462843763736,82.13209406549521
2024-05-24,83.2863998413086,0.0002318126697076206,-0.0022007947832444197,-0.002072822576443034,-0.0001849149345507506,0.0009493953042010279,0.00081471554496917,83.2971405029297,83.41631546020508,83.37336181640624,0.9998710560583923,0.9984425634460147,0.9985713231684005,42.78726306382579,-0.002815939035914356,83.2863998413086,2024,74.71445782640136,74.71445782640136,,,,-0.00018321701872553762,83.27114175324267,4.437119909898502e-05,83.29009544072667,0.00011818211783860583,83.29624338608302,-0.051508363384791506,79.10506497262219
2024-05-27,83.05220031738281,-0.002811977998472992,-0.0029795710890381244,-0.005658233558764492,-0.004197697962239344,0.0012818133441252937,0.0009782952898829656,83.24750061035157,83.39881057739258,83.37662780761718,0.9976539801010619,0.9958439424062515,0.9981857059352112,23.387431572646435,0.0011251434643012469,83.05220031738281,2024,74.71445782640136,74.71445782640136,,,,0.0003338576309234693,83.07993255727612,0.00011918124247815677,83.06209917167435,0.00011818211783860583,83.0620161823259,0.08574548201789936,90.48777978731192
2024-05-28,83.14569854736328,0.001125776675671153,-0.0020320937296021135,-0.0043087250860717186,-0.0036596839506813916,0.001479953427198292,0.0010084220905694221,83.21363983154296,83.38354034423828,83.38226974487304,0.9991835318787013,0.9971476169530209,0.997962421456394,31.59668087170425,0.0007309629723401655,83.14569854736328,2024,74.71445782640136,74.71445782640136,,,,3.0601903452233334e-05,83.14824300293508,-0.00033786030130688487,83.11761166158871,0.00011818211783860583,83.15552546277817,0.0006012881523703717,83.1957081043907
2024-05-29,83.20649719238281,0.0007312301908786178,-0.0013239320543930733,-0.0038037268887191056,-0.0034958830631683924,0.0015628976932898348,0.0010155032434449867,83.1915786743164,83.3689453125,83.3855517578125,1.0001793272624964,0.9980514552570112,0.9978725095115603,36.228777295067935,0.0019103252472891822,83.20649719238281,2024,74.71445782640136,74.71445782640136,,,,1.1192411784413643e-05,83.2074284789742,-0.00019092087555501995,83.19061285146137,0.00011818211783860583,83.21633129353495,-0.04669742379734356,79.410294399489
2024-05-30,83.3656005859375,0.0019121510810247155,0.0011829776199985265,-0.0004735606869804565,-0.0004891950819978508,0.0018122230243831521,0.001091459158624205,83.211279296875,83.36690521240234,83.39177169799805,1.001854571764387,0.9999843507869037,0.9981332410609361,45.69833027754062,-0.0005363436568990046,83.3656005859375,2024,74.71445782640136,74.71445782640136,,,,-0.000613149604012525,83.31450066849797,-0.00025462262492286197,83.34437652006639,0.00011431731027843189,83.37513126191648,-0.07740948858391782,77.15576284860431
2024-05-31,83.3208999633789,-0.0005361998503509158,0.0004142347626510112,-0.0017874716662981127,-0.0010239447007660551,0.001845106918779014,0.0010974133025146622,83.21817932128906,83.36263504028321,83.39365768432617,1.0012343533940253,0.9994993551141451,0.9982671406809016,40.467528391257204,0.001557795466704439,83.3208999633789,2024,74.71445782640136,74.71445782640136,,,,-0.0005625622838042434,83.27403994968088,3.980405054154744e-05,83.32421653869834,0.00011431731027843189,83.33042552901085,-0.022246591548647845,81.48776009416393
2024-06-03,83.45079803466797,0.001559009460365246,0.004799363722597594,0.001805492588165869,0.0008491338880092236,0.0009465493429595952,0.0011522802198794054,83.29789886474609,83.36617507934571,83.39080169677734,1.001835570548666,1.001015075421677,0.9991810081902566,47.68231186966641,-0.004291948224062217,83.45079803466797,2024,74.71445782640136,74.71445782640136,,,,-0.0003981949741843307,83.41757496136827,-0.0004764039697292391,83.41105121173105,0.00011431731027843189,83.46033845074685,0.04519525853728727,87.30890582086421
2024-06-04,83.09339904785156,-0.004282750977024019,-0.0006290102846622236,-0.0026598258064091107,-0.004545218983329269,0.0025087330859801128,0.0014750460574528424,83.28743896484374,83.34720497131347,83.38432174682617,0.9976702379205814,0.996954835815439,0.9992829272860404,35.81783658338105,0.006429893878882533,83.09339904785156,2024,74.71445782640136,74.71445782640136,,,,0.00018518106024970223,83.1087877963954,0.0007523304589198245,83.15593626426714,0.00011431731027843189,83.10289860470415,0.021055472899049757,84.86151883708318
2024-06-05,83.62940216064453,0.006450610023598813,0.005082595500732534,0.0037519344352365813,0.0019108698845315963,0.003908929338275557,0.002099953964870674,83.3720199584961,83.355179977417,83.38999984741211,1.0030871532472951,1.0032898037446722,1.0002020268096556,55.79383409927557,-0.0029771116216183065,83.62940216064453,2024,74.71445782640136,74.71445782640136,,,,0.0006598554837155487,83.68460369077333,-0.0007967089527292032,83.56280040186343,0.00011431731027843189,83.63896299543377,-0.15314401576484188,71.75454108210255
2024-06-06,83.38079833984375,-0.0029726844193294077,0.00018230245808137369,0.0013654957378079757,-0.0010004723106833424,0.004227815500236585,0.002209589500033962,83.37505950927735,83.35100479125977,83.3903158569336,1.0000688315018924,1.0003574467837382,1.0002885954173897,47.89313960897535,0.0011063622254096081,83.38079833984375,2024,74.71445782640136,74.71445782640136,,,,-0.0004770194385699886,83.34103356327189,0.0009449651854433478,83.45962753096404,0.00011431731027843189,83.39033075328838,-0.03401749409764281,80.59209381092852
2024-06-07,83.47309875488281,0.0011069744698637418,0.0018266580362285012,0.0022416494641375184,0.0001641803460767921,0.004235336438935619,0.002224607628840411,83.40549926757812,83.35168991088867,83.39191787719727,1.0008104919687348,1.0014565852728834,1.0006455700747878,54.22884642689005,0.0006527445195737136,83.47309875488281,2024,74.71445782640136,74.71445782640136,,,,-0.00041191199500448424,83.43872226477586,0.00030657712065047663,83.49869362035047,0.00011431731027843189,83.48264172046576,-0.13071808149685926,73.24473204610302
2024-06-10,83.52760314941406,0.00065295760363826,0.0009203640534891644,0.005724144937936604,3.352283018909219e-05,0.0041910165417173425,0.0022224072154110766,83.42086029052734,83.35182991027833,83.39517395019531,1.0012795703438562,1.002108810800254,1.0008281807408825,55.10613190260492,2.6305516286457928e-05,83.52760314941406,2024,74.71445782640136,74.71445782640136,,,,-0.000698879970688916,83.46924777464982,0.000580706662470639,83.57612227138836,0.00011431731027843189,83.53715234614896,-0.12712430213524997,73.55642889556371
2024-06-11,83.52980041503906,2.6305862279585313e-05,0.00525193784570277,0.004619624038121328,0.00029099426206813384,0.0034116483144392877,0.002221719183945592,83.50814056396484,83.35304489135743,83.39757598876953,1.000259374127216,1.0021205646885727,1.0018607079418582,55.11468562216034,0.0008018034889941698,83.52980041503906,2024,74.71445782640136,74.71445782640136,,,,0.0003051280427997725,83.5552915883933,0.00023831083820720974,83.54970884389422,0.00011431731027843189,83.53934986297381,-0.06963819636815377,77.91085301581792
2024-06-12,83.5968017578125,0.0008021250193406271,-0.00038981987183661637,0.004690794332169235,0.000869224942919411,0.0016660698299797363,0.0022283071038718045,83.50162048339844,83.35667495727539,83.40250595092773,1.001139873380457,1.0028807147197292,1.0017388592598895,57.85193341255219,-0.000747915876802466,83.5968017578125,2024,74.71445782640136,74.71445782640136,,,,0.000386090168684132,83.62908389261105,0.0002848850564075838,83.62062063005605,0.00011431731027843189,83.60635886559835,-0.007043125491983326,83.01008756849335
2024-06-13,83.5343017578125,-0.0007476362574380113,0.0018409924230169405,0.0020236304985423725,0.0015491114997128186,0.0007377580349348151,0.002209812391519156,83.53232116699219,83.36313514709472,83.4057260131836,1.0000237104726966,1.0020532650363467,1.002029506443093,55.78478114574023,-0.00014605129257840564,83.5343017578125,2024,74.71445782640136,74.71445782640136,,,,-6.860600052129966e-05,83.528571000047,0.00011621273088382936,83.54401007124613,0.00011431731027843189,83.54385172035806,0.02944766034330787,86.03076865624354
2024-06-14,83.52210235595703,-0.00014604062760759096,0.0005870586069665062,0.0024147889985173254,0.0006230009653040991,0.0006288197338136645,0.002204072713544481,83.54212188720703,83.36573524475098,83.40661209106446,0.9997603660189882,1.0018756760286103,1.0021158170312803,62.232523406063926,0.00035554604478872534,83.52210235595703,2024,74.71445782640136,74.71445782640136,,,,4.5624725207221724e-05,83.52591311585753,0.00028722946914032,83.5460958107269,0.00011431731027843189,83.53165092382007,0.008923929294342062,84.27078331132941
2024-06-17,83.55180358886719,0.00035560925877531346,0.00028972984427477755,0.0012103605546978091,0.0030180384398741378,0.0005774902952225983,0.002150260717295288,83.54696197509766,83.37830543518066,83.4117121887207,1.0000579508058112,1.0020808548792275,1.0020227868512885,60.934964193122944,-0.0004992433361410674,83.55180358886719,2024,74.71445782640136,74.71445782640136,,,,-0.00020797569171002205,83.5344286515671,8.738185133881303e-05,83.55910481914034,0.00011431731027843189,83.56135555228936,0.0323379836806313,86.29786214592387
2024-06-18,83.51010131835938,-0.0004991187349230319,-0.00023583315872666155,0.005014866105884641,0.0023417016291913395,0.0006301228202879964,0.002155173206297124,83.54302215576172,83.38806037902832,83.41652221679688,0.999605941507108,1.0014635301358052,1.0018583209158367,58.259923781373764,-0.001629892058881857,83.51010131835938,2024,74.71445782640136,74.71445782640136,,,,-0.00039492610869453865,83.4771275105464,0.00038266489675732585,83.54206381773179,0.00011431731027843189,83.51964851421765,0.0269642661418059,85.79252354735344
2024-06-19,83.37409973144531,-0.0016285645061738796,-0.002664001752272438,-0.0030527831432873853,0.0006876974497505017,0.0007393987605177754,0.0021904040406130823,83.49848175048828,83.3909252166748,83.4195182800293,0.9985103678960936,0.9997982336185169,1.0012897870305912,50.23417333030631,0.0005444157022240653,83.37409973144531,2024,74.71445782640136,74.71445782640136,,,,-0.0002626452259447367,83.35220479760919,0.00029431562416316095,83.39864164300367,0.00011431731027843189,83.38363137907928,0.09177237751524685,91.38762577209312
2024-06-20,83.41950225830078,0.0005445639233492283,-0.0013742797521016925,0.0004641826323044107,0.0018303122095182367,0.0008614448968232698,0.002187902222984742,83.47552185058593,83.39854545593262,83.41965438842773,0.9993289099481711,1.0002512849864897,1.0009229944507125,52.715696574910694,0.002180544346281705,83.41950225830078,2024,74.71445782640136,74.71445782640136,,,,-0.0002477965270030661,83.39883375625412,3.906338329529274e-05,83.42276096993953,0.00011431731027843189,83.42903909652618,0.03635665077688108,86.50816242951193
2024-06-21,83.60160064697266,0.0021829234620462934,0.0009518233949239452,0.0015394407780067176,0.0037845411287393826,0.0014059642208158931,0.0022373247027131916,83.49142150878906,83.41430549621582,83.4247004699707,1.001319646212659,1.002245360069147,1.000924493851678,54.03730514069087,-0.0004678115400904112,83.60160064697266,2024,74.71445782640136,74.71445782640136,,,,0.0007911501975604346,83.66776824064199,-0.0003274722787258785,83.57422792245251,0.00011431731027843189,83.61115830338598,0.01957298052331441,85.25405209375423
2024-06-24,83.5625,-0.0004677021333331366,0.00012802130742084472,0.00041778824328897457,0.006144324661683687,0.0014298865048798315,0.002130564675701554,83.49356079101562,83.43982048034668,83.42372848510742,1.000825682942867,1.001470275450583,1.0006440607177673,65.13896549007248,-0.0012225457494658262,83.5625,2024,74.71445782640136,74.71445782640136,,,,0.0006813543286602335,83.61945507217773,0.0003865332169048448,83.59480592519198,0.00011431731027843189,83.57205318627702,0.026328720678694448,85.79181241490818
2024-06-25,83.46040344238281,-0.0012217987448578382,-0.0005951121504104151,-0.0008308049619588642,0.003784981069589133,0.0015293550963087156,0.0021477653059045853,83.4836212158203,83.45555572509765,83.42281661987305,0.9997218882806069,1.000058087412432,1.000336292658755,42.42436678773453,-0.0005489963855117135,83.46040344238281,2024,74.71445782640136,74.71445782640136,,,,0.000762451193854244,83.5240621918879,2.916921393877718e-05,83.46283795225243,0.00011431731027843189,83.46994495658883,0.10255214939183145,92.47371652859306
2024-06-26,83.41459655761719,-0.0005488457145699233,0.000485724299300605,-0.0021795714233563412,0.0025009989875337535,0.0013253888148033804,0.0021498943070958833,83.4917205810547,83.46596069335938,83.41775848388671,0.9990762674083039,0.9993846097820536,1.000308627462996,51.85172800080256,0.0019857128810034925,83.41459655761719,2024,74.71445782640136,74.71445782640136,,,,0.0007398606813968082,83.47633457381386,4.9231399829412204e-05,83.41870327606085,0.00011431731027843189,83.42413283500402,0.029064120055952672,85.87454333862776
2024-06-27,83.58039855957031,0.001987685714437193,0.0019287612238603202,0.0005518308142618,0.002576578014469977,0.0015797223394398152,0.002153258882806633,83.52389984130859,83.47670059204101,83.41745040893555,1.000676437742599,1.001242238454489,1.000565418241651,55.44053476928791,-0.0015506240087480123,83.58039855957031,2024,74.71445782640136,74.71445782640136,,,,0.0008482147929592043,83.65132276525787,-0.0002783419787404062,83.5571378634156,0.00011431731027843189,83.58995379207948,0.0008447630434612469,83.65103402234486
2024-06-28,83.45089721679688,-0.001549422412494672,-0.0018026380955570298,-0.0008525304937451184,0.0015601998235148518,0.001388912651843485,0.0021815135285892964,83.49375915527344,83.48320045471192,83.41556838989258,0.9994866450030493,0.9996130570253764,1.0001264769499014,46.385585481945895,-0.00099985277172806,83.45089721679688,2024,74.71445782640136,74.71445782640136,,,,1.942672563395489e-05,83.45251841022821,0.0003065504896763934,83.47648305167736,0.00011303542823517846,83.46033065784687,0.059766278896759825,88.59050461647857
2024-07-01,83.36750030517578,-0.0009993530854969235,-0.002333578995652563,-0.002205856436065745,-0.0009981657629875018,0.0014192372754906985,0.002165183497362814,83.45475921630859,83.47903556823731,83.41521240234376,0.9989544165970614,0.9986639128937905,0.9997091922329544,42.895975955919184,0.0008848350714011493,83.36750030517578,2024,74.71445782640136,74.71445782640136,,,,-0.000171400083583637,83.35321233317009,0.00019562375390746946,83.38381056382437,0.00011303542823517846,83.37692431888735,0.051414205593883475,87.76587471539749
2024-07-02,83.44129943847656,0.0008852266534395969,-0.00022889901220568554,-0.0008238749420327318,0.0041868595413294685,0.0014512985508326613,0.0019286176062946238,83.45093841552735,83.49643058776856,83.41631439208984,0.9998844952826919,0.9993397184897138,0.9994551602754637,43.23378658309874,0.0004529542222090814,83.44129943847656,2024,74.71445782640136,74.71445782640136,,,,-0.0003179748501436437,83.41477142163643,-0.0002931971844588575,83.41683827056163,0.00011303542823517846,83.45073179457626,0.05625045788692985,88.26943002072713
2024-07-03,83.4791030883789,0.000453056821463127,0.0007733242552718789,0.001259424176954349,-0.001797203715230622,0.0014333868638534062,0.0012564647212352433,83.46383972167969,83.48891563415528,83.42023040771484,1.0001828740056786,0.9998824688798287,0.9996996498003943,47.545444059194324,0.0001449385823011472,83.4791030883789,2024,74.71445782640136,74.71445782640136,,,,0.0001300240048653444,83.48995808137457,7.943811963781453e-05,83.48573477475816,0.00011303542823517846,83.48853971787187,-0.05516929335177487,78.99835620900134
2024-07-04,83.49120330810547,0.00014494908640494408,-0.0010671790635369272,0.0008595238267266048,0.0013241054350634496,0.0010225259166560126,0.0010575455210632555,83.44600067138671,83.49443588256835,83.42324249267578,1.0005416992588627,0.9999612839534908,0.9994198989349451,48.62587028215464,2.6316984608758495e-05,83.49120330810547,2024,74.71445782640136,74.71445782640136,,,,-0.0002893261374859351,83.46705061490948,0.00016008730229217014,83.50457025951924,0.00011303542823517846,83.50064130542926,-0.0355654692931833,80.57398312646434
2024-07-05,83.49340057373047,2.631733090363575e-05,0.0005093217490901303,-0.001294234469254807,0.00024321391143367066,0.0006995062516098491,0.0010288139715285496,83.45450134277344,83.49545097351074,83.42707443237305,1.0004661130356198,0.9999754429761578,0.9995095585416948,47.337595036205926,-0.000255157738124213,83.49340057373047,2024,74.71445782640136,74.71445782640136,,,,-0.0003338875837585268,83.4655278173957,-5.670090885372123e-05,83.48866655624747,0.00011303542823517846,83.50283881943716,-0.011372991371193686,82.5492101613255
2024-07-08,83.47209930419922,-0.0002551251881570682,0.0012546735675238452,-0.0010818333080123699,-0.0006644970419605878,0.0004361657210834551,0.0010190606158828977,83.47542114257813,83.49267578125,83.42847045898438,0.9999602057907173,0.9997535535080383,0.9997933394934296,48.234777123335256,-0.00017367609725820566,83.47209930419922,2024,74.71445782640136,74.71445782640136,,,,-0.00010000879151382964,83.46375177784266,-4.1432414885790944e-05,83.46864092519445,0.00011303542823517846,83.48153514197169,-0.006538618494498036,82.92808757269914
2024-07-09,83.45760345458984,-0.00017366101643789822,0.0001953950408610794,-3.354869707650199e-05,-0.0008643257866113307,0.0002804297536571161,0.0010194316872421904,83.47868194580079,83.48906593322754,83.42860046386718,0.9997474985143557,0.9996231545018979,0.9998756245825644,54.3723683895143,0.0004239908311866589,83.45760345458984,2024,74.71445782640136,74.71445782640136,,,,-0.0002149035750456815,83.43967004428872,0.00018795682414364545,83.47329135496359,0.00011303542823517846,83.46703765372514,-0.025943447216528262,81.3202702980598
2024-07-10,83.49299621582031,0.00042408072800381724,0.00016642641005248926,0.000939879366903984,-0.001241740590661844,0.00026983597067808214,0.0010063628290303132,83.48146057128906,83.48387565612794,83.42849243164062,1.0001381821119602,1.0001092493564858,0.9999710712419627,53.889010004117914,3.481428202808767e-05,83.49299621582031,2024,74.71445782640136,74.71445782640136,,,,-0.00028648220783449914,83.46908038381943,0.00011271538736402544,83.50240769163005,0.00011303542823517846,83.50243441581765,-0.03739841593392022,80.42815767818009
2024-07-11,83.49590301513672,3.481488805223698e-05,5.628984665495551e-05,-0.0010109492882277582,-0.00045967634693477866,0.00026284946119944273,0.0009934168112868172,83.4824005126953,83.48195571899414,83.43028244018555,1.000161740706526,1.000167069590338,1.0000053280220538,43.09798529323847,0.0002706145836296341,83.49590301513672,2024,74.71445782640136,74.71445782640136,,,,-0.0004359232422181678,83.4595131425543,-0.0001675899442364132,83.48191111389016,0.00011303542823517846,83.50534154372393,0.02316947559635006,85.45304472326254
2024-07-12,83.51850128173828,0.0002706512030592467,0.0003006310419186864,0.0008101059089367091,-4.311522479882868e-05,0.0002878646534503343,0.0009950581268879494,83.48742065429687,83.48177566528321,83.43252639770508,1.0003722791673024,1.000439923757759,1.0000676194171563,47.06361571910101,2.1558309518754532e-05,83.51850128173828,2024,74.71445782640136,74.71445782640136,,,,-0.0004119661204964176,83.48410157501895,-6.926273569895797e-05,83.51271676218616,0.00011303542823517846,83.5279423648746,-0.008360890624999548,82.82312326794846
2024-07-15,83.52030181884766,2.1558541900779105e-05,0.000577468579923579,0.0018328666820106587,-0.0003770327948220409,0.00023358250103191404,0.0009915424986565325,83.49706115722657,83.48020057678222,83.43533248901367,1.0002783410733143,1.0004803683003678,1.000201971010226,54.6153574829812,0.0008054543415471508,83.52030181884766,2024,74.71445782640136,74.71445782640136,,,,-8.219939275623044e-05,83.51343678291009,0.00017414033753440546,83.53484733884149,0.00011303542823517846,83.52974310551997,-0.013895799611079437,82.36774682376478
2024-07-16,83.58760070800781,0.0008057788070034988,0.0015576442173863558,0.0017533436142029846,0.0009280241363016639,0.000323757319619995,0.0010011305563979102,83.52306060791015,83.48407554626465,83.4376284790039,1.000772721924076,1.001240058790443,1.0004669760237557,62.903152384203935,-0.0006941075915308869,83.58760070800781,2024,74.71445782640136,74.71445782640136,,,,0.0003233931207110896,83.61463673445039,0.00014059418261289775,83.59935346457118,0.00011303542823517846,83.59704960226884,-0.019873706402865954,81.94280351683012
2024-07-17,83.52960205078125,-0.0006938667545820509,0.0004384300075459535,0.0006049293839307524,0.001865115423576702,0.0005401681212923838,0.0009386703198599775,83.53038177490234,83.49185066223144,83.43882247924805,0.9999906653830077,1.0004521565667832,1.000461495491659,45.485489557906156,0.0005086211390864178,83.52960205078125,2024,74.71445782640136,74.71445782640136,,,,5.291336854626108e-05,83.53402200033527,3.44812993609306e-05,83.53248230965231,0.00011303542823517846,83.53904438876867,0.02235571951963873,85.4179959605908
2024-07-18,83.57209777832031,0.0005087505087504329,0.0009125569091668062,0.0009688981235103089,0.0018292547412597226,0.000569343330967637,0.0009377984906371112,83.54562072753906,83.49948043823242,83.44097839355469,1.0003169172788553,1.000869674154938,1.0005525817533771,62.74223562628337,0.001222189326876219,83.57209777832031,2024,74.71445782640136,74.71445782640136,,,,0.0002823602546198308,83.59569854893111,0.00022670300191971745,83.59104597148837,0.00011303542823517846,83.58154492010199,-0.03142703223255821,80.9865161487435
2024-07-19,83.67430114746094,0.0012229365046181329,0.0018654533226964976,0.0021666451777913043,0.000869606561664682,0.0007399043052710673,0.000845123774091803,83.5767807006836,83.50311546325683,83.44527648925781,1.001166836601742,1.0020500514651987,1.0008821854971288,81.02807055446675,0.0006690348683630202,83.67430114746094,2024,74.71445782640136,74.71445782640136,,,,0.00017528132961780257,83.68896897568158,0.0005577374871082166,83.72098245866697,0.00011303542823517846,83.68375984249717,-0.09930876104996349,75.76399153191372
2024-07-22,83.73030090332031,0.0006692587221097668,0.0025143477681406345,0.0030932683048994214,0.0020080885962041606,0.0007194003958313835,0.0008471430703124007,83.61878051757813,83.51150550842286,83.4493864440918,1.0013336762991747,1.0026199431271825,1.0012845536492507,80.3195235960812,-0.0007048691177302463,83.73030090332031,2024,74.71445782640136,74.71445782640136,,,,0.00013623284066060086,83.74170849708854,0.0005850208607541345,83.77929920714345,0.00011303542823517846,83.73976592867069,-0.06607191397530517,78.37688235616773
2024-07-23,83.67130279541016,-0.0007046207558513151,0.0010013696612101164,0.0025605736562588355,0.002526939055272237,0.0008630273743774816,0.0008118073820955257,83.6355209350586,83.52205047607421,83.45270248413085,1.0004278309018886,1.0017869810245943,1.0013585688849544,69.30539803206327,0.0004241841936435464,83.67130279541016,2024,74.71445782640136,74.71445782640136,,,,0.0002500602116786727,83.69222827530453,0.0006584294083368974,83.72641258276589,0.00011303542823517846,83.68076115150723,-0.011410679685301017,82.72198285363183
2024-07-24,83.70680236816406,0.00042427417248069865,0.002121407417637222,0.002560767513853257,0.0035030536933069456,0.000703459103613632,0.000798248285969879,83.67096099853515,83.53666076660156,83.45635452270508,1.0004283609175892,1.0020367297423807,1.001607680157444,70.68347166717902,0.0004322949149651715,83.70680236816406,2024,74.71445782640136,74.71445782640136,,,,0.00015916781674102652,83.72012685753019,0.000380213734527245,83.73863489529633,0.00011303542823517846,83.71626473719733,-0.02408301901035015,81.71497078395886
2024-07-25,83.74299621582031,0.00043238836787784507,0.0020449221934493167,0.00295934521049257,0.001945404174330534,0.0007019897833147411,0.0006792716587667712,83.70514068603515,83.54479064941407,83.46311248779297,1.00045224856532,1.002372446742227,1.0019193301625948,72.4786653657464,-6.441321544574005e-05,83.74299621582031,2024,74.71445782640136,74.71445782640136,,,,0.00014011096382541153,83.75473034975494,0.0004790367078306919,83.7831217950768,0.00011303542823517846,83.75246267627189,-0.04000057272911219,80.4593402857134
2024-07-26,83.73760223388672,-6.44111409591197e-05,0.0007565176590387246,0.0026233822301160448,0.003435613356499001,0.0005479366782568628,0.0005605770817048101,83.71780090332031,83.55912590026855,83.46846252441406,1.0002365247337215,1.0021359286815803,1.0018989547980808,74.61660347461944,-0.00011708414924069351,83.73760223388672,2024,74.71445782640136,74.71445782640136,,,,0.00025996491368237954,83.75937390223575,0.0006498984389669204,83.79204085873391,0.00011303542823517846,83.74706808459278,-0.02944839696089783,81.30761924051774
2024-07-29,83.72779846191406,-0.00011707729515919585,-2.9886927184641365e-05,0.00248438569482734,0.004321805924603295,0.0004693455951506926,0.0004943832380171075,83.71730041503906,83.57714080810547,83.47701049804688,1.0001253987744823,1.0018026179449535,1.0016770088756135,75.27151807504032,0.0002711405357313849,83.72779846191406,2024,74.71445782640136,74.71445782640136,,,,0.0001233143207881161,83.73812393513876,0.0006872794434586683,83.78536263571377,0.00011389208606124426,83.7373349385965,-0.018254878120709056,82.21322395179317
2024-07-30,83.75050354003906,0.00027117729764891685,0.00094656999452436,0.0019488875222093416,0.003705648205904133,0.00026421823073920886,0.00046903700362422207,83.73314056396484,83.5926010131836,83.48572052001953,1.0002073608604345,1.0018889533875202,1.0016812439029033,74.67035055404497,-0.0001373832608856538,83.75050354003906,2024,74.71445782640136,74.71445782640136,,,,0.0002131152757944688,83.76835395372927,0.0005095141777524496,83.79318648184523,0.00011389208606124426,83.76004260279748,-0.01430376005025033,82.56108330344945
2024-07-31,83.73899841308594,-0.0001373738242376188,0.0003846287758104694,0.0025068521477857875,0.0031132980002417376,0.00025866239635518283,0.0004698617479856426,83.73957977294921,83.60559577941895,83.49416442871093,0.9999930575259053,1.001595618480119,1.0016025720800288,72.91214243596565,-0.0002532245711344234,83.73899841308594,2024,74.71445782640136,74.71445782640136,,,,3.903079399960064e-05,83.74226687646768,0.0006136488238362622,83.7904005207798,0.00011389208606124426,83.74853616542683,-0.016134623192909606,82.39874256386199
2024-08-01,83.7177963256836,-0.00025319251249877883,-0.00030091937565468463,0.0017433874610848221,0.002713974749434689,0.00019765220706772076,0.00047868545062545206,83.73453979492187,83.61692543029785,83.50317840576172,0.9998000410669327,1.0012063454242863,1.001406585616713,68.8334534967556,0.0003117149774946344,83.7177963256836,2024,74.71445782640136,74.71445782640136,,,,5.890674954593406e-05,83.72272801419773,0.0005622064965809776,83.7648762477363,0.00011389208606124426,83.72733166313701,-0.019178212655780402,82.12753653655595
2024-08-02,83.743896484375,0.0003117635656566531,7.516635681414918e-05,0.0008317408805293969,0.003000188145688476,0.00025801396378485994,0.0004795092653501042,83.73579864501953,83.62945022583008,83.51232833862305,1.0000967070176259,1.0013684922982977,1.0012716623020033,70.2019714620528,-0.00010267935265268338,83.743896484375,2024,74.71445782640136,74.71445782640136,,,,7.190055552300013e-05,83.74991793352406,0.0004389802884919631,83.78066647427305,0.00011389208606124426,83.75343479459922,-0.025195383382292685,81.66029568953596
2024-08-05,83.73529815673828,-0.00010267408130837374,8.957233991568891e-05,5.968273568890403e-05,0.003153135655302952,0.0002562442177875579,0.00047391083849968176,83.73729858398437,83.64261016845703,83.52599029541015,0.9999761106785159,1.0011081431831763,1.0011320595487951,64.92805478015453,0.003187159174152137,83.73529815673828,2024,74.71445782640136,74.71445782640136,,,,7.487862304071918e-05,83.7415683753139,0.0003581377229596401,83.76529229644734,0.00011389208606124426,83.74483548762525,-0.009791283745928733,82.9194228443796
2024-08-06,84.00260162353516,0.0031922435661067006,0.003010108272072376,0.003959527544767472,0.006530239862948539,0.0014635737296320708,0.0008208014781762488,83.7877182006836,83.6698600769043,83.5431283569336,1.0025646171952896,1.0039768388082042,1.0014086090698726,83.59360606881604,-0.0008062910396804656,84.00260162353516,2024,74.71445782640136,74.71445782640136,,,,0.000730820306219376,84.06401486886688,0.00019514271331124648,84.01899571868326,0.00011389208606124426,84.01216939990529,-0.12294053058898823,74.28486572212061
2024-08-07,83.93489837646484,-0.0008059660744048625,0.002339411350641196,0.0027249399313755696,0.005292685382882523,0.001574379956612062,0.0008582794140342032,83.82689819335937,83.69195518493652,83.55769638061524,1.0012883714587215,1.0029028260959072,1.0016123772962964,74.87628035447116,8.934733865633604e-05,83.93489837646484,2024,74.71445782640136,74.71445782640136,,,,0.0005655057599796224,83.98237746854475,0.0007177515730177915,83.99516440723757,0.00011389208606124426,83.94445844153182,-0.00990780447545321,83.107393959956
2024-08-08,83.94239807128906,8.935133024867703e-05,0.002682843498790888,0.002381116803545691,0.0053475085606464745,0.0015422532192920027,0.0008575982420814276,83.87181854248047,83.71427993774414,83.56923233032227,1.0008415166147,1.0027249608276458,1.0018818605959878,71.12642185508501,0.0005549926216132646,83.94239807128906,2024,74.71445782640136,74.71445782640136,,,,0.000296476298529253,83.96728869231619,0.00044142610425423233,83.97946061663711,0.00011389208606124426,83.95195899056057,-0.012398581369853362,82.90805685060852
2024-08-09,83.98899841308594,0.0005551466585134168,0.002926803492558694,0.003002189846528447,0.005633447968139471,0.001537201855429344,0.0008600171786114758,83.92083892822265,83.73780479431153,83.58259429931641,1.0008121878395613,1.0029997636001018,1.002185800479971,70.69226450557765,-0.0004668347101970375,83.98899841308594,2024,74.71445782640136,74.71445782640136,,,,0.00031498573010056556,84.01545791603564,0.00034702045865311204,84.01814937153401,0.00011389208606124426,83.99856464006983,-0.028365070470591384,81.6401151598982
2024-08-12,83.94979858398438,-0.00046672575982831255,0.00256164881439358,0.002651450607187522,0.005142423527973783,0.001585806932765264,0.0008745853202844768,83.96373901367187,83.75927963256837,83.59257431030274,0.9998339708325135,1.002274601121831,1.0024410355724216,73.00444926202749,-0.000712574700258469,83.94979858398438,2024,74.71445782640136,74.71445782640136,,,,0.0006533866435448901,84.00466818468749,0.0006115395391956761,84.00115290612479,0.00011389208606124426,83.9593603461637,-0.05907723307637059,79.13393140150876
2024-08-13,83.88999938964844,-0.0007123208791991464,-0.001340461267989701,0.001665612070531397,0.003617745683321738,0.0005769728785189358,0.0008901759932150469,83.94121856689453,83.77439956665039,83.60850631713868,0.9993898208994276,1.0013798943781875,1.0019912885213988,64.54849498327759,-9.531513391447549e-05,83.88999938964844,2024,74.71445782640136,74.71445782640136,,,,-0.00014991853763898143,83.87742366630799,0.0005894606984229157,83.93946382451726,0.00011389208606124426,83.89955434078493,-0.020242220861842852,82.20895097064941
2024-08-14,83.88200378417969,-9.531059157141808e-05,-0.0006301859334828519,0.0017077511530327882,0.0042188843804642495,0.0004927334518951175,0.0008690270142161993,83.9306396484375,83.79201965332031,83.61355834960938,0.9994205231312243,1.0010738985792642,1.001654334096382,61.55680722585883,0.001066320406021386,83.88200378417969,2024,74.71445782640136,74.71445782640136,,,,-0.0001133881520644388,83.8724930979889,0.0003565806449539001,83.91191981661116,0.00011389208606124426,83.89155782462814,-0.023108858498076534,81.96581220112489
2024-08-15,83.97149658203125,0.0010668891277541004,0.0003466485519925122,0.0030304220545975813,0.00477909271549426,0.0007342653175895758,0.0008878536785539129,83.93645935058593,83.81198959350586,83.62537231445313,1.0004174256540768,1.0019031523926232,1.001485106816862,67.05991029593439,-0.00027624329649592337,83.97149658203125,2024,74.71445782640136,74.71445782640136,,,,-0.00012732865592574724,83.96080528490408,0.00027929810454161525,83.99495293736746,0.00011389208606124426,83.98106081558157,-0.03727882655472264,80.89876743604343
2024-08-16,83.94830322265625,-0.0002762051448296221,-0.0004845300122467977,0.002440855356179661,0.003274626395892266,0.0006895780973795882,0.0008633379765021353,83.9283203125,83.82568969726563,83.63487640380859,1.0002380949610554,1.0014627201497945,1.0012243336810591,65.77516756544333,-0.0006971265541516415,83.94830322265625,2024,74.71445782640136,74.71445782640136,,,,5.890674954593406e-05,83.95324848998237,0.0005455214230019024,83.99411131400045,0.00011389208606124426,83.95786481451606,-0.016133044316914202,82.60482783968962
2024-08-19,83.88980102539062,-0.0006968836178911086,-0.0007146837706075715,0.0018451342749521427,0.0019049271333024809,0.0007271111751547832,0.0008752067810054192,83.91632080078125,83.83366470336914,83.64212036132812,0.9996839735686984,1.0006696155085206,1.0009859535271968,59.47994766246443,-0.00013351681303927685,83.88980102539062,2024,74.71445782640136,74.71445782640136,,,,5.890674954593406e-05,83.89474284644096,0.000512203144561966,83.93278065148269,0.00011389208606124426,83.8993559539337,-0.024937281391225627,81.82368616498069
2024-08-20,83.87860107421875,-0.00013350790006627644,-0.00013587216012178605,-0.0014761512967434998,0.0024775313863041326,0.0006564013557226609,0.0008568506349179481,83.9140411376953,83.84402961730957,83.64909637451171,0.9995776622958915,1.0004123305746035,1.0008350209395385,59.504664547362296,-0.0011833303087692049,83.87860107421875,2024,74.71445782640136,74.71445782640136,,,,0.00011012088864420593,83.8878383689075,0.0002385414315317595,83.89861198241434,0.00011389208606124426,83.88815472710338,-0.026170930843247557,81.71189601684527
2024-08-21,83.77940368652344,-0.0011826304495414774,-0.001223147910489053,-0.0018525630333640075,0.00086732877502671,0.0008393160280387312,0.0009014004708254093,83.89352111816406,83.84765968322753,83.65274841308593,0.9986397348672506,0.9991859522738982,1.000546961419195,53.79175627576751,0.0013025685864166304,83.77940368652344,2024,74.71445782640136,74.71445782640136,,,,3.2831691151482615e-05,83.78215435118436,0.00041939485833023904,83.8145477067591,0.00011389208606124426,83.78894604096728,-0.04070541017466005,80.43760475794537
2024-08-22,83.88860321044922,0.0013034172973391822,-0.0009871608218993133,-0.0006408544677762862,0.0017387363864274086,0.0009331274901125176,0.0009413246135509715,83.87694244384765,83.85494003295898,83.65983444213867,1.0001390223136635,1.000401445370744,1.000262386579491,58.07979688684791,0.0006196099982986834,83.88860321044922,2024,74.71445782640136,74.71445782640136,,,,1.3930439054008103e-05,83.88977182366321,0.00010067545608865634,83.89704915898079,0.00011389208606124426,83.8981580025629,-0.07852013811007678,77.55362467368468
2024-08-23,83.94059753417969,0.0006198019962262435,-9.179087820421206e-05,-0.0005762764150156752,0.0024241833403109148,0.0009979383971377139,0.0009479313524384691,83.87540130615234,83.86508979797364,83.66820434570313,1.0007772985525205,1.0009003476462965,1.0001229535221812,60.93319573219785,-0.0015117405611032781,83.94059753417969,2024,74.71445782640136,74.71445782640136,,,,-0.00027517529500968796,83.91750233325003,0.00020928986856461079,83.9581672893266,0.00011389208606124426,83.95015824837259,-0.034786148914751035,81.07083085441559
2024-08-26,83.81379699707031,-0.0015105984569354636,-0.0009059984335557658,-0.0016200347017867323,0.0010271204634069164,0.0011851296578787875,0.0010152164287029768,83.86020050048828,83.86938972473145,83.67344421386719,0.9994466564217469,0.9993371511603507,0.9998904341110227,38.17573701562425,0.0008336501025149369,83.81379699707031,2024,74.71445782640136,74.71445782640136,,,,-0.00016458993926579367,83.80000322450216,0.00013162574346897878,83.82482977649597,0.00011389208606124426,83.8233432688631,0.048304132759308296,87.96172429489793
2024-08-27,83.88369750976562,0.0008339976853424247,6.075966315144399e-05,-7.512075251714379e-05,0.0015903661959821846,0.0012706599553264448,0.001029319382329825,83.86121978759766,83.87604942321778,83.6809161376953,1.0002680347629678,1.0000911831995003,0.9998231958261972,46.80224524220217,0.00045174774767086116,83.88369750976562,2024,74.71445782640136,74.71445782640136,,,,-0.00010840554509585634,83.87460454468524,-8.676329123149067e-05,83.87641979981261,0.00011341626657273104,83.89321182509237,-0.032961506422398305,81.1638360878919
2024-08-28,83.92160034179688,0.00045184980105150707,0.00169727461662883,0.00047205068823896745,0.0021806079863788685,0.0010825571944045246,0.001031202081947415,83.88965911865235,83.88517951965332,83.69186614990234,1.0003807528064854,1.000434174693934,1.000053401554657,48.748599864117956,0.0002370677206679796,83.92160034179688,2024,74.71445782640136,74.71445782640136,,,,5.385033121113023e-05,83.92611966945361,-0.00011392453004846115,83.9120401574971,0.00011341626657273104,83.93111895616511,-0.01934376481824783,82.31384083498041
2024-08-29,83.94149780273438,0.0002370958234407805,0.0006305337109078213,-0.00035724954916782625,0.00267208988851686,0.0009410200710146051,0.0010279506658685412,83.90023803710938,83.89636459350587,83.70230606079102,1.000491771734983,1.000537963825336,1.0000461693855542,47.04699387201427,-0.0005528513921118084,83.94149780273438,2024,74.71445782640136,74.71445782640136,,,,-0.00018919906261665245,83.92561765233762,-0.00010558649036165248,83.9326351824804,0.00011341626657273104,83.95101867392631,-0.0023405013921175277,83.7452623445328
2024-08-30,83.89510345458984,-0.0005526985979397159,-0.0005419794584059501,-0.0006337205878397256,0.00180558794804897,0.0009333972647891987,0.0010382031477855211,83.89113922119141,83.9039249420166,83.70817611694336,1.0000472544947563,0.9998948620409254,0.9998476147470571,46.629873731913015,-0.00037319516843876954,83.89510345458984,2024,74.71445782640136,74.71445782640136,,,,-0.00026657804955520267,83.87274184223362,0.00011338359754591192,83.9046163225274,0.00011341626657273104,83.90461906360963,-0.0049458877197178786,83.481192115924
2024-09-02,83.86380004882812,-0.00037312553978385843,0.0005965969034855689,-0.0003099420459303781,0.001534620344329607,0.0005764813437619499,0.0010426065638044206,83.90113983154296,83.9103500366211,83.71420211791992,0.9995549550007329,0.9994452414061834,0.9998902375562239,48.32693469491162,0.0007568870325777059,83.86380004882812,2024,74.71445782640136,74.71445782640136,,,,-2.0359162140299955e-05,83.8620926695057,2.057469636971902e-05,83.8655255388012,0.00011341626657273104,83.87331210733116,-0.004170368552256498,83.51478536021033
2024-09-03,83.92729949951172,0.0007571735438487437,0.0005197909849052884,0.0005805822303817099,-0.0008964260935739876,0.0005532294895732176,0.0007648834113864029,83.90986022949218,83.90658493041992,83.7235400390625,1.00020783338182,1.0002468765605104,1.0000390350659007,52.70106732422817,0.0002740404250860868,83.92729949951172,2024,74.71445782640136,74.71445782640136,,,,5.5872395817673325e-05,83.93198884981066,2.8522297780176936e-05,83.92969333307857,0.00011341626657273104,83.93681876029379,-0.05086301139719113,79.76524877135645
2024-09-04,83.95030212402344,0.00027407797759360086,0.0003420070888742188,0.0020398621854536003,0.0001835201788118468,0.0005305372093250753,0.0007461958820439265,83.9156005859375,83.90735511779785,83.73425415039063,1.0004135290439875,1.00051183839802,1.0000982687170639,48.62728045381772,0.0003834396289489929,83.95030212402344,2024,74.71445782640136,74.71445782640136,,,,-0.00038103113038285094,83.91832053888584,5.942808378110098e-05,83.95529127785797,0.00011341626657273104,83.95982399382525,-0.024700070476575207,81.90212296054447
2024-09-05,83.98249816894531,0.00038351315132034713,0.0004884397739397528,0.001119281462590882,0.0004777096982884199,0.0005459850478227544,0.0007507391481857989,83.92380065917969,83.90936012268067,83.74229614257813,1.0006994143413976,1.000871631557644,1.000172096849242,52.18920344645683,1.3081602125900303e-05,83.98249816894531,2024,74.71445782640136,74.71445782640136,,,,6.315711797180396e-05,83.98780242898886,6.227558549034948e-05,83.98772839104561,0.00011341626657273104,83.99202369050943,-0.017498645177175295,82.52570139008016
2024-09-06,83.98359680175781,1.3081687690430499e-05,0.0010548094408855402,0.0005122582974301793,-6.431331996081813e-05,0.0004220247171738231,0.0007402718938617942,83.94149932861328,83.90909004211426,83.75295013427734,1.0005015096642453,1.000887946223778,1.0003862428550083,56.48130575061682,-1.190061712889736e-05,83.98359680175781,2024,74.71445782640136,74.71445782640136,,,,0.0001315705124661175,83.99464729357126,0.00015141988320718672,83.99631455101262,0.00011341626657273104,83.99312244793182,-0.004655797332639655,83.59349501787332
2024-09-09,83.98259735107422,-1.1900546316834237e-05,0.0014165504326888456,0.002013992445776047,0.00039069500633792664,0.00031418350306105277,0.0007322172839977267,83.9652587890625,83.91072998046874,83.7652520751953,1.0002064968566973,1.0008564741436787,1.0006498430964246,57.288915031281746,-2.0167781406691053e-05,83.98259735107422,2024,74.71445782640136,74.71445782640136,,,,0.00023574332632431805,84.0023980217734,0.00018118281840874518,83.99781493330016,0.00011341626657273104,83.99212288388784,-0.003316597833446719,83.7045222372105
2024-09-10,83.98090362548828,-2.0167578038354783e-05,0.0006386971378349315,0.0011588201117544994,0.0010836123077986315,0.00018798761209439175,0.0007118679326195846,83.97597961425781,83.91527519226074,83.77604415893555,1.0000586359486736,1.0007820796997589,1.0007234013337618,66.35862496128833,1.3081850504188624e-05,83.98090362548828,2024,74.71445782640136,74.71445782640136,,,,0.00024855644828696954,84.00178021501536,0.00036687928211428405,84.0117201317449,0.00011341626657273104,83.99042896619497,-0.004676702395421589,83.58906689838605
2024-09-11,83.98200225830078,1.3081936071968059e-05,0.0003776059582312197,0.0007197421910198898,0.0011921326340555982,0.00017281153059408279,0.0007110803864254055,83.98231964111328,83.9202751159668,83.78610214233399,0.9999962208377448,1.0007355450425857,1.0007393269988776,59.196766632610135,0.00012617656369271775,83.98200225830078,2024,74.71445782640136,74.71445782640136,,,,1.2700135812322494e-06,83.98210891665195,0.000205328332411083,83.99924791322722,0.00011341626657273104,83.99152772361737,-0.005187432997666511,83.54747925246322
2024-09-12,83.99259948730469,0.0001261845242901405,0.00012027885070842181,0.0006087773736227486,0.0002513103390127114,5.899088734812068e-05,0.0006709391612714485,83.98433990478516,83.92133026123047,83.79613006591796,1.0000983466980735,1.0008492385172205,1.000750817978678,55.57500408964502,-0.0006883962439138579,83.99259948730469,2024,74.71445782640136,74.71445782640136,,,,1.2700135812322494e-06,83.99270615911449,0.00012972395360110836,84.00349604614048,0.00011341626657273104,84.00212615458759,-0.01003767557636237,83.1537262349869
2024-09-13,83.93479919433594,-0.0006881593535807973,-0.0005810373606296437,0.00047315919656232275,-0.00016086124200143104,0.0003250777524533241,0.0006864226221354289,83.97458038330078,83.92065505981445,83.80495803833008,0.9995262710598463,1.0001685417554405,1.0006425751020163,65.22482048919096,-0.0005958234074999047,83.93479919433594,2024,74.71445782640136,74.71445782640136,,,,7.500568275073695e-05,83.94109501736435,0.0005684435298399735,83.98252495128011,0.00011341626657273104,83.94431930575364,-0.021513239159821618,82.14837457429084
2024-09-16,83.88480377197266,-0.0005956459399816261,-0.0011644505193468824,0.00025045041045479444,-5.956926058814371e-05,0.0003786652807184659,0.0006814289353992941,83.95502166748047,83.92040519714355,83.81321212768555,0.9991636248301392,0.9995757715291381,1.000412491696812,50.1465327323807,-9.549885258182973e-06,83.88480377197266,2024,74.71445782640136,74.71445782640136,,,,6.639455636247907e-05,83.8903734512008,0.0002760494252074087,83.90796332028047,0.00011341626657273104,83.89431821277465,-0.031646165208850795,81.27173627043453
2024-09-17,83.88400268554688,-9.549839658173909e-06,-0.001153844930908754,-0.0005158847505285502,6.439796633395112e-05,0.0003801835475898388,0.0006807404940869734,83.93564147949219,83.92067527770996,83.82174011230468,0.9993847810889974,0.9995630088528038,1.0001783374803968,44.4770699780338,-0.001352821052574901,83.88400268554688,2024,74.71445782640136,74.71445782640136,,,,-0.00011600946343639232,83.87427191184626,2.530601622841098e-05,83.88612548233979,0.00011341626657273104,83.89351703548748,-0.003957583376627036,83.55268080038915
2024-09-18,83.77059936523438,-0.001351906402673797,-0.0025172404489262057,-0.0021405850156868134,-0.00010508932866126752,0.0005922145385872524,0.0006971186115644204,83.8933609008789,83.92023506164551,83.82729217529297,0.998536695462832,0.9982169294890414,0.9996797654255035,30.305960963601194,-0.0009422487711599454,83.77059936523438,2024,74.71445782640136,74.71445782640136,,,,-7.633168901954431e-05,83.76420525793425,2.968837735693699e-05,83.77308641531779,0.00011341626657273104,83.78010085266438,0.08207318496169179,90.93593867356316
2024-09-19,83.69170379638672,-0.0009418049941802842,-0.003582407173425395,-0.0034625592105347325,-0.002347153326281326,0.0004923634053194987,0.0006548202794957268,83.83318176269532,83.91039009094239,83.83120819091796,0.9983123870127096,0.9973938114896301,0.9990798716563778,28.194012759692455,-0.000920508510706628,83.69170379638672,2024,74.71445782640136,74.71445782640136,,,,0.00019324482340058754,83.70787834768078,-8.023651259175238e-06,83.69103228603615,0.00011341626657273104,83.7011963352684,0.06311103260600885,89.14380808399673
2024-09-20,83.61470031738281,-0.0009200849727142302,-0.0038136610800961757,-0.004392482561157429,-0.0038824743493656166,0.0004997872056632748,0.0006541217683129439,83.76916198730468,83.89409523010254,83.83313217163087,0.9981561034364259,0.9966696713045965,0.9985108219779332,25.677890345649587,-0.001527232490519094,83.61470031738281,2024,74.71445782640136,74.71445782640136,,,,0.00016819743572794732,83.62876527837737,-3.71457983780604e-05,83.61159444026889,0.00011341626657273104,83.62418412232212,0.0542388739619168,88.27511280642136
2024-09-23,83.48709869384766,-0.0015260668644485609,-0.004741086111449855,-0.005900015870612063,-0.0038979060122293907,0.00058710950660708,0.0006557671481000503,83.68962097167969,83.87776031494141,83.83246810913086,0.9975800789216077,0.9953424886450603,0.9977569817964225,11.800534943460192,0.0008680463725371693,83.48709869384766,2024,74.71445782640136,74.71445782640136,,,,0.001710969685539356,83.63006485935729,-0.00019310827894260547,83.47097820045543,0.00011341626657273104,83.4965680258665,0.13782150966975043,95.82404287229606
2024-09-24,83.55960083007812,0.0008684232338260767,-0.003867267239080374,-0.005016649943288876,-0.0038636432263822185,0.0009548080145333807,0.0006586492401746132,83.62474060058594,83.86155548095704,83.83190811157226,0.9992210466658553,0.9963993673960951,0.9971761210603245,18.778197780758447,9.568287634407785e-05,83.55960083007812,2024,74.71445782640136,74.71445782640136,,,,0.0009256601064198797,83.63698442900461,-0.0004368655898327957,83.52310448835368,0.00011341626657273104,83.5690783854849,0.05695114547367204,88.45653532539275
2024-09-25,83.56759643554688,9.56874540964936e-05,-0.0024233195324581125,-0.00493445990343655,-0.0042182692513990094,0.000955345756175524,0.0006449597340018474,83.58414001464844,83.84385528564454,83.83266799926758,0.9998020727485063,0.9967050793506992,0.9969023935014524,15.51028691747635,0.0006759103393884995,83.56759643554688,2024,74.71445782640136,74.71445782640136,,,,0.00015362689464544542,83.58043565207949,-0.0004805167539296549,83.52745045155538,0.0001080057348516498,83.57662270264521,0.06196525842322251,88.90968693047915
2024-09-26,83.62409973144531,0.0006761388182561223,-0.0008077749869435102,-0.004387288381461185,-0.003781181889736529,0.001032717219503718,0.0006680765059972111,83.57061920166015,83.82798538208007,83.83370803833007,1.000639944160951,0.9975678092500319,0.9969298298265564,22.636469221835085,-8.366544429066515e-05,83.62409973144531,2024,74.71445782640136,74.71445782640136,,,,-8.155858822233813e-05,83.61727974604783,-0.0005257925051039004,83.58014236380038,0.0001080057348516498,83.63313210155322,0.01960706556306692,85.27990260967489
2024-09-27,83.61710357666016,-8.366194443498731e-05,2.874206650527178e-05,-0.0037850286260912025,-0.003313660350632519,0.0009428907408330117,0.0006628564032496229,83.57109985351562,83.8140853881836,83.83256408691406,1.0005504740660967,0.9976497767575566,0.9971008985716112,22.43169210229496,0.0011868105223399664,83.61710357666016,2024,74.71445782640136,74.71445782640136,,,,-0.0002886382953007964,83.5929719612475,-0.0004593791127507846,83.57870044728142,0.0001080057348516498,83.62613519110242,0.03402826692853986,86.51141359698747
2024-09-30,83.71640014648438,0.001187515060638189,0.0027465495414755736,-0.0020075581978598045,-0.001757610581179625,0.0005318952442044379,0.0007260089302645777,83.61696014404296,83.80671539306641,83.83228607177735,1.0011892324508103,0.998922338786833,0.9977357989973301,32.609677063373425,0.001323844397936869,83.71640014648438,2024,74.71445782640136,74.71445782640136,,,,-0.0003789039152767869,83.68468568344254,-0.0006840562656851885,83.65915300079024,0.0001080057348516498,83.72544248610481,0.05439980562347421,88.39670573859463
2024-10-01,83.82730102539062,0.001324721066746859,0.0032037036157805954,-0.000675953201336954,-0.0011914892379168984,0.0006304530950902515,0.0007704991839589215,83.67050018310547,83.80171546936035,83.83540603637695,1.0018740277868783,1.0003053106477233,0.9984342171813554,41.11211438490063,0.0005342870070799426,83.82730102539062,2024,74.71445782640136,74.71445782640136,,,,-0.000607023902793547,83.77643129109589,-0.000531732962962347,83.78273913480227,0.0001080057348516498,83.83635534358885,0.028404485770245166,86.24251142580624
2024-10-02,83.87210083007812,0.0005344297638061324,0.0036438094132107413,0.0012116597662290562,-0.000931518910197382,0.0005626242320674475,0.0007785854072436157,83.73140106201171,83.79780540466308,83.83871200561524,1.0016803704020456,1.0008866034743544,0.9992075646572044,43.33890041668776,0.0005661854665959516,83.87210083007812,2024,74.71445782640136,74.71445782640136,,,,-0.0004376665943612727,83.83540084511046,-0.00033662608721118177,83.8438720444889,0.0001080057348516498,83.88115998717349,0.033521931200674565,86.73131100624026
2024-10-03,83.91960144042969,0.0005663457798414928,0.0035336907653817917,0.0027230613514264146,-0.0007489266202714839,0.0005672693498530233,0.0007849450785025793,83.79050140380859,83.7946605682373,83.84224411010742,1.0015407478706797,1.0014910361990266,0.9999503648036699,49.15019965188901,0.0010694755728309537,83.91960144042969,2024,74.71445782640136,74.71445782640136,,,,-0.00035023414586247715,83.89021507685244,-0.00016837399556349645,83.90547275131436,0.0001080057348516498,83.92866572814043,0.011110065819607898,84.85715221766071
2024-10-04,84.0093994140625,0.001070047665759688,0.0046915740993429544,0.004720451011383187,0.0003072339514773592,0.00036408573692373915,0.0008231575019262772,83.86896057128907,83.79595069885254,83.84768005371093,1.001674503199,1.0025472437919711,1.0008712816290959,56.67001576526903,0.0002190241158665388,84.0093994140625,2024,74.71445782640136,74.71445782640136,,,,2.9436526417218458e-05,84.01187239536546,-0.00016623705698443859,83.99543509947031,0.0001080057348516498,84.01847340099316,0.029543489696897962,86.52835641701918
2024-10-07,84.02780151367188,0.00021904810339945513,0.003719717601839312,0.006476483531988597,0.000538256305752105,0.0004456998398085963,0.0008243692198179146,83.93124084472656,83.79821090698242,83.8536801147461,1.0011504735063306,1.0027398032034873,1.0015875033166497,57.55564107497915,-0.0007583438965526987,84.02780151367188,2024,74.71445782640136,74.71445782640136,,,,-0.00012208346541819478,84.01754373463696,0.00012670756717859502,84.03844914653061,0.0001080057348516498,84.03687748824215,0.016873881456033135,85.4577067736872
2024-10-08,83.96410369873047,-0.0007580564264916267,0.0016319584630120065,0.004840890390021224,-0.00020004460576816818,0.0006784969370770205,0.0008429056898642055,83.95860137939454,83.79737091064453,83.85795211791992,1.0000655361004773,1.0019897138331908,1.0019240516378722,60.72766954565065,-0.0005897965909053665,83.96410369873047,2024,74.71445782640136,74.71445782640136,,,,3.7270752013644445e-05,83.96723316233584,0.0004924730838023174,84.00546394337537,0.0001080057348516498,83.97317279319991,-0.00950105361931676,83.17013399438693
2024-10-09,83.91459655761719,-0.0005896226950854455,0.0005066729832505779,0.004152328616247036,-0.0008026207862522616,0.0007720867102710788,0.0008527657818743381,83.96710052490235,83.79400062561035,83.86146408081055,0.9993747078682371,1.00143919530165,1.0020657791488605,62.77314818863074,0.0003288892708205082,83.91459655761719,2024,74.71445782640136,74.71445782640136,,,,6.80945792091623e-05,83.92031088131431,0.0005905280467815768,83.96416511478998,0.0001080057348516498,83.9236603047427,-0.04641431481762549,80.10876382839774
2024-10-10,83.94219970703125,0.00032894336082645026,0.0002692847226830608,0.0038039270570027206,-0.0006000502494396542,0.0007431139506676755,0.000856041861579294,83.97162017822265,83.79148063659667,83.8659521484375,0.9996496379237538,1.0017987397917962,1.0021498550957375,69.89414752609235,4.52615312234888e-05,83.94219970703125,2024,74.71445782640136,74.71445782640136,,,,-6.243658425181931e-05,83.93695880642062,0.0005778589596959605,83.99072047695918,0.0001080057348516498,83.9512664356162,-0.06725405153447085,78.4824012482757
2024-10-11,83.94599914550781,4.526255554204717e-05,-0.0007546806547468199,0.003933352804383228,0.00013343632533091565,0.0004916064296328707,0.0008419415734512107,83.95894012451171,83.79204063415527,83.86999420166016,0.9998458653839042,1.0018373882553444,1.0019918298813744,82.8112896714998,0.002644603146322805,83.94599914550781,2024,74.71445782640136,74.71445782640136,,,,-6.108315088358613e-05,83.94087161598036,0.0009276471675416123,84.02390754400732,0.0001080057348516498,83.95506628447608,-0.09383774538608333,76.42699560792357
2024-10-14,84.16829681396484,0.0026481031939558086,0.001672009713000966,0.005397946718800117,0.00337955182875338,0.0013678569285443557,0.0010144882655079028,83.9870391845703,83.80621528625488,83.8786541748047,1.0021581619158666,1.004320461513185,1.0021576430542507,85.84367390581617,-0.001424314044822171,84.16829681396484,2024,74.71445782640136,74.71445782640136,,,,0.00047693404935247055,84.20844911483005,0.00044004229636689226,84.20534257482922,0.0001080057348516498,84.17738796365276,-0.06812382449736258,78.6253764910914
2024-10-15,84.04850006103516,-0.0014233001909789156,0.0010051481357737924,0.002638746958792515,0.0019610100880012027,0.0015241693808153117,0.001075044693655311,84.00391845703125,83.8144401550293,83.87957214355468,1.000530708624345,1.002792596425782,1.0022606880348002,75.02362104694832,9.158648355099396e-05,84.04850006103516,2024,74.71445782640136,74.71445782640136,,,,0.0005282793871816217,84.09291288129678,0.0009000987702314535,84.12418606991172,0.0001080057348516498,84.057578271288,0.00048293639536757527,84.08909994348204
2024-10-16,84.05619812011719,9.15906777210207e-05,0.0016874485287285967,0.002194976496559198,0.0034092958274969387,0.0014650298500175876,0.0010195680784831449,84.03223876953125,83.82872009277344,83.88199813842773,1.0002851209361643,1.002713604920748,1.0024277917703215,73.68716018402341,-0.00020106557560485347,84.05619812011719,2024,74.71445782640136,74.71445782640136,,,,0.00044387206580121983,84.09351660012285,0.0005215369704711011,84.10004796869873,0.0001080057348516498,84.06527716184945,-0.055810549874715266,79.49348356067331
2024-10-17,84.03929901123047,-0.0002010453632766973,0.0011567400489636004,0.0014263362640698496,0.004153281616651183,0.0014848979113953923,0.0009900552500318649,84.0516586303711,83.84609985351562,83.88393615722656,0.9998529521089526,1.002304211621678,1.0024516200182787,72.89570369389646,0.0001725648335399409,84.03929901123047,2024,74.71445782640136,74.71445782640136,,,,0.00029882914615179685,84.06441615587772,0.0005552239796021897,84.08597260121964,0.0001080057348516498,84.04837622766348,-0.060343492809826274,79.11805008672899
2024-10-18,84.05380249023438,0.00017257972370732233,0.0012841987208909167,0.000528548906212567,0.005251494906814536,0.0014819812821885911,0.0009540377224897327,84.0732192993164,83.8680549621582,83.88523223876953,0.9997690488214457,1.002214758982547,1.0024462751312258,70.15054586545646,0.00017725417000989256,84.05380249023438,2024,74.71445782640136,74.71445782640136,,,,0.00033820872745334474,84.08223502760734,0.000371176156611915,84.08500704842704,0.0001080057348516498,84.06288127321089,-0.038171175592922976,80.90583309912797
2024-10-21,84.0687026977539,0.00017726988045851932,-0.001183273512484928,0.0004867577557099434,0.006966393766287604,0.0006811657138416596,0.0008570848189906012,84.05330047607421,83.89713516235352,83.88761032104492,1.0001832435084934,1.0020449748977527,1.0018613903015698,66.28444380397525,5.708131616191819e-05,84.0687026977539,2024,74.71445782640136,74.71445782640136,,,,-0.00018466024927088663,84.05317998341611,0.00031658540190977324,84.09532183517835,0.0001080057348516498,84.0777830901252,0.002146416127693368,84.24934291224113
2024-10-22,84.07350158691406,5.7082945331243806e-05,0.00029746546173647914,0.001302912594364436,0.006150110241442741,0.0001545770913114788,0.0008503062854454452,84.05830078125,83.9228302001953,83.89128036499024,1.000180836461394,1.001795356357255,1.0016142279845845,64.36110023066544,0.00012485969180596582,84.07350158691406,2024,74.71445782640136,74.71445782640136,,,,-0.00015159174287516253,84.06075770423699,0.00018067684494094078,84.0886930942594,0.0001080057348516498,84.0825824976209,0.03518081873889066,87.08392021229834
2024-10-23,84.08399963378906,0.0001248674871017208,0.0003307491213455638,0.002018755772192238,0.006179466925801513,0.00015700177614052426,0.0008499496633702717,84.06386108398438,83.94865036010742,83.89532028198242,1.000239562512892,1.0016122864763286,1.0013723951889963,62.37565760757196,-0.00019510012010176412,84.08399963378906,2024,74.71445782640136,74.71445782640136,,,,4.6686133014980886e-05,84.08792528221636,0.00015484587341133718,84.09702070225562,0.0001080057348516498,84.0930816784064,0.03347942408664384,86.94673753265015
2024-10-24,84.06759643554688,-0.0001950810893109889,0.0003367165677170547,0.001493846110219632,0.005303455648860034,0.00015446635964602438,0.0008524332646326608,84.06952056884765,83.9708251953125,83.89724227905273,0.99997711259339,1.001152438838243,1.0011753531456382,54.92523050698623,0.00016896798623201864,84.06759643554688,2024,74.71445782640136,74.71445782640136,,,,0.00012996364222136623,84.07852287657708,6.156465044257987e-05,84.07277218705501,0.00011119575362758779,84.07694491503416,0.03461008661082546,87.02811969455263
2024-10-25,84.08180236816406,0.00016898226212624934,0.00033311851576178775,0.0016177450270244975,0.005557460993346641,0.00015386082507595783,0.0008488612972077944,84.07512054443359,83.99406013488769,83.8999122619629,1.000079474447223,1.0010446242643285,1.000965073118453,54.602798876287586,0.00024015401545277943,84.08180236816406,2024,74.71445782640136,74.71445782640136,,,,8.11813847226126e-05,84.08862852238487,-4.601007570934513e-06,84.08141550804477,0.00011119575362758779,84.09115242737856,0.027680202048822558,86.44171438993708
2024-10-28,84.10199737548828,0.00024018285473692558,0.00039604129320358616,-0.0007877008444533429,0.004605993907157879,0.00016716842802452786,0.0008213950847927681,84.08177947998047,84.01333999633789,83.90415618896485,1.0002404551334767,1.00105527740183,1.0008146263872566,62.694911920883314,9.525131810795076e-06,84.10199737548828,2024,74.71445782640136,74.71445782640136,,,,0.00011005203136229322,84.11125348045832,7.11892489836676e-05,84.10798474663515,0.00011119575362758779,84.11134968042668,0.02876192430840148,86.55605519691271
2024-10-29,84.10279846191406,9.525177175007116e-06,0.0003484674058653603,0.0006460365246194755,0.0032864882103265103,0.00017006973379678244,0.0007807932881945434,84.08763885498047,84.02711486816406,83.90864013671874,1.0001802834178724,1.000900704419862,1.00072029114544,69.03336316780346,-0.00016048790534907957,84.10279846191406,2024,74.71445782640136,74.71445782640136,,,,8.11813847226126e-05,84.10962632069601,0.00032329431522902584,84.12999281420454,0.00011119575362758779,84.11215085593483,0.022528830109680834,86.01904041686217
2024-10-30,84.08930206298828,-0.00016047502785410117,6.306109631215584e-05,0.0003938310750599694,0.0025896720215723423,0.00019322604556336773,0.000778917719791555,84.08869934082031,84.03797492980956,83.91483810424805,1.0000071676952158,1.0006107611853046,1.0006035891637455,65.31380553746446,-2.3589741728255476e-06,84.08930206298828,2024,74.71445782640136,74.71445782640136,,,,7.999346694401007e-05,84.09602892684218,0.0003125242385640082,84.11558611507463,0.00011119575362758779,84.09865295618336,0.014937265028227259,85.35479421998292
2024-10-31,84.08910369873047,-2.3589713904481613e-06,0.00025583297364861757,0.0005926356845664671,0.0020198172464045427,0.00015732041207061192,0.0007724892360510565,84.09300079345704,84.04645004272462,83.91884811401367,0.9999536573235609,1.000507500982899,1.0005538693271252,65.01016308957922,2.8488777419657305e-05,84.08910369873047,2024,74.71445782640136,74.71445782640136,,,,0.00014180917362937836,84.10102915058647,0.0002845627050825027,84.11303572646672,0.00011119575362758779,84.09845456986706,0.0075548751037397555,84.72679217007449
2024-11-01,84.09149932861328,2.8489183228730397e-05,0.00011532769488886707,0.0004484846284411592,0.0009772705807136184,0.00014290401609535954,0.000738076602870217,84.09494018554688,84.05055503845215,83.92186614990234,0.9999590836627507,1.0004871388433116,1.0005280767875289,35.04664567116288,0.0005005079561708361,84.09149932861328,2024,74.71445782640136,74.71445782640136,,,,4.226287292323959e-05,84.09505335206443,-0.00026599968761464583,84.06913399077914,0.00011119575362758779,84.10085046614856,0.0752494040831857,90.6635033788673
2024-11-04,84.13359832763672,0.0005006332311774386,0.0003757455605644111,0.0007719356645257136,0.001259069165907345,0.00024952285606417947,0.0007441498187510359,84.10126037597657,84.05584487915038,83.92826217651367,1.0003845120931076,1.00092502131884,1.000540301473282,73.75820056232428,0.00022459384265708754,84.13359832763672,2024,74.71445782640136,74.71445782640136,,,,0.0001645499044092217,84.14744364229048,0.0003936329893979883,84.16672260643197,0.00011119575362758779,84.14295414666219,-0.0047539608279406065,83.73457970780714
2024-11-05,84.15249633789062,0.0002246190657424485,0.0005909182201477847,0.0009395915417522716,0.0022437283417700016,0.00025388110383002576,0.0007190920271150814,84.11119995117187,84.0652645111084,83.93363815307617,1.0004909736960443,1.0010376679034978,1.0005464259266965,75.3027022692647,-0.00043019084306178737,84.15249633789062,2024,74.71445782640136,74.71445782640136,,,,0.0004025297984311301,84.18637704381838,0.00044123343462677546,84.18963542578332,0.00011119575362758779,84.16185425841142,0.013862479993892562,85.32718185063254
2024-11-06,84.11630249023438,-0.0004300983242484513,0.000321092298112724,0.00038417364285714406,0.0024037049678085065,0.00034141046345961064,0.0007117435092565997,84.1166000366211,84.07534980773926,83.93753219604493,0.9999964626912334,1.0004870949997682,1.000490634044059,68.37028138764515,0.0016023918312774246,84.11630249023438,2024,74.71445782640136,74.71445782640136,,,,7.794021355694306e-05,84.12285878831041,0.0004308403811623726,84.152550998161,0.00011119575362758779,84.12565638592923,0.016017285121193936,85.47446529434612
2024-11-07,84.2511978149414,0.0016036763470754778,0.0019276470919666888,0.002183973221302926,0.0036810818514239063,0.000760879309055534,0.0007847444352855691,84.14901885986328,84.09079971313477,83.94372619628906,1.001214261989772,1.0019074393673721,1.000692336699462,79.91029109153546,0.0006549532417833543,84.2511978149414,2024,74.71445782640136,74.71445782640136,,,,0.0002809421382653774,84.27487085182806,0.000273819885277433,84.2742706270148,0.00011119575362758779,84.26056671125755,-0.0469920437814817,80.38364561443463
2024-11-08,84.306396484375,0.0006551677704906833,0.0025555158069181516,0.002671138223554248,0.004293204471156331,0.0007386665875154021,0.0007908946858665919,84.19199829101562,84.10881958007812,83.95195205688476,1.001358777504769,1.002349062860272,1.0009889416038982,82.09671769723693,0.0009069922920476606,84.306396484375,2024,74.71445782640136,74.71445782640136,,,,0.0002809421382653774,84.33008503107244,0.00042826918599636973,84.34251004878308,0.00011119575362758779,84.31577151889006,-0.026299862320583164,82.11805257109812
2024-11-11,84.38289642333984,0.0009074037339387164,0.002963121757045162,0.003339980697455225,0.002549648947385963,0.0007593767725877434,0.0005754190482436132,84.24185791015626,84.11954956054687,83.962333984375,1.0016742094332014,1.003130626164414,1.0014539824600623,85.0011220244774,0.0001611951552909305,84.38289642333984,2024,74.71445782640136,74.71445782640136,,,,0.00035211639682907576,84.41261425654355,0.0004917578357800404,84.4244025785139,0.00011119575362758779,84.39227996479622,-0.023727239192936588,82.40428952150651
2024-11-12,84.39649963378906,0.00016120814792808247,0.002899537227258442,0.0034921688367837156,0.00414046143002178,0.0007675350978805616,0.00044495428191171284,84.29065856933593,84.13694953918457,83.97171798706054,1.0012556677839464,1.0030848526839402,1.001826890931906,85.10576296753402,-1.4192809498113487e-05,84.39649963378906,2024,74.71445782640136,74.71445782640136,,,,0.0003001450794770505,84.42183462977623,0.0006069519385580343,84.44773980143582,0.00011119575362758779,84.40588468794878,0.015245080352507628,85.69298848058142
2024-11-13,84.39530181884766,-1.419270878066925e-05,0.0033168282527120674,0.0036389855588307984,0.00403424977948541,0.0006432439162807151,0.00044701867366506414,84.3464584350586,84.15390472412109,83.98061798095704,1.0005790804343808,1.0028685192388627,1.0022881138025472,88.11607063625877,0.0003281007173893801,84.39530181884766,2024,74.71445782640136,74.71445782640136,,,,0.0002970885064098463,84.42037841781325,0.0006590696048064289,84.45094253060181,0.00011119575362758779,84.40468673980803,0.031886610903486656,87.12974637011023
2024-11-14,84.4229965209961,0.0003281545483169168,0.0020391247900362064,0.003970702594974451,0.004565691459591514,0.0003728348071935119,0.0004375028977311989,84.38081817626953,84.17308959960937,83.98942794799805,1.000499857024833,1.0029689645773425,1.0024678739683701,88.47762118630943,0.0006015998001626668,84.4229965209961,2024,74.71445782640136,74.71445782640136,,,,0.00022537104738825687,84.44202516431778,0.0006574460695919107,84.47851833754216,0.00011119575362758779,84.43238452166096,0.028657747027781427,86.87736983109656
2024-11-15,84.47380065917969,0.0006017807976166356,0.001985663980261787,0.004546254182868692,0.0049967777364279264,0.0003646450331612801,0.00044510781529251073,84.41429901123047,84.19408950805663,83.99923202514648,1.0007048764089281,1.003322218373729,1.0026154983617082,89.22173038229377,4.380263796448687e-05,84.47380065917969,2024,74.71445782640136,74.71445782640136,,,,0.00022537104738825687,84.49284075357353,0.0006347899432134077,84.52744080161341,0.00011119575362758779,84.48319430936309,0.03624965211815781,87.59212415856348
2024-11-18,84.47750091552734,4.380359731404049e-05,0.0011211335021361624,0.004087577314254132,0.004862668325490427,0.000248352427966658,0.00044724062307787836,84.43321990966797,84.21452941894532,84.00913009643554,1.0005244500435582,1.0031226380815335,1.0025968261323972,89.28725701943844,-0.0009356259787212704,84.47750091552734,2024,74.71445782640136,74.71445782640136,,,,0.00022537104738825687,84.4965418439458,0.0007598951110735763,84.54171935201653,0.00011119575362758779,84.48689497718642,0.0473478521674241,88.5735331189553
2024-11-19,84.39849853515625,-0.0009351884172105196,2.3684647774135925e-05,0.002923290549550428,0.003865628790377107,0.000580173344594802,0.0005183036207384373,84.43361968994141,84.23077926635742,84.01748199462891,0.9995840382668169,1.001991187428867,1.002408150860656,78.50360805165211,-1.0666935690471262e-05,84.39849853515625,2024,74.71445782640136,74.71445782640136,,,,-4.3810246537475977e-05,84.39480109712146,0.00082024166622905,84.4677540994888,0.00011119575362758779,84.40788381159767,-0.030202868029970957,81.88753189419558
2024-11-20,84.39759826660156,-1.0666878798915036e-05,2.7210611306616173e-05,0.003344129116943151,0.0037295874860652223,0.0005801465223393338,0.0005201249245878068,84.43407897949218,84.24645919799805,84.02579391479492,0.9995679385227915,1.0017940109298635,1.0022270346229412,78.40214657994184,-0.00017177141209040754,84.39759826660156,2024,74.71445782640136,74.71445782640136,,,,-3.077679735086136e-05,84.39500081879359,0.0006839863040031483,84.4553448145793,0.00011119575362758779,84.40698344293138,-0.06527034198805964,79.06486588032176
2024-11-21,84.38310241699219,-0.0001717566602260634,-0.0004725502013421812,0.0015656109998638534,0.0037530034736654727,0.0005531022482577273,0.0005192502517793368,84.42610015869141,84.26223449707031,84.03360397338867,0.9994907055801653,1.0014344257619476,1.0019447106120454,76.26186975222966,0.0012458486880827426,84.38310241699219,2024,74.71445782640136,74.71445782640136,,,,6.130141920047326e-05,84.38827537948023,0.0006381157523182037,84.43696578757884,0.00011119575362758779,84.39248598135546,-0.0326066326666868,81.67602772905546
2024-11-22,84.48829650878906,0.001246625079948327,0.00017160172143615426,0.002157606445055249,0.004834507933656251,0.0007832961173145261,0.0005706069081679457,84.42899932861329,84.28255920410156,84.04467391967773,1.0007023319078434,1.0024410424485246,1.001737490245842,78.68433717099174,-0.0006192063923258652,84.48829650878906,2024,74.71445782640136,74.71445782640136,,,,7.951128873254803e-05,84.49501454920379,0.0003767171382564994,84.52013069393111,0.00011344720819451882,84.4978820138672,-0.054090774539430383,80.03965884312885
2024-11-25,84.43599700927734,-0.0006190147236105892,-0.0004913013027161295,0.000629281385070124,0.003971363870204581,0.0008356770477795108,0.0006021683423169105,84.42069854736329,84.29925918579102,84.05569778442383,1.0001812169548143,1.0016220524925963,1.0014405744812611,71.75152487209806,-0.0006930082061267145,84.43599700927734,2024,74.71445782640136,74.71445782640136,,,,-3.4466185953001415e-05,84.43308687265424,0.0005864185192211185,84.48552636265815,0.00011344720819451882,84.4455765807867,0.012929472756902663,85.53479808430522
2024-11-26,84.37750244140625,-0.0006927681314009559,-0.00024877330893813276,-0.0002250945532722426,0.003266288215327151,0.0007801499588388945,0.0006334253986600445,84.41649932861328,84.31299438476563,84.06556777954101,0.999538041881419,1.0007651021898978,1.0012276274209324,69.37740547883178,-0.00045518629395478977,84.37750244140625,2024,74.71445782640136,74.71445782640136,,,,0.0001131075365108912,84.38704671259866,0.0005224945798319178,84.42160074865166,0.00011344720819451882,84.38707537649375,8.889849709120545e-06,84.37825254805594
2024-11-27,84.33910369873047,-0.0004550827123905865,-0.0006930833231334477,-0.0006658915710475721,0.0029706708179724206,0.0007996889421607147,0.0006446756005996787,84.40480041503906,84.32548446655274,84.07693786621094,0.9992216471576789,1.0001615079031432,1.0009405928585893,57.61110817523649,0.0009623126044927019,84.33910369873047,2024,74.71445782640136,74.71445782640136,,,,0.00012090801374405265,84.34930158873053,0.0003019520909488542,84.36457391263971,0.00011344720819451882,84.34867227734071,-0.02899655255367513,81.92867637553053
2024-11-28,84.42030334472656,0.0009627757758270405,0.00044085754930578425,-3.190097936001113e-05,0.003938674946312837,0.0009370233421895284,0.0006684702269317606,84.41224060058593,84.34204444885253,84.09150985717774,1.000095516291041,1.000927875253504,1.0008322794662152,59.43742098609355,0.0006074897417704606,84.42030334472656,2024,74.71445782640136,74.71445782640136,,,,0.0003443466864664755,84.4493782020819,3.104303997410189e-05,84.42292404825501,0.00011344720819451882,84.4298811357325,-0.041794247208376906,80.96473475054692
2024-11-29,84.47160339355469,0.0006076743010343666,-0.00019757902483730216,-2.6011208301923716e-05,0.004520124721002272,0.0007679024398841003,0.0006733239546711996,84.40890197753906,84.36104965209961,84.10864791870117,1.0007428294237533,1.001310483237359,1.0005672324566466,57.66982862118554,0.0010104304116605968,84.47160339355469,2024,74.71445782640136,74.71445782640136,,,,-9.219945483015236e-05,84.46381551679768,6.346102156296197e-05,84.47696421789901,0.00011344720819451882,84.48118700473808,-0.009328199784313762,83.68729916148068
2024-12-02,84.55699920654297,0.0010109410684489006,0.0014330641142583644,0.0009410587452760577,0.005032482709908859,0.0008053302885026262,0.00069365143268482,84.43310241699218,84.38221969604493,84.13004592895508,1.001467395914684,1.0020712836321162,1.0006030028734791,62.344643045759156,0.002127653089853087,84.55699920654297,2024,74.71445782640136,74.71445782640136,,,,5.289743735948114e-05,84.56147217341501,-1.0601483470461422e-05,84.55610278166529,0.00011344720819451882,84.56659250619249,0.01235269829019206,85.6079841922414
2024-12-03,84.73709869384766,0.002129918149824217,0.00426175511287652,0.004011921593016998,0.006946940155045711,0.0009271954688561099,0.0008107520459570317,84.50502166748046,84.41144981384278,84.15359588623046,1.0027463104770318,1.0038578756877539,1.0011085208682478,70.61552054189369,-0.0006374783812782806,84.73709869384766,2024,74.71445782640136,74.71445782640136,,,,0.00024446539396717965,84.75781651435537,-0.00018369207142936197,84.72153459020666,0.00011344720819451882,84.74671242644021,0.04057008413269064,88.24557836136248
2024-12-04,84.68309783935547,-0.0006372752351043731,0.004078702826316283,0.0033827926222740334,0.0067382342345219115,0.0009926388366752333,0.0008224363305045908,84.57382049560547,84.43978958129883,84.17590591430664,1.0012920942096457,1.0028814408380589,1.0015872956928393,65.20552344251766,0.0002822230275157616,84.68309783935547,2024,74.71445782640136,74.71445782640136,,,,-4.702989071469038e-07,84.68305801299647,0.00019434900031481555,84.69955751417298,0.00011344720819451882,84.69270544535433,0.0819351862579083,91.91380307350455
2024-12-05,84.70700073242188,0.0002822628561811591,0.003396071517589805,0.003838426250662108,0.005410046732886142,0.001013708060066382,0.0007664211853668934,84.63115997314453,84.46257972717285,84.19756393432617,1.0008961328109105,1.0028938377922927,1.0019959163752306,64.07559542448746,-0.00027393446219523676,84.70700073242188,2024,74.71445782640136,74.71445782640136,,,,4.5339724323449913e-05,84.71084141155036,0.00012034562498415704,84.71719546279886,0.00011344720819451882,84.71661105029105,0.024803390779694748,86.83429456386818
2024-12-06,84.68379974365234,-0.0002738969455762241,0.002512043593028812,0.0023139682410679985,0.004476567318913771,0.001101973944464392,0.0007700001136601212,84.67359924316406,84.48144989013672,84.21889785766602,1.0001204684881646,1.0023951986356623,1.0022744561472041,62.1654939082549,-0.00021020842652787373,84.68379974365234,2024,74.71445782640136,74.71445782640136,,,,0.0003486091253152088,84.71332643534741,0.00022006215413686146,84.70243749370091,0.00011344720819451882,84.6934074292848,0.006920690168523452,85.27190277609778
2024-12-09,84.66600036621094,-0.0002101863342846011,0.0012890850040896407,0.002723996459807587,0.003354992005142776,0.0010963914288984482,0.0007582290602006151,84.69539947509766,84.49560508728027,84.23788986206054,0.9996528842290263,1.002016617062564,1.002364553607386,67.00190084568237,0.0021390342052772016,84.66600036621094,2024,74.71445782640136,74.71445782640136,,,,0.00015092438611527038,84.67877949465785,0.0004205610510144115,84.70161507686527,0.00011344720819451882,84.67560603243918,-0.020231217797679474,82.97031480165127
2024-12-10,84.84729766845703,0.0021413235709957235,0.001300480855587427,0.005567778299399473,0.0053414304695580395,0.0011012603014053466,0.0008772624570247548,84.71743927001953,84.51814498901368,84.25828979492188,1.0015328414026257,1.0038944617098038,1.0023580058581711,73.25039248325535,0.0003146674148749964,84.84729766845703,2024,74.71445782640136,74.71445782640136,,,,0.0002469430842777313,84.8682527090806,0.00016758139441888019,84.86151768838508,0.00011344720819451882,84.85692390352479,-0.058943332635134404,79.99065458792104
2024-12-11,84.8740005493164,0.00031471692785922656,0.002254318923512688,0.006342216446793891,0.005672101647272498,0.0009832194443273308,0.0008747978502411344,84.75561981201172,84.54207992553711,84.27832778930664,1.001396730241219,1.0039260995716175,1.0025258414113147,75.06407909190773,-0.0001991280177227258,84.8740005493164,2024,74.71445782640136,74.71445782640136,,,,0.00021509873332667217,84.89225880292015,0.0004471863370979303,84.91196353036747,0.00011344720819451882,84.88362981392328,0.040214054563781035,88.35668534819975
2024-12-12,84.85710144042969,-0.0001991081930549088,0.0017719988514521834,0.005174088203870664,0.005142022166029436,0.0010264692580741709,0.0008812927613766389,84.78563995361328,84.56378517150878,84.29707778930664,1.0008428489406402,1.003468580176798,1.0026235200051008,70.69632826414578,-0.00021094813712382434,84.85710144042969,2024,74.71445782640136,74.71445782640136,,,,0.00013076273910186096,84.86819831295921,0.0004669117420536005,84.89673146863166,0.00011344720819451882,84.8667287877711,0.025547627622273153,87.0529287280885
2024-12-13,84.83920288085938,-0.0002109258891299648,0.0018350987754145454,0.004351752216564808,0.0043256278139296445,0.0010171748133643741,0.0008832852608758374,84.81672058105468,84.58205528259278,84.31367385864257,1.0002650691945016,1.0030402145869766,1.0027744099818559,73.53551547539524,-0.0004385836373550982,84.83920288085938,2024,74.71445782640136,74.71445782640136,,,,7.47276090509749e-05,84.84554294853055,0.0005055078799884615,84.88210060810367,0.00011344720819451882,84.84882819754398,0.006273670274628759,85.37312915355935
2024-12-16,84.802001953125,-0.00043848747361074913,0.0016063305970024366,0.0028974862977761973,0.003841271747872188,0.0010540273973768408,0.0008947489321845405,84.8439208984375,84.59828033447266,84.32915786743165,0.9995059287115846,1.002408105907672,1.0029036117873042,75.41010558620438,0.0013586601919346032,84.802001953125,2024,74.71445782640136,74.71445782640136,,,,0.00028619780534337914,84.82627557333544,0.0005591880821793714,84.8494354828584,0.00011344720819451882,84.8116230492288,-0.005350828459629239,84.34945282377879
2024-12-17,84.91729736328125,0.0013595835888400298,0.0008250079466023408,0.0021265617092300904,0.006147014901087378,0.000722415595247975,0.0008897044072708873,84.85792083740235,84.62422027587891,84.34822174072265,1.000699716953856,1.0034632766653198,1.002761627353984,81.69249684266872,-2.2371655096004603e-05,84.91729736328125,2024,74.71445782640136,74.71445782640136,,,,0.00030332844500500063,84.94305910198102,0.00028850015371015096,84.9417995508957,0.00011344720819451882,84.92693154006943,-0.005363264288523212,84.46308258059169
2024-12-18,84.91539764404297,-2.237140485239486e-05,0.000487747654860593,0.002743166117141538,0.006135238301518298,0.0007206957361712259,0.00088992806398135,84.86620025634765,84.65011024475098,84.36823776245117,1.00057970531904,1.003133928574044,1.0025527434160675,79.72134946733962,0.002940945991262703,84.91539764404297,2024,74.71445782640136,74.71445782640136,,,,0.00024598750771246287,84.93628834039568,0.0005334483034035552,84.9607077030616,0.00011344720819451882,84.92503160530107,0.034464992014213186,87.89302333014203
2024-12-19,85.16549682617188,0.002945274815497001,0.0036342908313771183,0.00541272964200834,0.009271932256216031,0.001424827001675698,0.0010587393421839033,84.9278793334961,84.68922996520996,84.39270370483399,1.0027978738494423,1.0056237004535,1.0028179423568282,83.628887935752,0.001336582989181638,85.16549682617188,2024,74.71445782640136,74.71445782640136,,,,0.00039631980816286986,85.19925628886612,-2.4795734733506683e-05,85.163385111285,0.00011344720819451882,85.17515916209345,0.032050720552963624,87.93932653918597
2024-12-20,85.27940368652344,0.0013374766143154915,0.005188648534124596,0.007033268992110209,0.009363511994256779,0.0013355886074763606,0.0010624708789764604,85.0159194946289,84.72878532409668,84.4193717956543,1.003099233572498,1.006498598561523,1.0033888621137894,84.069140706519,-0.003928983333022023,85.27940368652344,2024,74.71445782640136,74.71445782640136,,,,0.0006903687463435117,85.33829824867881,0.00018559169415729458,85.29523230431491,0.00011344720819451882,85.28907894559335,0.1736813858550875,101.4548988909888
2024-12-23,84.94499969482422,-0.003921274976645517,0.001686254314824609,0.0032952935937271555,0.006028266421618023,0.0026034469589712246,0.0014322958868573164,85.04451904296874,84.75423545837403,84.43490585327149,0.9988297970373112,1.0022507929594136,1.0034250038717805,58.55906224087243,0.0018101230203016608,84.94499969482422,2024,74.71445782640136,74.71445782640136,,,,0.0002892210350023034,84.96957112867071,0.0009553828363833146,85.02619346896252,0.00011595226344265397,84.95484983086871,0.04848929447463786,89.16541847117747
2024-12-24,85.0988998413086,0.0018117622819151524,0.002138580520885336,0.0029653528134119256,0.008549641539856045,0.002655071650002268,0.0014501634246300154,85.08083953857422,84.79030532836914,84.45591384887695,1.0002122722675555,1.0036395023198035,1.00342650270075,65.81709058404243,0.0009702051386714437,85.0988998413086,2024,74.71445782640136,74.71445782640136,,,,0.00042868133579936004,85.13538797169907,1.6744324266978477e-05,85.10032477681204,0.00011595226344265397,85.10876782345804,-0.05377522652069268,80.64355443292091
2024-12-25,85.18150329589844,0.0009706759399226161,0.0031337738412409166,0.003623049986943405,0.009988244600951823,0.002649893362235569,0.0014395371687426566,85.13406066894531,84.83242530822754,84.47841995239258,1.0005572696354472,1.0041149122685409,1.003555661171089,67.27841489976441,0.0027186696300730753,85.18150329589844,2024,74.71445782640136,74.71445782640136,,,,0.00026970337765002143,85.20448013337672,0.00010267561901760344,85.19024980849731,0.00011595226344265397,85.19138085666074,-0.04123667211464383,81.74034024750003
2024-12-26,85.41339874267578,0.0027223685636517114,0.0029108256951742018,0.00655569531368716,0.011763703263348413,0.002602631746787617,0.0015209055018171795,85.18364105224609,84.882080078125,84.50590194702148,1.0026972043879736,1.0062594915683234,1.0035527048093489,73.0622678821203,-0.0017869869974121147,85.41339874267578,2024,74.71445782640136,74.71445782640136,,,,0.00023503458068964848,85.43347620439101,-4.302595027264058e-05,85.40972382908775,0.00011595226344265397,85.42330319379899,-0.004132038378266409,85.0611954609103
2024-12-27,85.26090240478516,-0.0017853912867938915,-0.00021694900454849453,0.004970573857441485,0.009343956779808149,0.0027473557733997535,0.0016106016250681963,85.17994079589843,84.92154502868652,84.5300439453125,1.0009504774026636,1.0039961281437355,1.0030427586677164,67.32893303998044,0.0014661760818723006,85.26090240478516,2024,74.71445782640136,74.71445782640136,,,,-0.00016382745744814828,85.24693547203923,0.0008476809926709855,85.33320709249676,0.00011595226344265397,85.27078917258763,0.08820785728384829,93.1232470330829
2024-12-30,85.38600158691406,0.0014672514435161155,0.005191616854131498,0.006886625555277304,0.009804065756237712,0.0017026546181218719,0.0016219142356120816,85.26814117431641,84.96299514770507,84.55638992309571,1.0013822326952888,1.004978713832694,1.0035915168254232,66.22307794815711,0.004680624708649626,85.38600158691406,2024,74.71445782640136,74.71445782640136,,,,0.00041010000386353557,85.42102556767121,-0.00016348269107968738,85.37204359457026,0.00011595226344265397,85.39590286109086,-0.07829004711593,78.95610967928373
2024-12-31,85.7865982055664,0.0046915959432130006,0.00808116633164735,0.010237029077435622,0.012385360460718031,0.002381771258919062,0.0018442178992995834,85.40568084716797,85.01547012329101,84.59065185546875,1.0044600939260713,1.0090704442515825,1.0045898790339107,72.43142079167073,-1.0494334749141965e-05,85.7865982055664,2024,74.71445782640136,74.71445782640136,,,,0.0004941731774126901,85.82900211795621,-0.0006935635744448428,85.72712037408841,0.00011595226344265397,85.79654593252097,-0.10144334219056858,77.51096839579166
2025-01-02,85.78569793701172,-1.0494279683803676e-05,0.007093026276073777,0.010249028057514042,0.013020308961156468,0.0024860883299012535,0.0018270225511603459,85.52651977539062,85.07060012817382,84.6246858215332,1.0030303835851353,1.0084059335159323,1.005359309168266,73.0056061906256,0.00021333352385131675,85.78569793701172,2025,76.16848285353196,76.16848285353196,,,,0.0006169320359104826,85.83863821088835,0.00017504864391287562,85.80071592150327,0.00011595226344265397,85.79564555957205,0.05690421881119738,90.8088293756643
2025-01-03,85.80400085449219,0.00021335628106577964,0.004573077732138664,0.007497214859481627,0.012950524898592386,0.002408766017046874,0.0018278145492989684,85.60464019775391,85.12545013427734,84.6594139099121,1.0023288533924999,1.0079711851055648,1.0056292220801264,73.89769523247992,-0.0005245672907173134,85.80400085449219,2025,76.16848285353196,76.16848285353196,,,,0.00031557382223737436,85.8310826239291,0.00021883803433962439,85.82278008810799,0.00011595226344265397,85.81395059944028,0.04208717799258231,89.4923201666383
2025-01-06,85.75900268554688,-0.0005244297293505173,0.005842071415065986,0.005623854978939358,0.012696678055889032,0.0021017724724360183,0.0018352879004073887,85.70426025390626,85.17921028137206,84.69295791625977,1.0006387364114506,1.0068067360833657,1.0061640624607788,73.61334919654824,-0.0009134462937456855,85.75900268554688,2025,76.16848285353196,76.16848285353196,,,,0.00028967224260566927,85.78384828654518,0.0001605964367760252,85.77277638177331,0.00011595226344265397,85.7689472125529,-0.0269241751192109,83.48081900906561
2025-01-07,85.68070220947266,-0.0009130292286784192,0.003451392699992173,0.00866092786263506,0.011984761756463902,0.002278990129518583,0.0018588534061100893,85.76320037841796,85.22994537353516,84.72453201293945,0.9990380703077626,1.0052887143592781,1.0062566625209686,69.18678452953922,0.001467177782992864,85.68070220947266,2025,76.16848285353196,76.16848285353196,,,,0.00043715862000199873,85.71816645532371,0.00046972242588799447,85.7209578105054,0.00011595226344265397,85.69063765683487,-0.042653783797690116,82.10294100373432
2025-01-08,85.80650329589844,0.0014682546148865327,0.0002320303024994086,0.008315071709615207,0.011305081644314985,0.0009081756960946987,0.0018353767216772196,85.76718139648438,85.27790565490723,84.75860610961914,1.0004584725622763,1.0061985298176797,1.0057374268026362,71.083232549324,0.0011763506038516122,85.80650329589844,2025,76.16848285353196,76.16848285353196,,,,0.0002042823708976979,85.82403384236,0.00013813963166927492,85.81835739340005,0.00011595226344265397,85.81645333102709,0.012599769607507527,86.89448523570535
2025-01-09,85.90750122070312,0.0011770427756088164,0.001419855367742473,0.008522952715247945,0.012176881785915139,0.0010357862041840023,0.0018393408595124441,85.79154205322266,85.32958068847657,84.79497009277344,1.0013516386896104,1.0067728040799409,1.0054138478241517,68.88818109783571,0.00014545923450684327,85.90750122070312,2025,76.16848285353196,76.16848285353196,,,,0.0005277671457592217,85.95285234378541,6.796302684253629e-05,85.91333995292126,0.00011595226344265397,85.91746296744874,0.026818996080048105,88.2426270630021
2025-01-10,85.91999816894531,0.00014546981421426075,0.0013518870134019423,0.005931147029937911,0.012525725136413923,0.0010373913253850391,0.0018329960247720955,85.81474151611329,85.38272552490234,84.83158798217774,1.0012265567776868,1.0062925215930976,1.0050597587340422,67.1944626474443,0.0031143884660459428,85.91999816894531,2025,76.16848285353196,76.16848285353196,,,,0.0003837901318718187,85.95297974496987,0.00011908323961707757,85.93023040990727,0.00011595226344265397,85.92996136482438,0.05519500098440368,90.79567119743999
2025-01-13,86.18800354003906,0.0031192432123516856,0.005002400226891801,0.010873696021329815,0.015898318387948862,0.0015109350720173438,0.0019030586915121596,85.90054168701172,85.45016555786133,84.87351806640625,1.0033464498288582,1.0086347168242538,1.0052706290995472,84.59718759688606,0.005352903607954401,86.18800354003906,2025,76.16848285353196,76.16848285353196,,,,0.00048675884897461685,86.22996652553635,-0.0001886784440427752,86.17174325566678,0.00011595226344265397,86.19799781354925,-0.0011571127135124176,86.08833198212498
2025-01-14,86.65059661865234,0.0053672559940245446,0.011319869984357522,0.014810332000978477,0.021798950767095926,0.0020410861298870383,0.0021344260470838577,86.09452056884766,85.5425952911377,84.92385803222656,1.0064589017527545,1.012952626977749,1.0064520520546696,86.85587747084278,-0.0013303182359504608,86.65059661865234,2025,76.16848285353196,76.16848285353196,,,,-0.0021387596704122453,86.46546985858005,-0.0009304060072402269,86.57001387617431,0.00011595226344265397,86.66064453398693,-0.016257298388243288,85.25328107746165
2025-01-15,86.535400390625,-0.001329433754903242,0.00849466027316148,0.008728661594253673,0.019055046234236706,0.002613926722511767,0.0021996489659662512,86.24029998779297,85.62350044250488,84.97151611328125,1.003421838779246,1.010650112917685,1.0072036244967848,81.66743995146152,-0.0012071783578269267,86.535400390625,2025,76.16848285353196,76.16848285353196,,,,0.00031581447621507983,86.56273383869554,0.0002216358361452988,86.55458186201895,0.00011595226344265397,86.54543494792178,0.11749487729147727,97.32427659398348
2025-01-16,86.43099975585938,-0.0012064500111440557,0.006093746503129438,0.007522254109554094,0.017848377960492545,0.0029303899587757648,0.00224261486492216,86.34499969482422,85.6992805480957,85.01781005859375,1.0009960051113453,1.0085382187934824,1.0075347090733875,75.31112536482983,0.0020238699318150134,86.43099975585938,2025,76.16848285353196,76.16848285353196,,,,0.0006904471381889391,86.49069639860815,0.000294204919820742,86.45643192216336,0.00011595226344265397,86.44102220696439,-0.009276909931382332,85.63289485329784
2025-01-17,86.6061019897461,0.002025919338910054,0.007985379834991146,0.00934806217968931,0.016915361469851842,0.0028783397389878897,0.0022073571768397573,86.48222045898437,85.77131080627441,85.06490814208985,1.0014324508564216,1.009732755342368,1.0082884317148382,83.08750121977766,-0.00042848822601557993,86.6061019897461,2025,76.16848285353196,76.16848285353196,,,,0.0007375077720596047,86.66999822215914,-0.0001649597659265548,86.59181664571994,0.00011595226344265397,86.61614474552863,-0.11524211219469047,77.17905891582772
2025-01-20,86.56900024414062,-0.00042839643804615246,0.00442053056635161,0.009445044056351382,0.015122016593333454,0.0028458391955143623,0.002221738501061336,86.55841979980468,85.83579063415527,85.11016021728516,1.0001222347214795,1.0085420033364683,1.0084187395527042,80.41450248717184,-0.0041428734325321525,86.56900024414062,2025,76.16848285353196,76.16848285353196,,,,0.00089559246209533,86.64656551646252,0.0004874659428997794,86.61120997053673,0.00011595226344265397,86.57903869764235,-0.0162170838442188,85.17642577705533
2025-01-21,86.21109771728516,-0.004134303571094899,-0.0050720816534179924,0.006190373026072837,0.014904915262929697,0.0022054970831604515,0.0022457089558536258,86.47052001953125,85.89909553527832,85.14672424316406,0.9969998757705227,1.0036321940302468,1.0066522759138745,61.15870876652548,0.0027892381592045565,86.21109771728516,2025,76.16848285353196,76.16848285353196,,,,-0.00012013872566412362,86.20074104799828,0.0012554679170386563,86.319400955957,0.00011595226344265397,86.22109466877272,0.13923635603440543,99.09066798443838
2025-01-22,86.45189666748047,0.002793131703124452,-0.0009649660458909137,0.0075214971685355625,0.01589911066647076,0.00275938885537005,0.0022807518360303046,86.45381927490234,85.96674537658691,85.18783218383788,0.9999777614518595,1.0056434763089879,1.005665840857203,65.55086979441224,0.00024062925858158156,86.45189666748047,2025,76.16848285353196,76.16848285353196,,,,0.00020615757858939991,86.4697212184319,6.666481338168901e-06,86.4524729993573,0.00012834929223851777,86.46299341934531,-0.052534759724655204,82.02740441686186
2025-01-23,86.47270202636719,0.00024065821212393423,0.0004824920529162835,0.006579178740306002,0.015158205484862908,0.0027014087131533317,0.00228357291266054,86.4621597290039,86.03130531311035,85.22938018798828,1.000121929609396,1.0051306522858205,1.0050081120392798,65.59106886197719,-0.0003759259205480311,86.47270202636719,2025,76.16848285353196,76.16848285353196,,,,0.00039709434334102224,86.50704666577498,0.00031247235541361146,86.499726577241,0.00012834929223851777,86.4838014487565,-0.013143659007481295,85.34357102915611
2025-01-24,86.44020080566406,-0.0003758552692526562,-0.0019155830856083522,0.006054500090838744,0.012021557251008286,0.0024774549227915897,0.00224789523628273,86.4289794921875,86.08264541625977,85.26972427368165,1.0001298327660757,1.0041536291975612,1.0040232740786834,65.97553731311237,-0.002747840865946667,86.44020080566406,2025,76.16848285353196,76.16848285353196,,,,6.670676041763376e-05,86.44596714375439,0.0006146207051568933,86.49334507294769,0.00012834929223851777,86.45129605627697,0.046450789302504056,90.5501321735053
2025-01-27,86.2030029296875,-0.0027440690068482043,-0.00422781034112607,0.00017403106038371696,0.011049619442562664,0.0026954002362504057,0.002310781520388913,86.35578002929688,86.12975044250489,85.3043083190918,0.9982308410675285,1.0008504899504094,1.0026242916719337,61.39945982489268,0.003074004428214512,86.2030029296875,2025,76.16848285353196,76.16848285353196,,,,0.00014139650163813434,86.21519259450014,0.0009436003608838815,86.28438250322047,0.00012834929223851777,86.21406773416709,0.07068651873225558,92.51691869151107
2025-01-28,86.46839904785156,0.0030787340248521478,0.0029845499869423087,-0.0021026695477081025,0.012676521219180614,0.0024092610708378553,0.0023716630993369523,86.40724029541016,86.18387031555176,85.34412628173828,1.0007077966178797,1.0033014151169823,1.0025917840431227,63.61647361647361,0.0013429796031056362,86.46839904785156,2025,76.16848285353196,76.16848285353196,,,,0.00030342717273472105,86.49463989059657,-0.000661049462476635,86.4112580477343,0.00012834929223851777,86.47949791792118,-0.1289748778419121,76.00538100068088
2025-01-29,86.58460235595703,0.0013438818040467648,0.0015350234476287916,0.000568576156231293,0.009302200659343063,0.002152750221953618,0.002180557415755407,86.43378143310547,86.2237705230713,85.3878483581543,1.0017449302847903,1.0041848301309113,1.0024356498070097,63.84267679052167,0.0006465543854571685,86.58460235595703,2025,76.16848285353196,76.16848285353196,,,,0.0002589177265374602,86.60702354684881,-0.00012771059714843542,86.57354529075351,0.00012834929223851777,86.59571614159617,-0.009564981648008453,85.76037038923485
2025-01-30,86.6406021118164,0.0006467634467979266,0.001941654204329346,0.0024250830899688047,0.009965579290762472,0.002157199074831971,0.002177960171329117,86.46736145019531,86.26651573181152,85.4327084350586,1.0020035381988714,1.0043364030276574,1.0023282001907692,64.47458354405161,7.387789800749566e-05,86.6406021118164,2025,76.16848285353196,76.16848285353196,,,,0.0002589177265374602,86.66303780391489,2.7759660804051577e-05,86.64300725892576,0.00012834929223851777,86.65172308544587,0.007342781610129218,87.27912653548026
2025-01-31,86.64700317382812,7.388062704660747e-05,0.0023924327597177886,0.0004722667703815908,0.009824743729205831,0.0021264450454662642,0.0021791431729437176,86.50872192382812,86.30866584777831,85.47798645019532,1.0015984659919235,1.0039200852281338,1.0023179141293024,60.30255911444776,-0.001073923662233719,86.64700317382812,2025,76.16848285353196,76.16848285353196,,,,0.0002589177265374602,86.66944052348961,-5.1849759585154376e-05,86.64251066401357,0.00012834929223851777,86.65812496908208,-0.0018380808465238568,86.48788525748168
2025-02-03,86.55400085449219,-0.0010733472125903365,0.004071759832902533,-0.00017326513655158138,0.009270142422951544,0.0015449610982058819,0.002195999806470191,86.57892150878907,86.34841575622559,85.51930053710937,0.9997121625695655,1.002380878635307,1.0026694844432842,47.40055762463403,0.0044887972380372645,86.55400085449219,2025,76.16848285353196,76.16848285353196,,,,0.0005332962424052266,86.60017208829149,-0.0002728393235860434,86.53038874074844,0.00012834929223851777,86.5651107121982,-0.021470138816400086,84.71548169596436
2025-02-04,86.94339752197266,0.004498886979645178,0.0054933187077770285,0.008494263778996869,0.014737219466443685,0.0020972406719095803,0.002345747164090437,86.67392120361328,86.41155052185059,85.56944854736328,1.0031090818854997,1.0061548137593896,1.0030362917940738,59.56747163411135,0.0021450593185381585,86.94339752197266,2025,76.16848285353196,76.16848285353196,,,,0.00010166475741531017,86.95223705071724,-0.000852644163018672,86.86929733659706,0.00012834929223851777,86.95455736167285,-0.14847051293974323,74.94741923385241
2025-02-05,87.13009643554688,0.0021473616041636223,0.006300128022154183,0.00784482231401995,0.015425324291377995,0.0021508857828104275,0.002361789840266184,86.78302001953125,86.47773017883301,85.62450042724609,1.0039993585834823,1.0075437486086278,1.003530271204701,65.78446909667196,0.0023386170790326735,87.13009643554688,2025,76.16848285353196,76.16848285353196,,,,0.00046534286685191094,87.17065123962385,-0.00045932439101542256,87.09008464696119,0.00012834929223851777,87.14128023945835,-0.03680821773293721,83.98129918521101
2025-02-06,87.33409881591797,0.002341353776900812,0.008004292297121296,0.00996148806924202,0.016606205220075054,0.0021638249338033037,0.002386613728454575,86.92171936035156,86.54906005859375,85.68440032958985,1.004744262522659,1.0090704480995258,1.0043057579308836,66.22524213733811,0.0029064770808351226,87.33409881591797,2025,76.16848285353196,76.16848285353196,,,,0.0004999178806150315,87.37776960849897,-0.000563574876672497,87.28489337872496,0.00012834929223851777,87.34530880507099,-0.034644343014459546,84.36027682756675
2025-02-07,87.58830261230469,0.0029107049804513174,0.010863612173500847,0.013282035394871494,0.019416951570214946,0.0020323267938643125,0.0024248729668734643,87.10997924804687,86.63247528076172,85.7477603149414,1.0054910283343748,1.0110331296484982,1.0055118356682946,70.71323146379581,-0.0008589645261317015,87.58830261230469,2025,76.16848285353196,76.16848285353196,,,,-0.0005852467113520683,87.53705684341948,-0.0007490712125929094,87.52271730335808,0.00012834929223851777,87.59954523042896,-0.05697773118624365,82.73723363299531
2025-02-10,87.51309967041016,-0.0008585957217073226,0.011080929898669156,0.015197808616844277,0.015374484567977298,0.00194726904867321,0.002401886581199335,87.30179901123047,86.69873008728027,85.80859024047851,1.002420347135716,1.0093930970189535,1.006955914156333,79.89245051672798,-0.0002628823367321807,87.51309967041016,2025,76.16848285353196,76.16848285353196,,,,-0.00024697168818543357,87.49148908115791,0.0001978740240240326,87.53041795295938,0.00012834929223851777,87.5243326356706,-0.02489550297994613,85.36131307767832
2025-02-11,87.49009704589844,-0.00026284778619833915,0.00628799356256593,0.011815854223014677,0.009688339838451743,0.001694769877300317,0.0021510476188669114,87.41113891601563,86.74070510864257,85.86725219726563,1.000903295974197,1.0086394494524487,1.0077291717485273,76.48450971767555,-0.007789930148385044,87.49009704589844,2025,76.16848285353196,76.16848285353196,,,,0.0015747489628647317,87.6279805229196,0.0003503567359407866,87.52075516105155,0.00012834929223851777,87.50132705859883,-0.01940433673459291,85.80877496687995
2025-02-12,86.81120300292969,-0.0077596672754013385,-0.003659968778447098,0.002617100971845865,0.0031871651492880737,0.004252612404963324,0.002814626778904626,87.34736022949218,86.7544952392578,85.90873428344726,0.9938617809953979,1.0006536579287966,1.0068338244444779,56.46462291642383,0.0007231191585556318,86.81120300292969,2025,76.16848285353196,76.16848285353196,,,,0.0020479021431339486,86.98916601482752,0.00206416392212507,86.99058062492189,0.00012834929223851777,86.82234587446803,0.11905268082654057,97.78667898030706
2025-02-13,86.8740005493164,0.0007233806722457548,-0.0052682545860048835,0.0026938690615143646,0.005125485007790864,0.004015841765213422,0.0027982439075585307,87.25534057617188,86.77664527893066,85.95255233764648,0.9956296081782803,1.0011219063617038,1.0055164070436524,58.189847636771134,-0.0013811541474737943,86.8740005493164,2025,76.16848285353196,76.16848285353196,,,,0.00012666866260682396,86.88500545975522,0.0007221285299788976,86.93675740015554,0.00012834929223851777,86.88515148139265,-0.053594696815013554,82.34058347925713
2025-02-14,86.75409698486328,-0.0013802007930445725,-0.009524167069818512,0.0012359782463602365,0.0017088287281963321,0.003363499681759226,0.0027887054441260604,87.0884994506836,86.78404502868652,85.99349426269531,0.996160199476055,0.999654913022165,1.003508184273923,60.88643193662831,-0.0036895769903836774,86.75409698486328,2025,76.16848285353196,76.16848285353196,,,,-0.0008224817051750331,86.68277266274006,0.0013535092581963165,86.87159896038611,0.00012834929223851777,86.76523252641424,0.040978102444069534,90.38295942079786
2025-02-17,86.43460083007812,-0.0036827788645059645,-0.012323856021485335,-0.0013794859074716115,-0.0015525120272091852,0.003380393706096238,0.0029126784828189018,86.87279968261718,86.7773250579834,86.02851028442383,0.994955856676198,0.9960505324671362,1.001100225485978,49.34631457172538,0.004849660292446836,86.43460083007812,2025,76.16848285353196,76.16848285353196,,,,0.00034592330721691173,86.46450574516061,0.0017228067818993668,86.58363929195244,0.00012834929223851777,86.445695361892,0.04284624185077342,90.21848233942636
2025-02-18,86.85479736328125,0.004861438928019046,-0.007261389620860759,-0.0010190556294860098,0.0074665520221885995,0.0047265180039640685,0.0029469894006368762,86.74573974609375,86.8095100402832,86.07228622436523,1.001257210065955,1.0005216861951765,0.999265399676143,54.675951232264666,0.00037299029081235946,86.85479736328125,2025,76.16848285353196,76.16848285353196,,,,-0.00010906527944609727,86.84532503709593,-2.553102143216005e-07,86.85477518836714,0.00012834929223851777,86.86594583048398,-0.1313803753180898,76.16159653626043
2025-02-19,86.88719940185547,0.0003730598603401969,0.0008754215619293237,-0.002787751232102509,0.005035201668845968,0.0031465730155879734,0.002891689642832831,86.76093902587891,86.83127517700196,86.1130842590332,1.001455267513171,1.0006440562428631,0.9991899675436107,54.302715654952074,-0.00016570749696611002,86.88719940185547,2025,76.16848285353196,76.16848285353196,,,,-0.00025536648492805304,86.86501415596366,-2.4291139861516508e-05,86.88508883837673,0.00012834929223851777,86.89835202810382,-0.025248991588185207,84.72084939973819
2025-02-20,86.872802734375,-0.00016569376823716286,-1.3787956509747623e-05,-0.00528196990404961,0.0046269018850111365,0.003133210180553287,0.0028932238778862055,86.76069946289063,86.85128021240234,86.15306030273437,1.0012920973687207,1.0002478089202602,0.9989570591326898,53.928867271298394,-0.004864890734491144,86.872802734375,2025,76.16848285353196,76.16848285353196,,,,-0.0004508286798721913,86.83364681037142,5.9404586188689104e-05,86.87796353055845,0.00013008825024319565,86.88410460038048,-0.00864110365585849,86.1253598576345
2025-02-21,86.45120239257812,-0.004853076319938365,-0.0034914154237349893,-0.012982329669747661,0.0001272739629423203,0.0038246352472719905,0.003108186380803956,86.70012054443359,86.85183029174804,86.18494232177734,0.9971289757120015,0.9953872256022221,0.9982532348851505,48.39487465393431,0.0009041626231450461,86.45120239257812,2025,76.16848285353196,76.16848285353196,,,,0.00018132990227288256,86.46688000202609,0.0008928610177290151,86.52842577087212,0.00013008825024319565,86.46244940976533,0.026536516934751675,88.77602612686165
2025-02-24,86.52940368652344,0.000904571501391116,0.001096816038193893,-0.011240556986228278,0.003786419796792506,0.0034612064874489186,0.0030443940521397658,86.71908111572266,86.86815032958984,86.21874633789062,0.9978127370959328,0.9961004506049553,0.9982839600785606,42.83995154765141,0.001855425955936151,86.52940368652344,2025,76.16848285353196,76.16848285353196,,,,-2.1156351659534458e-05,86.52757305939492,-0.0005032025697171759,86.48587282157239,0.00013008825024319565,86.54066087744187,0.07384215311463266,93.16074447118403
2025-02-25,86.69010162353516,0.001857148323752389,-0.0018962192618702245,-0.009143839695863965,0.0025639722502657225,0.002611337941622742,0.0029953177238072723,86.68614196777344,86.87923545837403,86.25650833129883,1.0000456780711637,0.9978230260217991,0.9977774494724565,42.32120174371074,0.004501303494463688,86.69010162353516,2025,76.16848285353196,76.16848285353196,,,,-0.00016205181200404327,86.67605447369803,-0.000497222575616762,86.647008062359,0.00013008825024319565,86.70137972072682,0.05094179623801867,91.22066901887003
2025-02-26,87.0811996459961,0.004511449578861182,0.002232782797421784,0.0031101589855551115,0.005735399557504461,0.00343452208236781,0.0031428608502362485,86.72494201660156,86.90406532287598,86.29978637695312,1.0041079027683448,1.0020382743023817,0.9979388385847208,45.85695573486916,0.0009297486998829216,87.0811996459961,2025,76.16848285353196,76.16848285353196,,,,-0.0006097184393404085,87.02812081606709,-0.0007052174316970556,87.01981011506057,0.00013008825024319565,87.09252862375459,-0.02502272719377375,84.92922694112616
2025-02-27,87.16220092773438,0.0009301810501873842,0.0033312864815038257,0.0033174525933610255,0.006020258437779535,0.0034202757929184544,0.003145188945820791,86.78282165527344,86.93014526367188,86.34472244262696,1.0043715941153417,1.0026694498595239,0.9983052644401826,42.599551600404936,0.0018889718803418202,87.16220092773438,2025,76.16848285353196,76.16848285353196,,,,-0.000423162428480818,87.12532496192995,-0.0002451987410344473,87.1408314857883,0.00013008825024319565,87.1735404434933,0.03363057443589604,90.14336395337207
2025-02-28,87.3270034790039,0.001890757111631114,0.010130583059432041,0.00660379756175189,0.00784793795824168,0.0014732977067942743,0.0031643467848475634,86.95798187255859,86.96414527893066,86.3879525756836,1.004243677216269,1.0041725034945082,0.9999291270402038,46.86547447093958,0.0015675113245709736,87.3270034790039,2025,76.16848285353196,76.16848285353196,,,,-0.000874719054928154,87.25065028371682,-0.0009641529075071015,87.24284747084494,0.00013008825024319565,87.33836443503289,0.01886235052611196,88.9898291282878
2025-03-03,87.46399688720703,0.0015687405126187937,0.010800874163763075,0.011909536773966112,0.010513621828350361,0.0013743380456242465,0.0031549258977654174,87.14490051269532,87.0096450805664,86.43164443969727,1.003661675813896,1.005221855648531,1.001554487804239,49.576637204939274,-0.0015378073898021758,87.46399688720703,2025,76.16848285353196,76.16848285353196,,,,-0.000160892394365219,87.44992572732876,-0.0007939920545413108,87.3945787309993,0.00013008825024319565,87.47537566562801,-0.13688912922693008,76.27445728342252
2025-03-04,87.32959747314453,-0.0015366255698995301,0.007376803552341826,0.005466596253484557,0.004441969858312467,0.0021661233533180908,0.0030417156409211243,87.27279968261719,87.028955078125,86.47933639526367,1.0006508074764864,1.0034545099932506,1.0028018790329414,60.212710312963125,-0.0012901382196973123,87.32959747314453,2025,76.16848285353196,76.16848285353196,,,,0.0007582690777568091,87.39584191886469,0.00011087779286503459,87.339280922994,0.00013008825024319565,87.34095876664362,-0.13322251422434325,76.43700388258132
2025-03-05,87.21700286865234,-0.0012893063491654644,0.0015595010542841514,0.0037957658788325688,0.0009974329957245232,0.001615210068251361,0.003024486583575191,87.29996032714844,87.03330039978027,86.52169845581055,0.9990497423116205,1.002110714726757,1.0030638838943633,56.62733721321045,-0.003764433218395501,87.21700286865234,2025,76.16848285353196,76.16848285353196,,,,0.0002971538404469356,87.24292358703681,0.00032906777583350275,87.245707896492,0.00013008825024319565,87.2283495139636,-0.09763877550540624,79.10376909834667
2025-03-06,86.88929748535156,-0.003757356622243746,-0.0031309838379262045,0.00018987243944446064,-0.005093100365115788,0.002357199243975842,0.003088518952655259,87.24537963867188,87.01106033325195,86.5558543395996,0.9959186130567024,0.9986006049410956,1.002692982990007,52.41810694197689,0.0027526114649185193,86.88929748535156,2025,76.16848285353196,76.16848285353196,,,,0.0002524877657463415,86.9112387397735,0.0010777457301697018,86.98299253536472,0.00013008825024319565,86.90060149726992,0.00909660459907806,87.68330096111212
2025-03-07,87.12879943847656,0.0027564033782800923,-0.0022696764188754326,0.007837913495077231,-0.005246170551586604,0.002606727868328238,0.0030803880896033147,87.2057388305664,86.98808517456055,86.59016235351562,0.9991177255863937,1.0016176268696297,1.0025021088298367,62.781720411981865,-0.0006314521993844351,87.12879943847656,2025,76.16848285353196,76.16848285353196,,,,6.724752336639868e-05,87.13465883146532,0.00039724824945011297,87.16341807717176,0.00013008825024319565,87.14013460881155,-0.08936715552259392,79.68013612390244
2025-03-10,87.07379913330078,-0.0006312528754011115,-0.004461238541493162,0.0062914503461686255,-0.00501982604620177,0.0023538531503336756,0.0030784757689451005,87.12769927978516,86.96612014770508,86.62642028808594,0.9993813661220263,1.0012381716628591,1.0018579549346993,54.658828646643144,0.003225424765503789,87.07379913330078,2025,76.16848285353196,76.16848285353196,,,,-8.859839060114496e-05,87.06608487657446,0.0008824336337609347,87.15066989395947,0.00013008825024319565,87.08512714827691,0.022942138748091298,89.09454985302567
2025-03-11,87.3551025390625,0.0032306320450203874,0.0002920552327727588,0.007671013219193279,-0.0015429689918519118,0.002923788289745497,0.003175127737391868,87.13280029296875,86.95937042236328,86.6658023071289,1.0025513038183818,1.0045507702594574,1.0019943781764187,59.000572359441726,-0.0017759289261115956,87.3551025390625,2025,76.16848285353196,76.16848285353196,,,,-6.91471364950561e-06,87.35449850563099,1.6656858162662308e-05,87.35655761273372,0.00013008825024319565,87.36646715068682,-0.02444497172911713,85.2455979616397
2025-03-12,87.20010375976562,-0.0017743528974459855,-0.00019375933970311454,0.0013654395466864422,0.00447984526631684,0.0029871847163475433,0.0026513032536758948,87.12942047119141,86.97881546020508,86.6940724182129,1.0008112447918507,1.0025441631780072,1.0017315137046816,55.97286731045544,0.0016098861568337476,87.20010375976562,2025,76.16848285353196,76.16848285353196,,,,-0.0003395467455886263,87.17050027448697,0.0005783925747623647,87.25055424098417,0.00013008825024319565,87.21144820655837,0.052176461203719576,91.87068422643459
2025-03-13,87.3405990600586,0.001611182719231996,0.0051939834682530606,0.002046737352033201,0.005370979899530504,0.0021670727088559483,0.0026674370125768557,87.21968078613281,87.00214538574218,86.72517044067382,1.0013863645548335,1.0038901761883665,1.0025003452435126,68.08603725343569,-0.004803134846981179,87.3405990600586,2025,76.16848285353196,76.16848285353196,,,,0.00047353020378582757,87.38196726550466,-0.00024891847712981086,87.31886107675405,0.00013008825024319565,87.35196178482798,-0.1186559952111257,77.56834446153634
2025-03-14,86.9220962524414,-0.004791618240784112,-0.002372386482624611,-0.0046366783518440036,0.0019364995247133088,0.0030995853102247493,0.0028792598993248953,87.17834014892578,87.01054534912109,86.74753234863282,0.9970606931028207,0.9989834669312232,1.001928442111602,57.01463409315776,0.00019448557967409168,86.9220962524414,2025,76.16848285353196,76.16848285353196,,,,0.0002720914267515263,86.94575022750294,0.0010931823411658554,87.01716991007538,0.00013008825024319565,86.93340453137152,0.060265301915544356,92.32154833805214
2025-03-17,86.93900299072266,0.00019450449322055974,-0.001548067776068529,-0.006002400017934284,0.005835650952286331,0.003110895841947144,0.00273818252196966,87.15138092041016,87.03576545715332,86.77113235473632,0.9975631145778234,0.9988882447816433,1.0013283672826863,54.686871473066,-0.0002600540001907626,86.93900299072266,2025,76.16848285353196,76.16848285353196,,,,0.00014109128290085916,86.95127019156594,7.35864489996023e-05,86.94540075862392,0.00013008825024319565,86.95031346916383,0.011020626283668802,87.9024242540629
2025-03-18,86.91639709472656,-0.0002600201890802234,-0.005022092946886048,-0.004731504442637924,0.0007092265863872793,0.002437652310129669,0.0025193433169971194,87.06363983154297,87.03884544372559,86.79584625244141,0.9983087918550005,0.998593175858724,1.0002848657710357,46.39667441790637,-0.00392287067250474,86.91639709472656,2025,76.16848285353196,76.16848285353196,,,,4.559553358948194e-05,86.92036018457868,0.00031835157866137584,86.94407147181032,0.00013008825024319565,86.927704632215,0.04684867653717617,91.08520437342904
2025-03-19,86.57610321044922,-0.0039151862669418724,-0.007155961087334406,-0.007348333892742365,-0.003580460568966215,0.0027718794665202297,0.0026674913111216295,86.93883972167968,87.02329063415527,86.81123825073242,0.9958276817082939,0.994861290345983,0.9990295596516728,38.49030483364947,-0.002764464415321099,86.57610321044922,2025,76.16848285353196,76.16848285353196,,,,-1.354479954560329e-05,86.57493056242745,0.0009917759551368705,86.66200990095619,0.00013008825024319565,86.58736647682217,0.05783309892704455,91.73068361506172
2025-03-20,86.33709716796875,-0.0027606468022647324,-0.011489523805530588,-0.00635521673398165,-0.006166550975041485,0.0022030113788928146,0.002729358633827346,86.73813934326172,86.99650535583496,86.81983016967773,0.9953764032946814,0.9924202910775659,0.9970301564239108,31.11087817987533,-1.1576211168989332e-05,86.33709716796875,2025,76.16848285353196,76.16848285353196,,,,0.0008832432403569822,86.41338751194009,0.0010051756271437888,86.42392474493167,0.00013008825024319565,86.3483293404414,0.025156914547049075,88.5366227826413
2025-03-21,86.33609771728516,-1.157614416491537e-05,-0.006741652127836173,-0.009098044806082117,-0.0013314409991693754,0.0018664827758036817,0.002510759808318004,86.62093963623047,86.99075012207031,86.82815216064454,0.9967116274639651,0.9924744595963765,0.9957488527766355,27.299584797189397,-0.00405167605211957,86.33609771728516,2025,76.16848285353196,76.16848285353196,,,,-0.0008753564303889374,86.26055592679333,-9.161120712765077e-06,86.33530678549502,0.00012302411088885605,86.3467197923167,0.12059110458123266,97.40123565763443
2025-03-24,85.98699951171875,-0.004043479086923263,-0.010950246106520178,-0.01248136215945117,-0.006268437683561223,0.0019498274295158759,0.002650244467893696,86.43053894042968,86.96362991333008,86.82413208007813,0.9948682556634683,0.9887696683937335,0.9938699549060718,25.127980438991983,-0.0053044089569557655,85.98699951171875,2025,76.16848285353196,76.16848285353196,,,,-0.00027726988022403224,85.96316121163734,0.0009063348111673572,86.06496785005643,0.00012302411088885605,85.99757863661205,0.03878050286853585,89.38712169967457
2025-03-25,85.53209686279297,-0.0052903654216215346,-0.01592680182572348,-0.02086890889349413,-0.01335798135029298,0.0019969704263639626,0.0028190207590487104,86.15367889404297,86.90572967529297,86.80176208496094,0.9927851945589641,0.9841939902278903,0.9913463613497073,22.299765196973652,0.0006814280541217857,85.53209686279297,2025,76.16848285353196,76.16848285353196,,,,0.0006752410594370031,85.58987115008478,0.001246324226285804,85.63876404437697,0.00012302411088885605,85.54262002024974,-0.01648094747160274,84.13399949785753
2025-03-26,85.59040069580078,0.0006816602789634363,-0.011385387862195562,-0.018459875557023886,-0.01711964185445003,0.002565162717348573,0.002567500978576407,85.95653839111328,86.8311897277832,86.78286209106446,0.99574043229095,0.9857103301720004,0.98992699121811,26.570443216879838,0.005882824482851158,85.59040069580078,2025,76.16848285353196,76.16848285353196,,,,-0.00048292678216279813,85.54907677802518,0.0002833061211013583,85.61465241539351,0.00012302411088885605,85.600931026476,-0.07122470272188644,79.70628434863657
2025-03-27,86.09539794921875,0.005900162276524457,-0.0027994828026216556,-0.014256841883848237,-0.012239284542620799,0.00441833973808129,0.002960334650675803,85.90819854736328,86.77784957885743,86.77615005493163,1.0021790632910579,0.992135647138634,0.9899784215014009,32.988797347533406,-0.004662640040606253,86.09539794921875,2025,76.16848285353196,76.16848285353196,,,,1.5146393014342308e-06,86.09552835279091,-0.0008221133738456692,86.02464685783222,0.00012302411088885605,86.10599041055379,-0.10442219277176204,77.55859903022663
2025-03-28,85.69490051269531,-0.004651786809321212,-0.007426756843811666,-0.014118340360568804,-0.018689556509299043,0.0047510553755801006,0.0030299548603849543,85.77995910644532,86.696244430542,86.75792602539063,0.9990084094858981,0.9884499735320262,0.9894310840092875,29.61964795164691,-0.0018232094740191947,85.69490051269531,2025,76.16848285353196,76.16848285353196,,,,0.0011202912813024523,85.79095755848083,0.0013647079170042576,85.8119288584638,0.00012302411088885605,85.70544370015843,-0.20161546001124034,70.04779956113839
2025-03-31,85.53880310058594,-0.0018215484372521296,-0.0052123741225756914,-0.016105543449654425,-0.02201127155329763,0.004551135270269585,0.002976669118367923,85.69031982421875,86.59998474121093,86.73732208251953,0.9982318105015406,0.9877461682724754,0.9894957843270924,22.12302748984763,-0.0008268859472556176,85.53880310058594,2025,76.16848285353196,76.16848285353196,,,,0.0015519243644429887,85.67165591531872,0.0005936208010888047,85.58959578771295,0.00012302411088885605,85.5493270831224,-0.18479440201666375,71.10628349822305
2025-04-01,85.46810150146484,-0.0008265441712804744,-0.0007482028814373987,-0.016663088228142775,-0.021315751194801225,0.0038991598130055,0.0029755225054387572,85.67752075195312,86.50690994262695,86.72246215820313,0.9975557270022486,0.9879916131341293,0.99041245154608,22.71069492360769,0.0016600399413920367,85.46810150146484,2025,76.16848285353196,76.16848285353196,,,,0.0002605102260457564,85.49036971632961,2.1385598037446292e-05,85.46992930747288,0.00012302411088885605,85.4786167854649,-0.0420643283487081,81.94750801522645
2025-04-02,85.61009979248047,0.0016614185704497686,0.00023015544406312927,-0.011157852827131665,-0.018424195091774176,0.0039748856437533085,0.0030367318166895883,85.68146057128907,86.42656478881835,86.70562622070312,0.999167138627974,0.9905530782308322,0.9913787593045039,22.74728337923112,0.0004799630662247706,85.61009979248047,2025,76.16848285353196,76.16848285353196,,,,1.9700376907397765e-06,85.6102684477699,-0.000324151999271243,85.582353604709,0.00012302411088885605,85.62063254676863,-0.015979354281469155,84.25297752374256
2025-04-03,85.65119934082031,0.00048007826692719746,-0.005159376911881397,-0.007944416127565912,-0.014249144375231948,0.0024139873205448656,0.002975931284639794,85.59262084960938,86.36465988159179,86.68919616699219,1.0006843871659667,0.9917389758525113,0.9910607066242036,27.28519806368037,-0.0043092860627007125,85.65119934082031,2025,76.16848285353196,76.16848285353196,,,,-0.000135483164220624,85.63959583137216,0.0001467766773293799,85.6637718619227,0.00012302411088885605,85.66173715165489,-0.06569483612416588,80.2052032630511
2025-04-04,85.28289794921875,-0.004300014412361386,-0.004807783905595664,-0.012198834507383016,-0.021185893770535036,0.0022837154179210805,0.002961203403165792,85.51022033691406,86.27236480712891,86.66605010986328,0.9973415764010471,0.9885308944512855,0.9911658330924543,23.703459621595556,0.0028850293381111757,85.28289794921875,2025,76.16848285353196,76.16848285353196,,,,0.0012270388243221032,85.38760760432142,0.0008241772754679255,85.3532151486331,0.00012302411088885605,85.29339044731486,-0.035358193420208336,82.3201363611404
2025-04-07,85.529296875,0.0028891950403464595,-0.00011113348844449256,-0.005322928341700894,-0.017737853104770496,0.00276177913301851,0.003090224250156815,85.50831909179688,86.19513969421386,86.65257598876953,1.000245330319037,0.9922751697882733,0.9920317943116799,29.436328512032148,0.005802234676034725,85.529296875,2025,76.16848285353196,76.16848285353196,,,,0.0006103877892204958,85.58151884963956,-0.0003715885234766508,85.49752107398734,0.00012302411088885605,85.53981968796958,0.010085614328584597,86.39627704181105
2025-04-08,86.0270004272461,0.005819100243200648,0.006539269223988509,0.005786173642475134,-0.015203486381605735,0.0037118179094073897,0.003317713249835955,85.62009887695312,86.12873458862305,86.64374801635742,1.004752406918821,0.9988188127706408,0.9940944713271439,42.22257282287799,0.0047349833846657445,86.0270004272461,2025,76.16848285353196,76.16848285353196,,,,-0.000560573032364349,85.97878952487973,-0.0006939352367962581,85.96732396852724,0.00012302411088885605,86.03758447351919,0.008867937594496306,86.79327511486451
2025-04-09,86.435302734375,0.0047462111325642375,0.009639083985357288,0.009871457917075332,-0.008770643524664057,0.004027763211921253,0.0035266442876422935,85.78513946533204,86.09049453735352,86.64076202392579,1.0075789731542688,1.0040051831375167,0.9964530919044844,51.32731682367886,-0.0026181610477519226,86.435302734375,2025,76.16848285353196,76.16848285353196,,,,-0.0007218034224283615,86.37293594803037,-0.0005866848385126587,86.38460732531654,0.00012302411088885605,86.44593701476634,0.04419956243962693,90.34139314686753
2025-04-10,86.20929718017578,-0.002614736653306582,0.006515937239065517,0.0013229421510336792,-0.012952760709883493,0.004514121936777589,0.003524225785004641,85.89675903320312,86.03392944335937,86.63213592529297,1.0036385324718928,1.0020383555412504,0.9984056242572699,48.38446284847778,0.0005925874195593505,86.20929718017578,2025,76.16848285353196,76.16848285353196,,,,0.0006999830640873356,86.26966335335338,0.000579243238260848,86.2592477980248,0.00012302411088885605,86.2199036547244,-0.009865071013001575,85.3630175093279
2025-04-11,86.2603988647461,0.0005927630341715506,0.01146186326957821,0.00659897320222691,-0.007612533708041158,0.0033831771416264166,0.003394107873094064,86.09225921630859,86.0008445739746,86.62440383911132,1.0019530170304283,1.0030180435094243,1.0010629505185307,53.769557835652115,-0.0007816381104007497,86.2603988647461,2025,76.16848285353196,76.16848285353196,,,,-0.00034710973706625093,86.23046223632511,-0.0002375003800004882,86.23991441986473,0.00012302411088885605,86.27101162642074,-0.14685327622987934,74.47900986893983
2025-04-14,86.19300079345703,-0.0007813327109087442,0.007759959951816553,0.007647964071952451,-0.008580753995364176,0.0036103116165815663,0.003392480447632496,86.225,85.96354446411132,86.61718383789062,0.9996288871378027,1.0026692283429692,1.003041469933779,60.2025769674699,-0.0017208885021650414,86.19300079345703,2025,76.16848285353196,76.16848285353196,,,,0.0006256360988345343,86.2469431185937,0.00039592778232131723,86.22713375376055,0.00012302411088885605,86.20360526303384,-0.14864758649401713,74.28740267560075
2025-04-15,86.0447998046875,-0.001719408622570917,0.00020690454570093664,0.006747526774217194,-0.01002799608788596,0.002884076654828985,0.003404411708498594,86.22855987548829,85.91996459960937,86.59921188354492,0.9978689187078372,1.0014529243076375,1.0035916597186345,56.825260764634564,-0.0037037615658166343,86.0447998046875,2025,76.16848285353196,76.16848285353196,,,,0.00033201487824546176,86.07337270146925,0.0008828626596455182,86.12079908902044,0.00012302411088885605,86.05538604084788,-0.02782191970858809,83.68386347377694
2025-04-16,85.72669982910156,-0.00369691110105419,-0.008198072811187451,0.0013619892618246254,-0.009811060441042518,0.001651496578409955,0.003393212903425016,86.08683929443359,85.87749443054199,86.57114395141602,0.9958165560696185,0.9982440731132137,1.0024377150879842,44.13257377081026,-0.0012396022393404425,85.72669982910156,2025,76.16848285353196,76.16848285353196,,,,0.00040486688182697264,85.76141475773893,0.0012309788693086008,85.83229256300505,0.00012302411088885605,85.73724692888796,0.10934809123139992,95.6324710999619
2025-04-17,85.62049865722656,-0.0012388342498511618,-0.006829872672765691,-0.0003584384553867448,-0.008300006998707032,0.0015614709522426906,0.0033564168927150573,85.96907958984374,85.84166450500489,86.5368719482422,0.9959452755074237,0.9974235605861833,1.001484303520599,48.69360897219498,-0.005405832226793556,85.62049865722656,2025,76.16848285353196,76.16848285353196,,,,0.00043408786783201306,85.65767354493151,0.0007332532388923132,85.68330318818145,0.00012302411088885605,85.6310326909045,0.07569312023937504,92.35296802598671
2025-04-22,85.15889739990234,-0.005391247009342903,-0.01276949190289367,-0.00145399080352826,-0.013635088317723754,0.001931586315474735,0.0035335849573757904,85.748779296875,85.78280448913574,86.48828384399414,0.9931208128930863,0.9927268979727468,0.9996033564947734,43.97570683668655,0.0008627388021779494,85.15889739990234,2025,76.16848285353196,76.16848285353196,,,,0.0022919929216201978,85.35430484064804,0.0018811241600133874,85.31924262659784,0.00012302411088885605,85.16937464200272,0.04721652738758188,89.2762432928597
2025-04-23,85.2323989868164,0.0008631110683468002,-0.01114477739256925,-0.0034713004669909564,-0.008775751325053593,0.0023955969177272074,0.0034572993464538336,85.55665893554688,85.74507446289063,86.44266983032226,0.9962099975295348,0.9940209338054036,0.9978026081553489,46.26570160424705,0.0031335845677929164,85.2323989868164,2025,76.16848285353196,76.16848285353196,,,,6.901352764311019e-05,85.23828137831994,0.0006475927364705094,85.28761274539711,0.00011100102342624696,85.24186039543632,-0.02393894757892754,83.21625353787753
2025-04-24,85.4999008178711,0.0031384993762297864,-0.006332735831256153,-0.006127141557385474,-0.0003764206198934028,0.0034227348012417854,0.003346228632126766,85.44767913818359,85.74346466064453,86.40286590576171,1.000611153868826,0.9971593888381183,0.996550343240367,48.320863423094984,-0.002841457314583652,85.4999008178711,2025,76.16848285353196,76.16848285353196,,,,-0.0017253793579688748,85.35250824450817,-9.264981908507606e-05,85.4919796344823,0.00011100102342624696,85.50939192111606,-0.0903120060383198,78.11664902622371
2025-04-25,85.2573013305664,-0.0028374241956311552,-0.0054755227889433655,-0.013628706865627782,-0.003891784154840594,0.0032890412006613356,0.003399843025455838,85.35379943847656,85.72680969238282,86.37178787231446,0.9988694339496895,0.9945232026771885,0.9956488494644237,44.345286990731914,0.0014955461675321751,85.2573013305664,2025,76.16848285353196,76.16848285353196,,,,0.00034462221840957173,85.28668795423744,0.0005438184876927626,85.30367843646161,0.00011100102342624696,85.26676550352539,-0.028827908019197775,82.83460017239551
2025-04-28,85.38490295410156,0.001496665054414592,-0.002751627318455463,-0.009562706726993109,-0.00825241548376665,0.0034806843283848223,0.003115408872876223,85.30668029785156,85.69128494262695,86.34200592041016,1.0009169581558781,0.9964245840317306,0.995511741421162,51.57307442512777,-0.002633927779530159,85.38490295410156,2025,76.16848285353196,76.16848285353196,,,,-0.00023751120765391008,85.36462549084324,4.765125556473784e-05,85.38897174887443,0.00011100102342624696,85.39438129175748,-0.16667635272202289,72.27605985889839
2025-04-29,85.1603012084961,-0.0026304620352640695,1.648457925851332e-05,-0.012753217823336604,-0.0062384027637679695,0.0026365349997391685,0.003001242014219708,85.30696105957031,85.664554977417,86.31013000488281,0.9982807985508731,0.9941136241348147,0.9958256490337112,44.27100237617476,0.0001232663542911477,85.1603012084961,2025,76.16848285353196,76.16848285353196,,,,0.0007290814570746953,85.22241264438286,0.00022441926083369281,85.17941496501301,0.00011100102342624696,85.16975461374464,0.002477182284802412,85.3715203041082
2025-04-30,85.1707992553711,0.00012327395190037116,-0.000722726711644528,-0.011859449475896788,-0.004302186047449141,0.002596874295279332,0.002981079740043421,85.29464111328124,85.64615478515626,86.28485397338868,0.9985480698869971,0.9944497738284037,0.9958957448497625,34.33710725530918,-0.007537986651395747,85.1707992553711,2025,76.16848285353196,76.16848285353196,,,,0.0001952256020399517,85.18742839909642,-0.00034733803481791075,85.1412213343997,0.00011100102342624696,85.18025382597827,0.09267764433222593,93.44156687085578
2025-05-01,84.53119659423828,-0.007509647281987664,-0.011329887103568859,-0.017590873752800107,-0.01096204187021177,0.0034576480822222752,0.0033989444616299206,85.10090026855468,85.59930953979492,86.2383819580078,0.9933055505580014,0.9875219443790014,0.9941774148188832,17.88503853924054,0.0019559955614616193,84.53119659423828,2025,76.16848285353196,76.16848285353196,,,,0.0021802684848547097,84.71569835676203,0.0013220490662170191,84.64302488872012,0.00011100102342624696,84.54058016435499,0.05821037864990751,89.5978241228984
2025-05-02,84.69670104980469,0.0019579097686366342,-0.006575393215744851,-0.012014912289289192,-0.010669287208984302,0.003898400106077802,0.003409706055656376,84.98878021240235,85.55363960266114,86.1945719909668,0.9965633209246244,0.9899836107869128,0.9933975995307485,23.956809016511883,-0.002013941188622821,84.69670104980469,2025,76.16848285353196,76.16848285353196,,,,-0.0006190816133591201,84.64428310663914,-0.00013628032952451555,84.68515934194772,0.00011100102342624696,84.706102992105,0.06368491656265969,90.26606336668316
2025-05-05,84.52629852294922,-0.00201191456979255,-0.010055693705172786,-0.012779651502123013,-0.013133509238964947,0.00356812891626851,0.003416352559075973,84.81705932617187,85.49739456176758,86.14764190673829,0.9965719065771367,0.9886418054749401,0.9920426202566419,21.321213711793916,-0.003620762052444211,84.52629852294922,2025,76.16848285353196,76.16848285353196,,,,-0.000666368708052491,84.46999160527359,0.0006622253021327329,84.58229251479952,0.00011100102342624696,84.53568154934483,-0.032945673128632634,81.7868962257865
2025-05-06,84.2208023071289,-0.0036142149976834403,-0.01103212280880772,-0.011015820089452122,-0.012453793991877071,0.003637064539762977,0.0033811045808508143,84.62915954589843,85.44428977966308,86.10303390502929,0.9951747454309994,0.985680874922254,0.9904600970308649,19.76466735285861,0.006773373960774304,84.2208023071289,2025,76.16848285353196,76.16848285353196,,,,0.000684378292443422,84.27846092390244,0.001118861807891784,84.31508648190565,0.00011100102342624696,84.2301514212498,-0.02874714364801173,81.8341636839614
2025-05-07,84.79319763183594,0.006796365138147964,-0.004433463426860351,-0.0051529859560611735,-0.008606398860496411,0.005470137806397188,0.0036930788783864727,84.5536392211914,85.40748481750488,86.06830978393555,1.0028332122999206,0.9928075719946381,0.990002684212772,33.020410698021024,0.00028302599053029544,84.79319763183594,2025,76.16848285353196,76.16848285353196,,,,0.00026395029648574816,84.81558177551156,-0.00047460044821740405,84.75296429037022,0.00011100102342624696,84.80261028595011,-0.12886790144811194,74.54085926296894
2025-05-08,84.81719970703125,0.0002830660461647927,0.0033834031022395017,-0.007984817576503489,-0.014063035026287918,0.004027629383458507,0.0033959047568572127,84.61083984375,85.34699478149415,86.03085174560547,1.0024389293814164,0.9937924577682052,0.9913745652131178,36.59151647125516,0.01480429424885174,84.81719970703125,2025,76.16848285353196,76.16848285353196,,,,0.0005149169888445566,84.860884770232,-6.349066146177387e-05,84.81181477786669,0.00011100102342624696,84.82661502554821,0.01764376041877176,86.32697393933005
2025-05-09,86.08219909667969,0.014914420589431154,0.016358347252040772,0.009675391470754136,-0.004085178469038775,0.007619719995467091,0.0047469634864114535,84.887939453125,85.32933959960937,86.01087173461914,1.0140686610047138,1.0088229851608246,0.9948270999335569,55.0732875265334,-0.007859330433609786,86.08219909667969,2025,76.16848285353196,76.16848285353196,,,,-0.007450284573197004,85.44324536580206,-0.002339679546144178,85.88102976382119,-0.00607213525635227,85.56108009430697,0.09704576477647935,94.85490497297852
2025-05-12,85.4083023071289,-0.00782852664804623,0.01043466707512608,0.00027404555393029106,-0.009291281790324901,0.008955359310741316,0.005022090172977704,85.06434020996093,85.28928985595704,85.97579376220703,1.0040435521667361,1.0013953973748975,0.9973625100364182,52.61836717693722,-0.005195687830243945,85.4083023071289,2025,76.16848285353196,76.16848285353196,,,,-0.003913543453653021,85.07470640155796,0.0015920362571755866,85.54438371559134,0.0021381035471180966,85.59110946191645,0.219572544880776,106.37981578691354
2025-05-13,84.9656982421875,-0.005182213590311124,0.008844559950191178,-0.002285137130176973,-0.015009212101936287,0.00922920033913161,0.005123686889890268,85.21331939697265,85.2245548248291,85.92856765747071,0.9970941026997013,0.996962652569161,0.9998681667756488,47.4014418180764,0.0011128239375993324,84.9656982421875,2025,76.16848285353196,76.16848285353196,,,,-0.00013149326513545777,84.95452655961772,0.001246966126118204,85.07171367486703,0.0021381035471180966,85.1475580512531,-0.08512721643089899,78.03210999020465
2025-05-14,85.060302734375,0.0011134433559039092,0.0031500770108801035,-0.001297352167199839,-0.013141415760617225,0.008799470732736875,0.0051404395451004085,85.26674041748046,85.167919921875,85.88049377441406,0.9975789190240566,0.9987364116958742,1.001160301856569,45.567503280966086,0.005010913428558122,85.060302734375,2025,76.16848285353196,76.16848285353196,,,,0.0007886515500632278,85.12741213346278,0.0004278774657760668,85.09670590864071,0.0021381035471180966,85.24236503403671,-0.08395948556700579,78.21026956743677
2025-05-15,85.48760223388672,0.005023489051597663,0.007904087015029093,0.011314232829795712,-0.006475668164323212,0.009001750056862247,0.0052855924705630134,85.40082092285157,85.14006004333496,85.84365386962891,1.001016164834218,1.0040820054669315,1.003062728395821,52.23875283682156,-0.0004996325613160162,85.48760223388672,2025,76.16848285353196,76.16848285353196,,,,-0.0013306719169268197,85.37392193471385,-8.05187901581329e-05,85.48071915269374,0.0021381035471180966,85.67057912151749,-0.1209298697592544,75.75023089904593
2025-05-16,85.44490051269531,-0.0004995077657526936,-0.007403372482022941,0.008833867832120923,-0.0032871826043464614,0.005098840970350818,0.005225825571417811,85.27336120605469,85.12597007751465,85.80821182250976,1.0020116400270198,1.0037465703461617,1.0017314472705077,50.59302427297215,0.0006481262563628972,85.44490051269531,2025,76.16848285353196,76.16848285353196,,,,-0.0005143282731910939,85.4009650841467,0.0010283679938575992,85.53281450984365,0.00011100102342624696,85.45438551051127,0.14500573504235997,98.77825256612842
2025-05-19,85.50029754638672,0.000648336335568489,0.0010771229116228742,0.011523029405730467,-0.0014038823964463987,0.003665952151178634,0.005222198994354717,85.29176025390625,85.11996002197266,85.78043182373047,1.0024449875563557,1.0044682530902962,1.0020183307403956,53.47686872721826,-0.001500496763426407,85.50029754638672,2025,76.16848285353196,76.16848285353196,,,,-0.0005465258888878629,85.45358218700945,0.00028216849302760357,85.52442644054555,0.00011100102342624696,85.50978869367141,-0.06460982217031759,80.15081391018859
2025-05-20,85.37210083007812,-0.0014993715810057706,0.004783137151797456,0.01367000184527778,0.002503595474875553,0.002490544961333577,0.005083654686782423,85.37304077148437,85.13062019348145,85.7452978515625,0.9999889901847497,1.0028365896553773,1.0028476308225167,52.01016012713872,0.0019191766361482273,85.37210083007812,2025,76.16848285353196,76.16848285353196,,,,0.000811942653883933,85.44144622862754,0.00031737597298935386,85.39920018375962,0.00011100102342624696,85.3815777466063,-0.13669095950987992,74.46493919192223
2025-05-21,85.53610229492188,0.0019210194343250997,0.005593673491060658,0.008761371004211371,0.00356323782640966,0.002529092283906855,0.005097090623637165,85.46820068359375,85.14580535888672,85.71454391479492,1.0007944663721131,1.0045838656923858,1.0037863911598246,61.087998545339445,0.0007502945692685151,85.53610229492188,2025,76.16848285353196,76.16848285353196,,,,-0.0005112847477108615,85.49238016862046,-0.0003884034898516601,85.50288622531846,0.00011100102342624696,85.54559741679088,-0.15498436308375352,73.25556171028916
2025-05-22,85.60030364990234,0.0007505761106474385,0.0013183363794353475,0.009232843639922494,0.0011743034912417016,0.001306006063875629,0.005052162524199731,85.49074096679688,85.15082550048828,85.67944793701172,1.0012815736753062,1.0052786117665,1.003991922148854,60.198217591595984,0.0043665545004364726,85.60030364990234,2025,76.16848285353196,76.16848285353196,,,,0.00043348418706643795,85.63741807161895,-9.783213714814165e-05,85.59192959888807,0.0001810305050436249,85.61580131883707,-0.07623207116637928,79.31733930562373
2025-05-23,85.97489929199219,0.004376101790735554,0.006202813463608958,-0.0012464807569215752,0.008416850524548769,0.0021443342776695344,0.005090957942815029,85.59674072265625,85.18670539855957,85.65494384765626,1.0044179085108067,1.0092525458021286,1.0048133722530794,65.62881211117494,-0.009062135737221427,85.97489929199219,2025,76.16848285353196,76.16848285353196,,,,-0.0012052983132894793,85.87133631556826,-0.0015044825085124163,85.84564881175915,0.0001810305050436249,85.9904647803037,0.028286422863840824,88.44154345316991
2025-05-26,85.19930267333984,-0.009021198338578174,-0.003520395620653538,-0.002447064607811744,-0.002173689661057354,0.005114242682277942,0.00550179686409011,85.53654174804687,85.17742538452148,85.61211791992187,0.9960573683736199,1.0002568437437453,1.0042160978910106,59.584698440788216,-0.0004825094021496468,85.19930267333984,2025,76.16848285353196,76.16848285353196,,,,0.0017313472711783266,85.34694002241099,0.0018472560280942021,85.35683305346895,0.0001810305050436249,85.21472774229406,0.1108488371363441,95.18687706624665
2025-05-27,85.158203125,-0.0004823930132084042,-0.002505475477332597,0.002265677641626329,-2.463687265452652e-05,0.005094418181876212,0.005470562611871778,85.49376220703125,85.17732048034668,85.57684005737305,0.9960750460224377,0.9997755581504693,1.0037150936998258,53.99070431652035,0.0023726839498438607,85.158203125,2025,76.16848285353196,76.16848285353196,,,,-0.00041106856386687366,85.1232044586585,0.0005907169164490467,85.20852237691379,0.0001810305050436249,85.17362075300872,-0.19208816707722448,70.2754536929708
2025-05-28,85.3604965209961,0.0023755009919497194,-0.0020530018227894464,0.0035291878463981075,0.002227257079697287,0.0051519469247288995,0.005496074660949562,85.4586410522461,85.18680534362792,85.54526992797851,0.9988515552079749,1.0020389446072961,1.0031910541488396,55.71712318979041,0.00029758617618157765,85.3604965209961,2025,76.16848285353196,76.16848285353196,,,,8.524128348050953e-05,85.36777306940483,7.595467448318183e-05,85.36698029595645,0.0001810305050436249,85.37595077359545,-0.15336680913973133,73.2235151519681
2025-05-29,85.38590240478516,0.0002976304593402812,-0.0025046785580816744,-0.0011896441875082209,0.010111128730965202,0.0051305897193433736,0.0051942042789555444,85.41576080322265,85.22954063415527,85.51466003417968,0.999650434554973,1.001834595956595,1.0021849251759636,40.0865936290899,-0.0002882014760045739,85.38590240478516,2025,76.16848285353196,76.16848285353196,,,,0.0007291636574153162,85.44818540616532,-0.00011999290587209958,85.37565731691632,0.0001810305050436249,85.4013612570408,-0.11588215003474427,76.04299164623556
2025-05-30,85.36129760742188,-0.0002881599499485743,-0.007136986371875431,-0.0009784423034235878,0.007846782098707594,0.0043958616270863985,0.005185660385210639,85.2930404663086,85.26277046203613,85.49036392211914,1.0008002662437652,1.001155570536259,1.0003550201818265,49.17898653276725,0.0019077331997515278,85.36129760742188,2025,76.16848285353196,76.16848285353196,,,,-0.0022176663378554117,85.17220448138976,0.000358269630303069,85.3918854469777,0.0001810305050436249,85.37675200505544,0.028555350824231093,87.83395519337031
2025-06-02,85.52429962158203,0.0019095540804663358,0.003814549392361144,0.0002807250487320001,0.011806989257453937,0.001302617928551755,0.005163610090696148,85.35803985595703,85.31267051696777,85.4741079711914,1.001947792684855,1.0024806292351636,1.0005318007127704,60.81303406496357,-0.0018795796276445448,85.52429962158203,2025,76.16848285353196,76.16848285353196,,,,-0.0004515496084170711,85.48568987534169,-0.0007875050999696764,85.4569753120566,0.0001810305050436249,85.53978353022366,-0.14840581900483368,73.72889042034832
2025-06-03,85.36370086669922,-0.0018778143240389955,0.002413129142680104,-9.839237054298788e-05,0.013570264450847747,0.0017189466084597815,0.005103274345093695,85.39913940429688,85.36981544494628,85.45466003417968,0.9995850246519478,0.9999283754074529,1.0003434932967554,55.726666071443994,0.004034556888350082,85.36370086669922,2025,76.16848285353196,76.16848285353196,,,,0.0008819128037872204,85.4390174139043,-5.6927293928099733e-05,85.35884148052635,0.0001810305050436249,85.3791556994354,-0.1930414495786099,70.37791541500124
2025-06-04,85.70880126953125,0.004042706669558749,0.004080397405484604,0.0020190185193840193,0.010798078893908158,0.0022556598357218213,0.0049650324579051195,85.4688003540039,85.41559562683105,85.44909606933594,1.0028080529331556,1.0034326944693002,1.0006228924212541,54.308856094044906,0.002277176075908253,85.70880126953125,2025,76.16848285353196,76.16848285353196,,,,-0.0004743352374193241,85.66815620538729,-0.0010681409484356464,85.61730106551086,0.0001810305050436249,85.72431858162281,-0.14156906900133476,74.39482998112692
2025-06-05,85.9041976928711,0.002279770810530657,0.006070033500716221,0.003550151459878581,0.012815773093128202,0.0023150076426657114,0.00497946081971411,85.5724594116211,85.46994552612304,85.4565380859375,1.0038766944824418,1.0050807586699038,1.0011994144241816,58.444546064093316,-0.0003108043715817287,85.9041976928711,2025,76.16848285353196,76.16848285353196,,,,0.0003376828257902207,85.93321096346116,-0.0008525191502482167,85.83099392749078,0.0001810305050436249,85.91975038087782,-0.131400841993115,75.32648903866377
2025-06-06,85.87750244140625,-0.0003107560769065598,0.006047293661799902,-0.0011328521625265653,-0.002377920841027059,0.0023186903829653816,0.0036772706929911435,85.67570037841797,85.45971069335937,85.46228012084961,1.0023554177216754,1.0048887568733524,1.0025273861016637,57.009189451269826,-0.001074213397613795,85.87750244140625,2025,76.16848285353196,76.16848285353196,,,,0.00014389871957883388,85.88986099321677,-0.0004056963219628574,85.84266932083862,0.0001810305050436249,85.89305029632067,-0.08615423026675081,78.78854831588635
2025-06-09,85.7853012084961,-0.0010736366369418215,0.003051782804055936,0.006877973372657831,0.004414077919632442,0.0024720048913707176,0.0032120708913390412,85.72790069580078,85.47856063842774,85.45607818603516,1.0006695662932303,1.003588508835167,1.0029169894241405,57.78215875552132,-0.00034166122136400877,85.7853012084961,2025,76.16848285353196,76.16848285353196,,,,0.0002645491580204783,85.80799863986213,0.0003296872436038562,85.81358819066561,0.0001810305050436249,85.80083237066384,-0.04216242060151042,82.24357381053642
2025-06-10,85.75599670410156,-0.00034160286181550426,0.004595581417152328,0.0070198002912778,0.009301382537472813,0.002161091186635721,0.0029552861054778744,85.80635986328124,85.51807556152343,85.45730010986328,0.9994130602992607,1.0027821152547682,1.0033710335489299,54.36281840915008,-0.0012040829172189325,85.75599670410156,2025,76.16848285353196,76.16848285353196,,,,0.000371032002303645,85.78782082678713,5.823004424858836e-05,85.7609904249751,0.0001810305050436249,85.77152256077987,-0.16371811069555703,72.80523815659743
2025-06-11,85.65280151367188,-0.0012033583002453163,-0.000653372291175458,0.0034243590957074854,0.006965632148607792,0.0014077457155209012,0.00297396852746426,85.79515991210937,85.54770050048828,85.459580078125,0.9983407176047772,1.0012285661983749,1.0028926483140208,51.02571364686592,-0.002138802499651145,85.65280151367188,2025,76.16848285353196,76.16848285353196,,,,3.1057963442225794e-06,85.65306753424278,0.0002459289157447919,85.67386860467589,0.0001810305050436249,85.66830868718168,-0.06550897899347602,80.22161193743263
2025-06-12,85.46980285644531,-0.0021365168913635157,-0.005056735853338101,0.0009826030913442363,-0.00020821004422033607,0.000749353685256086,0.0028082821153793958,85.70828094482422,85.54681053161622,85.4596141052246,0.9972175607100038,0.9990998182785267,1.0018875094489739,39.33267163371058,0.0025543330903643386,85.46980285644531,2025,76.16848285353196,76.16848285353196,,,,-0.0002401587217175739,85.44927900243577,0.00041666957978627703,85.50542294367396,0.0001810305050436249,85.48527689861697,0.09880765602211401,94.34618029878845
2025-06-13,85.68840026855469,0.0025575981785816992,-0.002201998980822517,0.0038319785464973055,0.0028497868731580667,0.001792878722083995,0.002862716062678916,85.6704605102539,85.55898551940918,85.4611801147461,1.0002094042473209,1.001512579285038,1.0013029022044615,63.50730073112661,0.006523304226041654,85.68840026855469,2025,76.16848285353196,76.16848285353196,,,,0.00010411292028028543,85.69732200256662,7.315597216222034e-05,85.69466911607837,0.0001810305050436249,85.70391388710843,-0.01734266059296044,84.21514741346937
2025-06-16,86.24919891357422,0.006544627315505203,0.005407659570380918,0.008475945376923644,0.008759049835834753,0.0035222869956855565,0.0032007988183264564,85.76324005126953,85.59643058776855,85.47314010620117,1.0056662838532473,1.0076261161981086,1.0019487899478465,73.40999204382119,-0.001682550808711779,86.24919891357422,2025,76.16848285353196,76.16848285353196,,,,0.00042137367867462795,86.28554971390054,-0.000746991701038531,86.1847955351539,0.0001810305050436249,86.26481406297971,-0.07952037438696555,79.65624139285761
2025-06-17,86.10420227050781,-0.001681136113643178,0.00406042235865689,0.008674663777346492,0.008575417886070857,0.0037040919112974772,0.003206850573204967,85.83288116455078,85.63303565979004,85.48956619262695,1.003161039245984,1.005502159383788,1.0023337430843244,66.36031324581337,0.0029976689272606435,86.10420227050781,2025,76.16848285353196,76.16848285353196,,,,9.73338497861539e-05,86.11258353188117,0.0006257407732051713,86.15809804124483,0.0001810305050436249,86.11979116872172,0.07355033696209577,92.67590868527313
2025-06-18,86.36270141601562,0.0030021664296442374,0.008288110719068875,0.007629323206003402,0.009663745470230856,0.003607054653435406,0.003242190737333555,85.97486114501953,85.67436561584472,85.50623428344727,1.0045110892397011,1.0080343261980758,1.0035074146976728,69.48929109646386,0.0029009805391316595,86.36270141601562,2025,76.16848285353196,76.16848285353196,,,,0.00032800324485451264,86.3910333085368,-0.0004836637427513387,86.32094100842623,0.0001810305050436249,86.37833711469642,-0.07459780543852002,80.154664988723
2025-06-19,86.61360168457031,0.0029051924550864694,0.013382490539332492,0.00825808296627728,0.01183755187145441,0.0029207581898979583,0.0032869331489720063,86.20362091064453,85.72503051757812,85.51796630859376,1.0047559576917395,1.0103653642539094,1.0055828547412213,72.91679464769383,-0.000344120810414695,86.61360168457031,2025,76.16848285353196,76.16848285353196,,,,0.0004300539915186107,86.65085822028132,-0.0008852947029436741,86.53695705334493,0.0001810305050436249,86.62928280796494,-0.07676834826649538,80.21323436679299
2025-06-20,86.58380126953125,-0.00034406160763977844,0.010449500727873318,0.008224491957097957,0.007082322661072116,0.0032204932307300497,0.0031683768714083215,86.38270111083985,85.75547561645507,85.52093627929688,1.0023280142448123,1.009659157588734,1.0073141159777372,70.38222076103644,-4.044593627940271e-05,86.58380126953125,2025,76.16848285353196,76.16848285353196,,,,-0.0003172362702848904,86.55633810373588,-0.00019267311361835274,86.56712050597066,0.00018665165157590917,86.59996378737134,-0.055794477484449434,81.88520015754445
2025-06-23,86.5802993774414,-4.044511835354925e-05,0.0038388816132537418,0.009267300548529978,0.016209014167597235,0.0020885175883980775,0.002281454006887348,86.44892120361328,85.82452545166015,85.52835632324219,1.0015197202232136,1.0088060367570215,1.0072752601737929,74.91002136992464,-0.004019344967394373,86.5802993774414,2025,76.16848285353196,76.16848285353196,,,,0.00019792254161332071,86.59743726627916,0.0001912801827817166,86.5968620569373,0.00018665165157590917,86.59646124158654,0.01247370939506276,87.6670406277052
2025-06-24,86.23300170898438,-0.004011278211721203,0.0014958554295865234,0.0055623515930751655,0.012621198481686191,0.002881255906813628,0.00251128424701382,86.4746810913086,85.87826538085938,85.52780838012696,0.9972052006520957,1.0041306880914722,1.0069448970330757,60.72342710167185,-0.003813243663956391,86.23300170898438,2025,76.16848285353196,76.16848285353196,,,,0.00032656353179161854,86.26116686118495,0.0008678790786362748,86.3078740124089,0.00018665165157590917,86.249098743396,0.010681761675055815,87.15905923943382
2025-06-25,85.90480041503906,-0.003805982482819159,-0.0053020689889125006,0.002942097595336257,0.006376531489704851,0.0028950505901009895,0.0026611112649431276,86.38310089111329,85.90548057556153,85.5220443725586,0.9944630318761406,0.999992082454834,1.0055598352090196,50.011694313603016,0.001178553657684594,85.90480041503906,2025,76.16848285353196,76.16848285353196,,,,0.00019823926516754044,85.9218318076373,0.0011531055891550932,86.0039148542575,0.00018665165157590917,85.9208361844197,0.032380045048052364,88.73192594017556
2025-06-26,86.006103515625,0.0011792484249599777,-0.0070138887787821735,0.006274738460324558,0.007263507129077196,0.002357081987751875,0.0026679928913659625,86.26160125732422,85.93649063110351,85.52127044677735,0.9970381057391104,1.0008100503524202,1.0037831499032965,52.42497482376636,-0.00395761537910165,86.006103515625,2025,76.16848285353196,76.16848285353196,,,,-0.00037549247839625827,85.97381493309803,0.0005898856557005089,86.05685224889488,0.00018665165157590917,86.02215819516142,-0.003452433006380054,85.70968518174202
2025-06-27,85.66639709472656,-0.003949794340313506,-0.010595563619906878,-0.00025678124179195905,0.00357421332449559,0.0024988520653341033,0.0028355657435700453,86.07812042236328,85.95174560546874,85.52006439208985,0.9952168643365294,0.9966801312907364,1.0014702995966436,47.949293535899535,-0.0024672245392595668,85.66639709472656,2025,76.16848285353196,76.16848285353196,,,,-0.00047520422814458424,85.62569773163784,0.0014392347545851216,85.78977991785106,0.00018665165157590917,85.6823883615806,0.09953978166003394,94.63244911361649
2025-06-30,85.4552993774414,-0.0024641834423331233,-0.012993718063917026,-0.009204717796026607,-0.0008067911043520004,0.0022118244111298995,0.00286385416965326,85.85312042236328,85.94829559326172,85.51676040649414,0.9953662599220069,0.994264037321306,0.9988926462096602,45.11996711397928,0.0030227115771694854,85.4552993774414,2025,76.16848285353196,76.16848285353196,,,,0.001220296781529812,85.55964385690412,0.0009449311795670472,85.53608691760397,0.00018665165157590917,85.47125123888046,0.04124078341076949,89.05322354401494
2025-07-01,85.71399688720703,0.0030272845762671086,-0.006018633371117743,-0.004531780946937958,0.0041035711543810915,0.003141711129654693,0.0029075629716322784,85.74931945800782,85.9658103942871,85.52786239624024,0.9995880717068771,0.997070771438958,0.9974816623575543,50.945424456802314,-0.0008309855858032027,85.71399688720703,2025,76.16848285353196,76.16848285353196,,,,0.0005685660446154652,85.76274481227964,1.4320009132528431e-05,85.71522432121364,0.00018665165157590917,85.72999703947018,-0.06625152613825049,80.21933818979541
2025-07-02,85.6427993774414,-0.0008306404128991529,-0.003049899846479187,-0.00833579805599638,-0.000770071347542034,0.0027871188209183787,0.0027703179568343444,85.69691925048828,85.96251029968262,85.53607040405274,0.9993684735283344,0.9962808098422599,0.9969103851403543,52.768302539146916,0.0005988208111535792,85.6427993774414,2025,76.16848285353196,76.16848285353196,,,,-0.0002373271855703027,85.62247642459079,0.00033713328136008924,85.67167728299839,0.00018665165157590917,85.65878623933146,-0.07805458824879706,79.21221863941614
2025-07-03,85.69409942626953,0.0005990001401290357,-0.0036276970656947682,-0.010616141580734983,-0.002445727592413127,0.002704987269105647,0.0027214695362321154,85.63451843261718,85.95200538635254,85.5399543762207,1.0006957590787322,0.9969994189324178,0.9963062298278178,50.09635750569503,-0.0043856334314733335,85.69409942626953,2025,76.16848285353196,76.16848285353196,,,,-0.0006841606082164342,85.63549095017692,-7.509329739644586e-05,85.6876646153848,0.00018665165157590917,85.7100958642921,-0.09137921561805136,78.21056620331974
2025-07-04,85.31909942626953,-0.004376030584493651,-0.004054071143823168,-0.014606679595006056,-0.006502320156757113,0.002835637116841539,0.002883541770741473,85.56505889892578,85.9240852355957,85.54119033813477,0.9971254683182443,0.9929590660445514,0.9958215867450262,33.22028486013005,0.002074758854400512,85.31909942626953,2025,76.16848285353196,76.16848285353196,,,,0.0005412841724496473,85.36529380541191,0.0004734936835583275,85.35950704655632,0.00018665165157590917,85.33502586339007,0.026322051120121176,87.59469085432535
2025-07-07,85.49629974365234,0.0020769126558344286,0.0004797872865653918,-0.012520164998083838,-0.003368892581508187,0.0028994447199993025,0.0029260724013885253,85.57325897216796,85.90963516235351,85.54341827392578,0.9991006626434474,0.9951887187284635,0.9960845347608582,39.158936234479036,0.00461757605380564,85.49629974365234,2025,76.16848285353196,76.16848285353196,,,,-0.0004999229811764476,85.45356886057012,-0.0006969388121899747,85.43673481302937,0.00018665165157590917,85.51225925859171,0.07693629493533996,92.33371878612827
2025-07-08,85.89199829101562,0.004628253486405054,0.0020766900421507195,-0.003954442164956218,0.001585913430443009,0.0033560694107886823,0.0031151728199843424,85.60885925292969,85.91643524169922,85.55805221557617,1.0033073567450468,0.9997155730377448,0.9964200564431676,41.99730199496719,-0.00215153323215886,85.89199829101562,2025,76.16848285353196,76.16848285353196,,,,-0.0007093411932301855,85.83109316227107,-0.0009370771691955726,85.81154856009059,0.00018665165157590917,85.90803167063565,0.011842262604602069,86.91520044700128
2025-07-09,85.7073974609375,-0.002149220343583891,0.0007542733769292376,-0.002297926927806504,0.0006374099422412627,0.003526348948208635,0.003142800325759903,85.62177886962891,85.9191650390625,85.5687841796875,1.0009999627716093,0.9975352695987126,0.9965387679303169,34.23775147300813,1.2907346394465798e-05,85.7073974609375,2025,76.16848285353196,76.16848285353196,,,,-0.00014999423777542218,85.69454280926958,0.0002992248466236186,85.7330470811077,0.00018665165157590917,85.72339638129186,0.032997509800027816,88.58270627379349
2025-07-10,85.70850372314453,1.2907429694619665e-05,0.00016808971646176118,-0.0034602171278041993,0.0027928093750273497,0.003517663242957908,0.003101052649299652,85.62465972900391,85.93110008239746,85.59233032226562,1.0009792038228937,0.997409594907554,0.9964338830400202,34.62182891488101,0.0003067897344468147,85.70850372314453,2025,76.16848285353196,76.16848285353196,,,,-0.0009759375647029844,85.62489837818086,-6.573523920232592e-05,85.70286983932499,0.00018665165157590917,85.72450285000383,0.03397421662707843,88.67041236588226
2025-07-11,85.73480224609375,0.0003068367992302701,0.004872330142015269,0.0007985062251603114,0.0005415199419482875,0.0025344274192484685,0.003049261175713925,85.70780029296876,85.93342018127441,85.61309234619141,1.0003150466239092,0.9976886997542785,0.9973744802914895,35.26343924448216,0.0010083518296928697,85.73480224609375,2025,76.16848285353196,76.16848285353196,,,,0.0006794765012947278,85.79307682542469,-0.00022797203412634642,85.71525933653335,0.00018665165157590917,85.75080628207394,0.17355428948713608,101.98371325289592
2025-07-14,85.82129669189453,0.0010088603873197322,0.0038012984095994184,0.004282909510814337,-0.004961231258605259,0.0024623348707602894,0.002652346140334391,85.77279968261719,85.91202507019042,85.63899230957031,1.0005654124554264,0.9989439385438561,0.9983794423718975,42.10658732735948,0.0017125869078152805,85.82129669189453,2025,76.16848285353196,76.16848285353196,,,,-0.000148507554944305,85.80855252728645,1.563516965729175e-05,85.82263853291845,0.00018665165157590917,85.83731687371265,0.05564259739655214,90.73197095839555
2025-07-15,85.96839904785156,0.0017140542222886523,0.0008894979550606585,0.0029680352087571027,-0.0015771962235897607,0.0014585607801506433,0.0026642365942348176,85.78807983398437,85.90523490905761,85.67394424438477,1.0021019145575485,1.0007352769462865,0.9986362289190261,51.310337455908154,0.0002873198868819221,85.96839904785156,2025,76.16848285353196,76.16848285353196,,,,0.00012847302813957318,85.97944437789985,-0.0001138936367656017,85.95860835179666,0.00018665165157590917,85.98444668912997,-0.0076500699524740395,85.3132439676945
2025-07-16,85.99310302734375,0.0002873611671940779,0.00333349949794548,0.0040902872447980965,-0.00427960661966198,0.0006918934841891297,0.002566544426066798,85.84522094726563,85.88675498962402,85.69794235229492,1.0017226594380713,1.0012382356014333,0.9995164092255737,49.723417931088214,-0.001255569072024,85.99310302734375,2025,76.16848285353196,76.16848285353196,,,,0.0002583240517777937,86.01531998360626,-9.591027239651818e-05,85.98485580091136,0.00018665165157590917,86.00915528009108,0.07645822647915038,92.8258653276935
2025-07-17,85.88520050048828,-0.001254781174964248,0.002061601470893848,0.0022300377213622102,-0.008409778255553002,0.0011018552599251746,0.0024673342606402453,85.88056030273438,85.85033493041992,85.71930236816407,1.0000540308276697,1.0004061203732824,1.000352070522951,55.16435391103604,0.0018763346717973436,85.88520050048828,2025,76.16848285353196,76.16848285353196,,,,0.0006289161693676948,85.93923208067869,0.0003425455876121387,85.91462513631278,0.00018665165157590917,85.90123261117105,-0.015325120367191844,84.57903361114556
2025-07-18,86.04650115966797,0.0018780960891948695,0.003635617105402833,0.008525661174225485,-0.00620555002188794,0.0012747040885790354,0.0025203637001608584,85.94290008544922,85.82346992492675,85.71858840942383,1.001205464024553,1.0025987207804148,1.0013915792571302,64.28987666706007,0.0011858243381710689,86.04650115966797,2025,76.16848285353196,76.16848285353196,,,,0.0008073677915952274,86.11600038522666,0.00015303524856920652,86.05967031500823,0.00018665165157590917,86.06256338019512,-0.05618921962176211,81.34494083763524
2025-07-21,86.14859771728516,0.0011865277058475954,0.003813750642403635,0.007629546256254782,-0.0049861419198179435,0.0012869527485795114,0.002542063182082424,86.00836029052735,85.80188484191895,85.73339431762696,1.0016305092468232,1.0040408538344465,1.0024064208961005,61.36506923107617,0.0005419341959280832,86.14859771728516,2025,76.16848285353196,76.16848285353196,,,,0.00031395014014061256,86.1756483276607,2.6451094735404967e-05,86.15087647214234,0.0001801456640514857,86.16411841157895,-0.08569920748511403,79.07323735424839
2025-07-22,86.19529724121094,0.0005420810687950528,0.0026393209117816507,0.0035311665373960466,-0.0004372394214071651,0.0011718395932572296,0.002386301486432522,86.05373992919922,85.79999961853028,85.75798629760742,1.0016449873314999,1.0046071984200253,1.0029573462913413,64.63566950553559,0.001709757159767055,86.19529724121094,2025,76.16848285353196,76.16848285353196,,,,0.0002578699153406143,86.21752728131939,-5.71387969341629e-05,86.19037228632953,0.0001801456640514857,86.2108263489793,-0.04009961189839599,82.80728229251815
2025-07-23,86.3427963256836,0.0017112196279094327,0.00406652726822343,0.007413582532775909,0.005098619734035914,0.0012678590705972141,0.0022399069393615086,86.1236785888672,85.8218994140625,85.78363616943359,1.0025442217565093,1.0060695104067545,1.0035163422956734,66.35065074920772,0.000647216538865652,86.3427963256836,2025,76.16848285353196,76.16848285353196,,,,0.0003010855042888418,86.36879680404417,-0.00018009714444837372,86.3272476348011,0.0001801456640514857,86.35835200716596,-0.0182904121585018,84.77790586590271
2025-07-24,86.39869689941406,0.0006474260286823963,0.005978869420266042,0.008052796937150886,0.00456471538345804,0.000604006728724766,0.002231519519784615,86.22637786865235,85.84152908325196,85.80185806274415,1.0019984491407514,1.006490655771308,1.0044832470892633,82.42805351471013,0.00036569040450808925,86.39869689941406,2025,76.16848285353196,76.16848285353196,,,,0.0006685135774342444,86.45647491190506,0.00012056220318607368,86.409113944603,0.0001801456640514857,86.41426265204952,0.05225171269292425,91.03320282757954
2025-07-25,86.4302978515625,0.00036575727739540653,0.004460340475463953,0.00811217367099526,0.008917157517331464,0.0005515996487435846,0.0020030177372069927,86.30313720703126,85.87972412109374,85.82156600952149,1.0014734185644516,1.0064109862497046,1.0049303032848649,80.74375059643695,0.000876688404736685,86.4302978515625,2025,76.16848285353196,76.16848285353196,,,,0.0005943554562268566,86.48168343981357,0.00019234738791982817,86.44692409254714,0.0001801456640514857,86.44586929748526,0.04608284709347446,90.50645109757825
2025-07-28,86.506103515625,0.0008770728083420387,0.004149873681206895,0.007979450907028118,0.012296535684023224,0.0005269030865351865,0.0018832885346502573,86.37463836669922,85.93226432800293,85.84168212890626,1.0015220341458062,1.0066778082959822,1.0051479388115243,75.60666793917414,0.003133587815926033,86.506103515625,2025,76.16848285353196,76.16848285353196,,,,0.0004197990745964701,86.5424263214345,-1.2660010143778752e-05,86.50500835440938,0.0001801456640514857,86.52168861883956,0.0012259133755160717,86.61221753499684
2025-07-29,86.77760314941406,0.003138502634557172,0.006755657522400371,0.009412808782353732,0.012408781538990166,0.0011197326977454402,0.001890941353082547,86.49109954833985,85.98544464111328,85.86979217529297,1.0033125212024168,1.0092127046805084,1.0058807035229866,91.60951589938301,0.0032857534425520135,86.77760314941406,2025,76.16848285353196,76.16848285353196,,,,0.0005855621686155059,86.82843171109054,-0.00021228955958791653,86.75918312551794,0.0001801456640514857,86.79323716651612,0.027106779303807296,89.16203562849941
2025-07-30,87.06320190429688,0.003291157447516291,0.008343551625267231,0.012444008173688736,0.01658519498639377,0.0014282778605584434,0.0019484281468564895,86.6351806640625,86.05646476745605,85.90033416748047,1.0049405015024333,1.011698564884826,1.0067248393037092,93.12942982477448,0.0074540441126480245,87.06320190429688,2025,76.16848285353196,76.16848285353196,,,,0.0007693429570100637,87.13020913796326,-0.000293985991255942,87.03761030455335,0.0001801456640514857,87.07888737541076,0.0758588451704102,93.92467758342306
2025-07-31,87.714599609375,0.007481894656185206,0.015230585149830667,0.021300516249901813,0.02357805492598586,0.002812144332891915,0.0024498232068434697,86.89836120605469,86.15748977661133,85.94262008666992,1.0093930241260227,1.0180728319360388,1.0085990368494286,95.08551611984072,-0.0025706828535352636,87.714599609375,2025,76.16848285353196,76.16848285353196,,,,0.00012910017806048787,87.72592431079784,-0.0011275290309589905,87.61575458766424,0.0001801456640514857,87.7304024375314,0.057909955567213595,92.94410707256951
2025-08-01,87.4894027709961,-0.0025673814779043624,0.01225386173321441,0.016768858604147896,0.025437485385110925,0.0036793204891532186,0.0022604329728132385,87.11018218994141,86.26600494384766,85.97291015625,1.0043533439090715,1.0141816910142618,1.0097857463857662,85.73025408384048,-0.002793980045660711,87.4894027709961,2025,76.16848285353196,76.16848285353196,,,,-0.0006107982322895783,87.435980715149,0.0005049561365450787,87.53359223774021,0.0001801456640514857,87.50516502726418,0.1254280232769149,99.18092406995137
2025-08-04,87.24530029296875,-0.0027900805159943864,0.008545024539340584,0.012730358992988577,0.020457032112038975,0.0043704164612972584,0.0024238399312737128,87.25802154541016,86.35345497131348,86.01383010864258,0.9998542110832207,1.0103278475881659,1.0104751636677094,76.25958653930638,0.007399917204046276,87.24530029296875,2025,76.16848285353196,76.16848285353196,,,,-0.0002604094960986239,87.2225837462131,0.0006873161433719327,87.30528600850732,0.0001801456640514857,87.26101857127273,-0.034560415503681184,84.28157523784616
2025-08-05,87.89330291748047,0.007427364251549662,0.012857001433254522,0.01969951645410295,0.023300245264804564,0.005083402067244283,0.002707605589140721,87.48116149902344,86.45352020263672,86.06853210449219,1.0047112019478803,1.0166538356271562,1.0118866333490881,81.10387064062762,-0.001938363549970378,87.89330291748047,2025,76.16848285353196,76.16848285353196,,,,-0.000149075452237222,87.88020116019888,-0.00102371141956596,87.8033715793033,0.0001801456640514857,87.90913794116283,-0.10065228845285489,79.47729024413046
2025-08-06,87.72309875488281,-0.0019364861365769315,0.0075795150666675415,0.015986306767188152,0.023518405104576923,0.005423833312809647,0.002694323966606312,87.61314086914062,86.55430526733399,86.11578414916993,1.0012550387379267,1.0135035858001384,1.0122331939299414,79.48274216170304,0.00044901912163753104,87.72309875488281,2025,76.16848285353196,76.16848285353196,,,,-0.00011173154555770398,87.7132978650223,0.0006884658273186529,87.78351390513892,0.0001801456640514857,87.73890311426133,0.02827428419820549,90.2388038674573
2025-08-07,87.76249694824219,0.0004491199458134254,0.0005460589124328674,0.015784960859026365,0.023964870880635925,0.004284435618989172,0.0026862482698362436,87.62272033691406,86.65700492858886,86.16331604003906,1.0015952096761054,1.0127570993316042,1.0111441124594718,78.64764966463811,-0.0037592284044907086,87.76249694824219,2025,76.16848285353196,76.16848285353196,,,,0.0002685108027260641,87.78606529078269,0.0005446679001993377,87.8103113834832,0.0001801456640514857,87.77830840567374,0.09553063005972273,96.56003098040226
2025-08-08,87.43319702148438,-0.0037521713511867727,-0.0006424292283585542,0.011603560265918356,0.019809864032992675,0.004497449950055431,0.0029010851045817984,87.61147918701172,86.7419246673584,86.20475402832031,0.9979650821195839,1.007969299237674,1.010024616389225,69.93353711811072,0.0006299910664497425,87.43319702148438,2025,76.16848285353196,76.16848285353196,,,,0.00026865025625698845,87.45668912770846,0.0012323563332238031,87.54101229534065,0.0001801456640514857,87.44894915161832,0.07860087652252604,94.58282594817082
2025-08-11,87.48829650878906,0.0006301895525009371,0.0027852069395639667,0.011354031140550225,0.019424080981661263,0.004242791315812482,0.0029021585823545324,87.66007843017579,86.82527465820313,86.24403396606445,0.998040363133789,1.0076362770310372,1.0096147553262451,70.01171352865327,0.002011968204792503,87.48829650878906,2025,76.16848285353196,76.16848285353196,,,,0.0005490921760992705,87.53634883927431,0.00038468063714306426,87.52195803648648,0.0001801456640514857,87.50405856575085,-0.11715054884422064,77.81657707167074
2025-08-12,87.66449737548828,0.0020139935709173606,-0.002603219294273207,0.010220312544783727,0.019729323174817237,0.0022987286266416686,0.002906996676416947,87.61431732177735,86.91007957458496,86.29004989624023,1.0005727380552043,1.0086804408026793,1.0081030618156095,70.27579329781557,-0.0007862721525607736,87.66449737548828,2025,76.16848285353196,76.16848285353196,,,,0.000195822678250488,87.68166575307582,6.437425759901839e-05,87.67014089407132,0.0001801456640514857,87.68029117713145,0.03668947451138822,90.94059334466984
2025-08-13,87.59559631347656,-0.0007859631216112772,-0.0014534648594951571,0.006115033648370849,0.0186351373507625,0.002175663003647294,0.0029302965818094697,87.5888168334961,86.99020423889161,86.32778579711913,1.0000774012051488,1.0069593131764862,1.0068813793442832,68.28830425172764,-0.001663559717206862,87.59559631347656,2025,76.16848285353196,76.16848285353196,,,,-0.0003016178643680769,87.56917990081969,0.0002969013788913275,87.62160742798365,0.0001801456640514857,87.6113777017741,0.060608538272942825,93.06882419454956
2025-08-14,87.44999694824219,-0.0016621767687192701,-0.00356074645624882,-0.003016631921153201,0.018219628511491948,0.0022013324956137495,0.0029476310143996824,87.5263168334961,87.0684440612793,86.35870178222656,0.9991280349954734,1.004382217818138,1.0052587682845757,65.05621268446548,0.002761261834849131,87.44999694824219,2025,76.16848285353196,76.16848285353196,,,,0.0004419089253444454,87.48865042244356,0.00016640603108931024,87.46455036600778,0.0001801456640514857,87.46575210508271,0.08817623941004016,95.51118929131813
2025-08-15,87.69180297851562,0.0027650776296372914,0.002957754786979905,0.0023134254104959506,0.019121077518243768,0.0018524231131121082,0.0029695966986130235,87.57803802490234,87.15070915222168,86.39498779296875,1.0012990123571954,1.0062087139801563,1.0049033321339276,66.68914623460078,-0.002043335752140808,87.69180297851562,2025,76.16848285353196,76.16848285353196,,,,0.0002772699395566583,87.71612065055102,-0.0006745090354040616,87.6326740088297,0.0001801456640514857,87.70760169958788,-0.107727658590953,78.73602249391082
2025-08-18,87.51280212402344,-0.002041249562813152,0.00028010163887359774,0.003066088719466009,0.015835480122557533,0.0021927329246483637,0.003042964099801692,87.58293914794922,87.21891937255859,86.4295378112793,0.99919919307792,1.0033694839786942,1.0041736331751108,60.62485115241111,-0.002490790017578409,87.51280212402344,2025,76.16848285353196,76.16848285353196,,,,0.00045947198683880954,87.5530210441152,0.0003770480842105631,87.54580487983014,0.0001801456640514857,87.52856859596322,-0.0198475285578905,85.79301252647961
2025-08-19,87.29509735107422,-0.0024876905740109923,-0.0042137927607321934,-0.0068060426283886866,0.01275939807696913,0.0021114766910442506,0.0031301371739166878,87.50905914306641,87.27390937805175,86.46031982421874,0.9975549755181073,1.0002427755691645,1.002694387895425,53.41835644477433,-0.0024773837000145317,87.29509735107422,2025,76.16848285353196,76.16848285353196,,,,5.4214251955464006e-05,87.29983011776703,0.0002207016172717308,87.31436564643326,0.0001222520183240337,87.30577000527865,0.04524489793102689,91.33546899135396
2025-08-20,87.0791015625,-0.0024743175175754306,-0.005896355213202642,-0.007341249927596327,0.00852769736619452,0.0022317703285621763,0.0031939310796038007,87.4057601928711,87.31072463989258,86.48884582519531,0.9962627333753487,0.9973471405907133,1.0010884751371665,39.25257279699419,-0.0006995838278823745,87.0791015625,2025,76.16848285353196,76.16848285353196,,,,0.0011946782259755356,87.18319523591607,0.00022908160122071624,87.09905206757838,0.0001222520183240337,87.08974780916917,0.13783157566403376,99.9478444665788
2025-08-21,87.01820373535156,-0.0006993391761710432,-0.004937601234522471,-0.00848076614467308,0.007170326152704964,0.0022212868880909656,0.0032032781039368634,87.31940155029297,87.34169998168946,86.51981384277343,0.9965506197981908,0.996296199336563,0.9997446989078393,41.56226689363656,0.00315756504060232,87.01820373535156,2025,76.16848285353196,76.16848285353196,,,,-7.592750889446026e-05,87.01159691073651,-5.003103978660594e-07,87.01816019925032,0.0001222520183240337,87.02884253668336,0.16008015817066568,102.12499388221931
2025-08-22,87.29340362548828,0.003162555400174405,-0.004543176665268822,-0.0015988594808187262,0.009986148322757238,0.002389873848765104,0.0032639167503044266,87.2397216796875,87.38485527038574,86.55191390991212,1.0006153383432135,0.9989534611619543,0.9983391448066239,50.8518957890271,0.0004203029633550842,87.29340362548828,2025,76.16848285353196,76.16848285353196,,,,-0.0008668419881393944,87.21776682525147,-0.00024647496924104604,87.27189063783014,0.0001222520183240337,87.30407607261868,0.05129528594568837,91.88797629005239
2025-08-25,87.3301010131836,0.00042039130302162775,-0.002087707242889092,-0.0018081903742356298,0.00952531051649741,0.0023513008409498356,0.0032627519402427547,87.20318145751953,87.42605514526367,86.5735319519043,1.0014554463901744,0.9989024538288883,0.9974507177823153,37.26942869362471,0.0031839270249648726,87.3301010131836,2025,76.16848285353196,76.16848285353196,,,,-0.0007531264354679546,87.2643551660738,-0.0002344971642706524,87.30962475304683,0.0001222520183240337,87.34077794691795,0.0943246787312186,95.96848744893298
2025-08-26,87.60859680175781,0.0031890011043520516,0.003591260680113617,-0.0006376649088745134,0.00957613050124162,0.0024682988181925114,0.003264937021599928,87.26588134765625,87.46760482788086,86.6036198425293,1.0039272559768946,1.0016119336313645,0.9976937349476808,47.53260161906579,-9.013703578830423e-05,87.60859680175781,2025,76.16848285353196,76.16848285353196,,,,0.0001892615937172742,87.62517931357866,-0.0008142973513366572,87.53728639130738,0.0001222520183240337,87.61930778424563,0.07112289345846444,94.06650419875965
2025-08-27,87.60070037841797,-9.013297356774697e-05,0.005989942552905081,5.826851070400707e-05,0.0061736584729783495,0.0018498249773547689,0.0031986733208130367,87.37020111083984,87.49447975158691,86.62837982177734,1.0026381908779827,1.001214026612109,0.998579583065127,46.465464654646546,0.0006664736127916916,87.60070037841797,2025,76.16848285353196,76.16848285353196,,,,7.419965169554228e-05,87.60720056102699,-0.0004203528662851307,87.56388491121099,0.0001222520183240337,87.6114103954931,0.10167355846110186,96.97590557936131
2025-08-28,87.65910339355469,0.0006666957556780151,0.007365121672153752,0.002391154403770468,-0.0006326907500855405,0.0015811941023073134,0.0027222607487330567,87.49838104248047,87.4917049407959,86.64928985595704,1.0018368608557018,1.0019133065571424,1.0000763055387834,55.59756512533555,-0.0007692484552382222,87.65910339355469,2025,76.16848285353196,76.16848285353196,,,,0.00015829515330772746,87.67298050307579,-0.00026934130420349777,87.63549635563926,0.0001222520183240337,87.66982055095274,0.04636853416848653,91.81943641589577
2025-08-29,87.5916976928711,-0.0007689526594969465,0.0034171432776590738,-0.0011415580732107022,0.001169226427830905,0.0015045905596986803,0.0026630282628986677,87.55803985595703,87.49681968688965,86.66944778442382,1.0003844060119371,1.0010843594809613,1.0006996845060936,52.5465703129991,0.00662933209064755,87.5916976928711,2025,76.16848285353196,76.16848285353196,,,,0.0010171926054170738,87.68084065015249,-8.936755199874858e-05,87.58387018704059,0.0001222520183240337,87.60240660928245,0.017450661101999665,89.13364559982324
2025-09-01,88.17430114746094,0.006651354750911054,0.009666771531043006,0.007558882899213026,0.01064814782426815,0.003034694957490936,0.002952027025614483,87.7268798828125,87.54326972961425,86.70132781982421,1.0051001616066377,1.0072082230855175,1.0020973645805709,60.46134432994856,-0.0019627836246529358,88.17430114746094,2025,76.16848285353196,76.16848285353196,,,,-0.000509120950937732,88.12942118904546,-0.0012441217774036926,88.06466979071621,0.0001222520183240337,88.18508129267435,-0.11489489695329103,78.60384787524728
2025-09-02,88.00140380859375,-0.0019608586245332127,0.004483658238754629,0.008091020904404056,0.0012299104428328267,0.0033571859487724572,0.002511773863573413,87.8054412841797,87.54867477416992,86.7366958618164,1.0022317811008983,1.005171169473343,1.0029328429090685,57.986438519888765,-3.5286009365421355e-05,88.00140380859375,2025,76.16848285353196,76.16848285353196,,,,0.00021852396166102922,88.02063632529207,0.0005652462747018752,88.05116033528599,0.0001222520183240337,88.01216281546645,0.05960728239728118,93.40641716318981
2025-09-03,87.99829864501953,-3.5285386821515274e-05,0.004538756709524083,0.010555886154381078,0.003137142828318007,0.0033532307303372135,0.002467649816219892,87.8849609375,87.56243476867675,86.77856582641601,1.0012896143584809,1.0049777496193915,1.003683385114579,61.431957368965236,0.0008485131618924664,87.99829864501953,2025,76.16848285353196,76.16848285353196,,,,0.00028693451751818697,88.02355201724248,0.00047829826806530123,88.04039814611077,0.0001222520183240337,88.00905727225651,-0.041394698409352705,84.42999946144008
2025-09-04,88.072998046875,0.0008488732510250063,0.004721639137262201,0.012121536256153753,0.003537970197178053,0.0033509070365621094,0.002471734663405955,87.96773986816406,87.5779598236084,86.81990371704102,1.0011965543148964,1.0056525434511567,1.0044506636754353,58.54313286961993,0.0013604853029423767,88.072998046875,2025,76.16848285353196,76.16848285353196,,,,0.0004019598192816133,88.10840696925878,0.0003011025268479139,88.09952104200403,0.0001222520183240337,88.08376580682285,-0.05949467397242657,82.98595029395909
2025-09-05,88.19290161132812,0.0013614111829065578,0.006863708939231605,0.010304306493752025,0.008688971874802665,0.0032106756701747266,0.002302303349550938,88.08798065185547,87.61594505310059,86.87043380737305,1.0011910927994516,1.0065850634593723,1.0053875535836405,65.65674661720692,-7.483224927387662e-05,88.19290161132812,2025,76.16848285353196,76.16848285353196,,,,0.00045947845168438237,88.23343366029852,6.937705406823414e-05,88.19902038728051,0.0001222520183240337,88.2036840306248,-0.10709464296611623,79.23608678012856
2025-09-08,88.1863021850586,-7.482944941095138e-05,0.00013610584310264073,0.00980419307823488,0.007978274856447864,0.0012670788991049516,0.002304556587844996,88.090380859375,87.65084533691406,86.92505386352539,1.0010888967075386,1.006108975288103,1.0050146181793393,72.72553948156852,-0.002336456238145928,88.1863021850586,2025,76.16848285353196,76.16848285353196,,,,4.3727021435452395e-05,88.1901583936942,0.0005153644738401089,88.23176198546098,0.0001222520183240337,88.19708379751276,0.05606214757029267,93.27142534055915
2025-09-09,87.98049926757812,-0.0023337288488249897,-0.00023754781299956118,0.0042450453425462165,0.0036046735172201583,0.0014156492384548673,0.002348921107788067,88.08619995117188,87.66664543151856,86.97038391113281,0.998800031291481,1.0035800826473362,1.0047857941590916,73.1055657683733,0.0026992322728185032,87.98049926757812,2025,76.16848285353196,76.16848285353196,,,,0.00025931498501902784,88.00331688777521,0.0008293507080939218,88.05349622279833,0.0001222520183240337,87.99125571867228,0.057256646368460326,93.16497413539527
2025-09-10,88.21829986572266,0.0027028784801652606,0.0025000622067774536,0.007050166090416754,0.00710884540379908,0.0018759570366727262,0.0024021555183609752,88.1302001953125,87.69778060913086,87.02189392089844,1.0009996535831636,1.0059353754790188,1.0049307928111537,78.20424088332013,-0.0018709955526176644,88.21829986572266,2025,76.16848285353196,76.16848285353196,,,,-8.62228922750984e-05,88.21069375667172,4.698346548740881e-05,88.22244476453984,0.0001222520183240337,88.22908539019699,-0.0739320150126848,81.93140788048724
2025-09-11,88.05339813232422,-0.0018692463315370667,-0.00022254169819846403,0.004498046677471779,0.006899956605363355,0.00212696064806004,0.0024117434061690615,88.12628021240235,87.72795066833496,87.06907989501953,0.999172981318371,1.0037097351700333,1.0045405089373776,68.83774583963691,0.0024296934259076474,88.05339813232422,2025,76.16848285353196,76.16848285353196,,,,-1.589387782589445e-05,88.05199863349391,0.0007242128870965024,88.11719063489234,0.0001222520183240337,88.0641634959965,0.042357037061329914,91.86319545833959
2025-09-12,88.2676010131836,0.002432647523011866,0.0008470001609048872,0.007716522662712499,0.006566155730759027,0.0023463887408728176,0.0023952878502413247,88.14122009277344,87.75674057006836,87.12804992675781,1.0014338458246566,1.005821324262919,1.0043811964779856,71.35810279977474,0.00010985262689107706,88.2676010131836,2025,76.16848285353196,76.16848285353196,,,,2.4364497737267373e-05,88.26975163514807,0.00011949498554556728,88.27814917910472,0.0001222520183240337,88.27839256519114,-0.019413407444205166,86.57055215938571
2025-09-15,88.27729797363281,0.00010985866091184349,0.0010318585349373688,0.0011681048200158362,0.008735817286777303,0.0023429918724028466,0.0023306302513495148,88.15941925048828,87.79496536254882,87.18366989135743,1.0013371086623155,1.005493852740783,1.0041511934817042,67.36057741825587,-0.0017437676892848846,88.27729797363281,2025,76.16848285353196,76.16848285353196,,,,0.00019891222067186602,88.2948591535164,4.259575264494414e-05,88.28105829166769,0.0001222520183240337,88.28809071118582,0.0627501485745746,93.99420411678499
2025-09-16,88.12349700927734,-0.0017422482097425585,0.001625334510370502,0.0013874006027125851,0.009489646994395917,0.0021926574208461238,0.0022869376478171183,88.18801879882812,87.83638534545898,87.22829986572266,0.9992683610491583,1.0032687099166155,1.0040032778214425,62.616825871452875,-0.002714640800524672,88.12349700927734,2025,76.16848285353196,76.16848285353196,,,,0.0003370792935799842,88.15320662236341,0.0003595222682987154,88.155185064752,0.0001222520183240337,88.13427094320267,0.0090215116430611,88.92210105505268
2025-09-17,87.88459777832031,-0.0027109594950808225,-0.0037826855415517002,-0.0012920802839369028,0.009250166818064676,0.0020585828741788176,0.00230355079439614,88.12127838134765,87.87666015625,87.2718438720703,0.9973141492341601,1.0000903268519332,1.0027836540972621,55.00582624248009,0.00029693808104448385,87.88459777832031,2025,76.16848285353196,76.16848285353196,,,,-4.3527690478358895e-05,87.8807724480049,0.0006719169498917916,87.94366877238066,0.0001252774325356762,87.89560842476776,0.062486643767363556,93.55141785640213
2025-09-18,87.91069793701172,0.0002969821715204102,-0.0016206097474859016,-0.0018427907924389864,0.010256408008311624,0.001992608434151169,0.0022878105729743393,88.09273834228516,87.92128486633301,87.31588775634765,0.9979335367625182,0.9998795862760947,1.0019500792807203,57.2138908634171,0.0033637057673606367,87.91069793701172,2025,76.16848285353196,76.16848285353196,,,,-8.420724884600678e-05,87.90329553066682,0.00014795034351282525,87.92370531716941,0.0001252774325356762,87.92171185342485,0.004914468372347935,88.34379563239632
2025-09-19,88.20690155029297,0.0033693693740604047,-0.0006876754572898713,0.0001587422423920959,0.010464684464863261,0.0023316293873708207,0.0023008477272483383,88.08059844970703,87.96695976257324,87.36532974243164,1.0014339491648443,1.0027276353345318,1.0012918337457666,50.84693355743808,-0.0012217861621859573,88.20690155029297,2025,76.16848285353196,76.16848285353196,,,,0.00013695765255225545,88.21898298777198,-0.0005691368078392888,88.15671403904993,0.0001252774325356762,88.21795257665876,0.05552415344478724,93.24303483406757
2025-09-22,88.09919738769531,-0.0012210400853526204,-0.002017512882991679,-0.0009877361359419412,0.008806772986505784,0.002372245140241773,0.0023337463245559774,88.04497833251953,88.00541458129882,87.41088775634766,1.0006158108753347,1.0010656481404319,1.0004495604209007,52.629678562929286,0.0023264864630573494,88.09919738769531,2025,76.16848285353196,76.16848285353196,,,,1.6256264630864752e-05,88.1006295632027,0.0003060009816612945,88.12615995365496,0.0001252774325356762,88.11023492031492,0.05554101177073782,93.13075136618384
2025-09-23,88.30439758300781,0.002329194832609849,0.0020528074789341044,0.003681478488143153,0.007942151873799208,0.0024927190051233796,0.002287932029688246,88.08115844726562,88.04020462036132,87.45760772705079,1.002534470932008,1.003000821769846,1.000465171873247,57.424122987191296,0.005686811788516805,88.30439758300781,2025,76.16848285353196,76.16848285353196,,,,0.0004602946755487506,88.3450529830571,-0.000180923088647573,88.28842272380993,0.0001252774325356762,88.31546082419136,-0.0294661962800013,85.74036453913536
2025-09-24,88.80799865722656,0.005703012398055929,0.010506970530097082,0.00668454042303579,0.013781833633673024,0.0026891265624791726,0.0025719512687023285,88.26583862304688,88.10056953430175,87.51390563964844,1.006142354082139,1.0080297905752966,1.001875913965355,64.75657427149964,-0.0003310616588105777,88.80799865722656,2025,76.16848285353196,76.16848285353196,,,,-0.0010150283618774918,88.71790175301987,-0.0011771711780980622,88.70351794872724,0.0001252774325356762,88.81912499221175,-0.07727748367613138,82.20361155048472
2025-09-25,88.77860260009766,-0.0003310068639466035,0.009872571637501881,0.008235962304187439,0.012771054724537434,0.002806243329920023,0.0025820371178697722,88.43941955566406,88.1565444946289,87.57177368164062,1.0038352020641668,1.007056289570273,1.003208781181894,62.202561665304984,-6.196272209462041e-05,88.77860260009766,2025,76.16848285353196,76.16848285353196,,,,0.0002276740223693618,88.79881748276647,-0.00011180260503324024,88.76867747589347,0.0001252774325356762,88.7897252521896,-0.0024580077159233327,88.56065208166021
2025-09-26,88.77310180664062,-6.196080244480484e-05,0.006419001760591625,0.00572691211333054,0.013487626623152948,0.0027979986439170515,0.0025665563379339475,88.55265960693359,88.21561470031739,87.62630569458008,1.0024893910661241,1.0063195966861094,1.0038206944174362,62.23104984781357,-0.001085356760400325,88.77310180664062,2025,76.16848285353196,76.16848285353196,,,,0.0002464002527683773,88.7949782164306,-9.136393015075984e-05,88.76499151766747,0.0001252774325356762,88.78422376956411,-0.04248724569101355,85.08037950073347
2025-09-29,88.67680358886719,-0.0010847679737854277,0.0065563162696025135,0.004525575934072101,0.00569896710114981,0.002768004951969026,0.0021705817615563856,88.66818084716797,88.2407398223877,87.67686981201172,1.0000972473058185,1.004941751025175,1.0048440326502321,65.20775567878853,0.00031226180076434983,88.67680358886719,2025,76.16848285353196,76.16848285353196,,,,0.0005424187767936904,88.72491659972044,0.00024161771965546626,88.69823206458214,0.0001252774325356762,88.68791348704148,-0.04811099311198609,84.51147691817576
2025-09-30,88.70449829101562,0.00031231055955549536,0.004530926193474283,0.006593034791584795,0.007989582574740917,0.0027291974464707723,0.002105245908527057,88.74820098876953,88.2758945465088,87.72705383300782,0.9995075652546531,1.0048552750069388,1.0053503444477914,61.691954866526004,0.0015342569728566422,88.70449829101562,2025,76.16848285353196,76.16848285353196,,,,0.00042403702534138334,88.74212025859524,0.00014523004601355716,88.71738178489659,0.0001252774325356762,88.71561165892844,-0.07115683854536736,82.6119020717167
2025-10-01,88.8406982421875,0.0015354345472429198,0.00036820540328963425,0.010879044656708192,0.009572907773662376,0.0009640853146076489,0.0021174127267312836,88.75474090576172,88.3180145263672,87.77701187133789,1.00096848163319,1.0059182004783889,1.0049449297715376,69.19776903814886,-0.0017766600087438021,88.8406982421875,2025,76.16848285353196,76.16848285353196,,,,0.0002881745740452206,88.86630356178516,0.00022268029696021982,88.86048351806802,0.0001252774325356762,88.85182867394934,0.0011116671514313503,88.93951444331952
2025-10-02,88.68299865722656,-0.0017750826826128385,-0.0010768804652371289,0.008785059592726796,0.006926079773359239,0.0012802199671208619,0.0021738042216837158,88.7356201171875,88.34851455688477,87.82269790649414,0.999406986057105,1.0037859617902962,1.0043815740677053,60.4162123073038,0.00041939411068405964,88.68299865722656,2025,76.16848285353196,76.16848285353196,,,,0.00013199945717476286,88.69470553754387,0.0007110312982199028,88.74607746773857,0.0001252774325356762,88.69410933155174,0.03856932503684096,92.17026043271476
2025-10-03,88.72019958496094,0.0004194820686900247,-0.0005959262502160945,0.005819250258725983,0.005978916261953238,0.0013122939752077646,0.0021608442341597375,88.72503967285157,88.3748794555664,87.86849594116211,0.999945448456169,1.0039074466807976,1.0039622143695395,60.95477842105661,0.00016793195364493566,88.72019958496094,2025,76.16848285353196,76.16848285353196,,,,-9.055769513411061e-05,88.7121656519474,0.00021068563186392106,88.7388936254833,0.0001252774325356762,88.73131492001477,-0.015410406828636702,87.3634659736174
2025-10-06,88.73509979248047,0.00016794605500480841,0.0006574008224693451,0.007218027219779932,0.006223161577522784,0.0011961441010234137,0.002159307265466179,88.73669891357422,88.4023193359375,87.91307586669922,0.9999819790333275,1.0037643860369587,1.00378247516749,66.24357665061842,-0.00015778472684321412,88.73509979248047,2025,76.16848285353196,76.16848285353196,,,,3.175561332817346e-05,88.73791767473966,0.00037930421778089316,88.76876377413848,0.0001252774325356762,88.74621699431097,-0.01519420568592375,87.39703161873524
2025-10-07,88.72109985351562,-0.00015777227948787775,0.00018715581306305573,0.004718929995712884,0.008417781123122303,0.0011969043788680543,0.00207201453215749,88.74001922607422,88.43934936523438,87.95194580078125,0.9997867999948208,1.0031858046254691,1.0033997294529853,75.23081029832748,0.00024229894873270926,88.72109985351562,2025,76.16848285353196,76.16848285353196,,,,-3.265028638211801e-05,88.71820313148693,0.0005399651623167248,88.76901909279457,0.0001252774325356762,88.73221530135986,-0.0032673254380702066,88.4316921990286
2025-10-08,88.74259948730469,0.00024232830549397733,-0.0011042096339155538,-0.0007364108065794905,0.005943207048651589,0.0008937756204176231,0.0020012511502584466,88.72039947509765,88.46556434631347,87.98553375244141,1.0002502244392313,1.0031315590765546,1.0028806138373412,75.16187838929272,0.0003898078408470515,88.74259948730469,2025,76.16848285353196,76.16848285353196,,,,-1.8794276235468493e-05,88.74093165004902,0.00022840963671945906,88.76287146728477,0.0001252774325356762,88.75371762873655,0.04011492079150014,92.37486885930635
2025-10-09,88.7771987915039,0.0003898838257963,0.0010622118749212817,-1.5812465533726616e-05,0.008220019607783735,0.0002314534841508918,0.0019351377918249229,88.73923950195312,88.50175437927246,88.00678573608398,1.0004277621688424,1.0031123045431511,1.0026833945196492,70.49225269483404,0.0009930437510044785,88.7771987915039,2025,76.16848285353196,76.16848285353196,,,,9.487669742752531e-05,88.78562207851262,-2.5991279047708798e-05,88.77489138854335,0.0001252774325356762,88.7883212677193,0.006294410001629003,89.33776123364464
2025-10-10,88.86540222167969,0.0009935369822033913,0.0016366355959298584,0.0010397340316001813,0.006772600610350787,0.00042299449466726705,0.0018820434815313002,88.76828002929688,88.53164443969726,88.03430572509765,1.0010941092060222,1.0037699263816313,1.0026728927390567,77.92303842517934,-0.0012171969269463825,88.86540222167969,2025,76.16848285353196,76.16848285353196,,,,0.00018253942604075422,88.88162514181234,5.3367987596025e-05,88.87014491591607,0.0001252774325356762,88.87653574848653,0.05439623037038947,93.8332359222589
2025-10-13,88.7573013305664,-0.0012164564432355363,0.0002502001816402366,0.0009077654859148687,0.005437449581623621,0.0008200387200211888,0.0019136524198072019,88.77272033691406,88.55564460754394,88.06454574584961,0.9998263091827181,1.0022771752598736,1.0024512918440394,67.76239804192625,-0.0010393415991197424,88.7573013305664,2025,76.16848285353196,76.16848285353196,,,,-7.305777128280172e-05,88.75081715680865,0.0004007915632906963,88.79288163778735,0.0001252774325356762,88.76842131392283,0.04234863464715789,92.59677632417181
2025-10-14,88.66510009765625,-0.0010388016707127967,-0.0006311887020318263,-0.00044415101960348924,0.006145955468856323,0.0009588361451912439,0.0018808484941752089,88.76152038574219,88.5827247619629,88.07998168945312,0.998913715226295,1.0009299255121664,1.0020184028461503,41.725569888672915,0.0013232203682051226,88.66510009765625,2025,76.16848285353196,76.16848285353196,,,,-9.375645831508677e-05,88.656787561578,-7.9416238243941e-05,88.65805892853825,0.0001252774325356762,88.67620852955538,0.10588908440165475,98.56886454029404
2025-10-15,88.78250122070312,0.0013240962105447451,0.0004496344892865878,-0.0006550716353638242,0.01021684646776988,0.0011630051024618911,0.0017519586422381156,88.76950073242188,88.62761993408203,88.10116973876953,1.0001464521955625,1.0017475510087746,1.0016008643631114,50.20486709698112,-0.011019858243439025,88.78250122070312,2025,76.16848285353196,76.16848285353196,,,,7.015992544071995e-05,88.78873041288648,-0.0003743082480746589,88.74927541694565,0.0001252774325356762,88.79362436123483,0.08494855236213815,96.65405155259171
2025-10-16,87.80950164794922,-0.010959362029406505,-0.010900289226599247,-0.009849655768334409,-0.0011511259885004232,0.005041278926780582,0.003107543619717435,88.57596130371094,88.6225601196289,88.10210983276367,0.9913468660742651,0.9908256038802968,0.9994741878833667,24.893152623773986,0.0020614104286929284,87.80950164794922,2025,76.16848285353196,76.16848285353196,,,,0.0025323816229906658,88.03215061333411,0.0022308921124971418,88.00561384381784,0.006012240279817431,88.33902368250708,0.14996308720747248,102.01632007473343
2025-10-17,87.9906997680664,0.0020635365958874274,-0.00984300337077515,-0.008222477184532728,-0.0024510755782900517,0.005228861475366784,0.0030449407534724952,88.40102081298828,88.61175003051758,88.1132598876953,0.9953584128198033,0.9929913328397499,0.9976218817768893,32.880775161333304,0.0001317856954950601,87.9906997680664,2025,76.16848285353196,76.16848285353196,,,,6.927364385509455e-05,87.99679541559613,0.0003312178815689543,88.01984868829668,0.0001227823165406052,88.00150413329688,-0.054880986685492565,83.29180273216718
2025-10-20,88.0022964477539,0.00013179437961130525,-0.008506397462452964,-0.00825832558300299,-0.0010999071820708695,0.005311254895114022,0.0030341612375635015,88.25001983642578,88.60690498352051,88.1235398864746,0.9971929367366599,0.9931765076787294,0.9959722648346525,32.337216219846866,-0.0013906938722846314,88.0022964477539,2025,76.16848285353196,76.16848285353196,,,,-0.0001319619546494233,87.99068425890144,0.0005550660082699005,88.05115709034818,0.0001227823165406052,88.01310223693899,-0.07930993977317391,81.29243569650876
2025-10-21,87.87999725341797,-0.0013897273056794335,-0.008854699801540411,-0.009480299517097612,-0.004806106391144316,0.005302715228030444,0.0029943335088760898,88.09299926757812,88.58568496704102,88.1278498840332,0.9975820778503276,0.9920338402995291,0.9944383147271909,25.664900298775137,0.0013828045595160388,87.87999725341797,2025,76.16848285353196,76.16848285353196,,,,0.00014998819268902897,87.89317920392328,0.000720397966480757,87.94332863389357,0.0001227823165406052,87.89078802550276,-0.09314341297687517,80.0641992348129
2025-10-22,88.00160217285156,0.001383761074581269,-0.008795641450901837,-0.008349961785367066,-0.009080223589853165,0.005311467202019973,0.002682973518724183,87.93681945800782,88.54536514282226,88.1359700012207,1.000736696133008,0.9938589335636753,0.9931273005217961,32.41834388484676,-0.0029736712542696745,88.00160217285156,2025,76.16848285353196,76.16848285353196,,,,0.000920735929771828,88.08266572318445,0.0004170220269664127,88.03830843249341,0.0001227823165406052,88.01240787678672,-0.21739535384317726,70.80712753131914
2025-10-23,87.74030303955078,-0.0029692542732067118,-0.0007880537652504849,-0.011679752977882374,-0.011695380757724805,0.0020503972261655037,0.002740914627027289,87.92297973632813,88.49345016479492,88.14177612304688,0.9979223099885243,0.9914892331145231,0.9935535293583373,27.337179962239517,0.0004409348620619599,87.74030303955078,2025,76.16848285353196,76.16848285353196,,,,0.00018087876607348689,87.7561748326914,0.00026262847637086213,87.76334916780668,0.0001227823165406052,87.75107665860337,0.05591719760643628,92.78625802263213
2025-10-24,87.77899932861328,0.0004410320881278462,-0.0024059410825364447,-0.012225262767126321,-0.011198239757270523,0.0017117379526743787,0.002748258961642358,87.8806396484375,88.44374504089356,88.14352005004883,0.9988434276283056,0.9924839714558342,0.9936331801395825,28.128272434062623,0.000569484905272829,87.77899932861328,2025,76.16848285353196,76.16848285353196,,,,0.0006860876093013158,87.83924407663389,-0.0003290815068285279,87.75011763572248,0.0001227823165406052,87.78977769917758,0.07452735039383136,94.57088270124025
2025-10-27,87.8290023803711,0.0005696470925877772,-0.0019691993774922922,-0.010458846047357473,-0.00956057474090699,0.0017613723502618221,0.0027564964713141177,87.84598083496094,88.40135498046875,88.14984405517578,0.999806724742231,0.9935255223155334,0.9937175833376025,29.923112055851078,0.0044657212973950805,87.8290023803711,2025,76.16848285353196,76.16848285353196,,,,0.0008618654247810202,87.9047317904081,-0.00032018578374687226,87.80088528399571,0.0001227823165406052,87.83978689080284,0.05106799271173233,92.4307543030728
2025-10-28,88.22209930419922,0.004475707490399383,0.0038928318328770306,-0.00499633782592146,-0.0054382697169853556,0.00265701130625225,0.0029682825120554853,87.91440124511719,88.37723503112792,88.16838409423828,1.0034999733231889,0.9982446189126186,0.9947629750370928,39.96451991562448,3.856907020470431e-05,88.22209930419922,2025,76.16848285353196,76.16848285353196,,,,-1.835853440236386e-05,88.220479690621,-0.0009673963947936534,88.13679483166354,0.0001227823165406052,88.23293208294508,0.036693245583975825,91.5193784518185
2025-10-29,88.22550201416016,3.856981400085502e-05,0.0025442700562292586,-0.006273749881841373,-0.006924711761610247,0.0026487072536798863,0.0029391339678366242,87.95918121337891,88.34647521972656,88.19131210327149,1.0030277771701306,0.9986306957321667,0.9956161917565539,39.23351795604788,0.0013602941701376394,88.22550201416016,2025,76.16848285353196,76.16848285353196,,,,0.0005750533385895951,88.27625097392301,-0.0003461825727623404,88.19496516885646,0.0001227823165406052,88.23633521072428,-0.012132547392126686,87.16156908886212
2025-10-30,88.34559631347656,0.0013612197899097733,0.006898691399013446,0.006105201094030566,-0.0038045888034764497,0.001797323486557006,0.0029423849631596,88.08023986816406,88.32960510253906,88.21785995483398,1.0030126671511077,1.0001810402177043,0.9971768781929283,39.98058823529412,0.003264802626285912,88.34559631347656,2025,76.16848285353196,76.16848285353196,,,,7.270307517239233e-05,88.35201954349795,-0.00028488984950301576,88.32043113466077,0.0001227823165406052,88.35644425640224,0.13965456965616158,101.58652755320972
2025-10-31,88.6344985961914,0.0032701378990043217,0.009746058557530857,0.0073166690323178685,-0.0009659692963998046,0.0018726533964857728,0.003040684156306796,88.25133972167968,88.32532005310058,88.24468185424804,1.0043416777095975,1.0035004519984185,0.9991624108310457,47.78717507382498,0.0015884084296202555,88.6344985961914,2025,76.16848285353196,76.16848285353196,,,,-0.0007959325344032378,88.5639795829995,-0.0007600906589187386,88.56715393901521,0.0001227823165406052,88.64538201338637,0.06470253006765121,94.55897241346781
2025-11-03,88.77539825439453,0.0015896706184919118,0.010775436910062774,0.008785018548914891,0.00045414342248228934,0.001736221596213737,0.0030624386299910257,88.44061889648438,88.32733497619628,88.27358779907226,1.0037853574758675,1.0050727589405817,1.0012825465674768,51.95322105160761,-0.0005859414960308033,88.77539825439453,2025,76.16848285353196,76.16848285353196,,,,-8.150601732971792e-05,88.76816282011568,-0.0005447686897753884,88.72704936767875,0.0001227823165406052,88.78629897263804,-0.08793703093597863,81.30215589638412
2025-11-04,88.72339630126953,-0.0005857698658358057,0.005682215692258463,0.009597167435263732,2.588389636404287e-05,0.0014983259343157378,0.0030652931152353887,88.54087829589844,88.32744979858398,88.2958837890625,1.0020613981799584,1.0044827118136936,1.0024163326100906,48.92851906868155,9.699290196702811e-05,88.72339630126953,2025,76.16848285353196,76.16848285353196,,,,0.0004299364520053832,88.7615499247142,-5.726459168871849e-06,88.722888231818,0.0001227823165406052,88.73429063420078,-0.12168371171334177,78.55821259754616
2025-11-05,88.73200225830078,9.699760593062656e-05,0.005740973217237544,0.008299849859717101,-0.00011941535480286536,0.0014878303719424858,0.0030648750686809805,88.64217834472656,88.3269199371338,88.31850982666016,1.0010133315228886,1.0045861705746708,1.0035692222463677,75.71500272219953,-0.0019753327881067155,88.73200225830078,2025,76.16848285353196,76.16848285353196,,,,0.0006065328954194049,88.78583746130724,0.0003666750289818147,88.76454403356404,0.0001227823165406052,88.74289764795624,-0.07191866280188725,82.57458566083295
2025-11-06,88.55690002441406,-0.00197338310226558,0.0023917854398507465,0.009306977028506358,-0.0024814791420398885,0.0020197699227100666,0.0030944063851300733,88.68443908691407,88.3159049987793,88.33646575927735,0.998561877779088,1.0027287839674868,1.004172907339169,65.83683660186509,0.0013101233533494869,88.55690002441406,2025,76.16848285353196,76.16848285353196,,,,0.0005760890175402815,88.6079313798359,0.0008913958382043107,88.63587447005685,0.0001227823165406052,88.56777391329169,-0.04918325026183842,84.3067584566575
2025-11-07,88.6729965209961,0.001310981939860456,0.0004343447011538881,0.010184636407576386,-0.0021651362158202625,0.0014537921191928906,0.0031012234603445326,88.692138671875,88.30628471374511,88.35809173583985,0.9997841730826931,1.0041527260312186,1.0043694960033782,67.7236473899404,-0.00016916828102379135,88.6729965209961,2025,76.16848285353196,76.16848285353196,,,,0.00043366948439330907,88.71145963321318,0.00037304646961319006,88.70608184009532,0.0001227823165406052,88.68388466534564,-0.055763586851932764,83.8636126245103
2025-11-10,88.65799713134766,-0.00016915397287697864,-0.0013224510996892036,0.00943873582198207,-0.0011188285102191609,0.0011880035318411785,0.0030902694061883122,88.66865844726563,88.30131950378419,88.36776565551757,0.9998797622958927,1.004039323869313,1.0041600617696964,71.79509100701895,0.0005536916256403941,88.65799713134766,2025,76.16848285353196,76.16848285353196,,,,6.728980217467118e-05,88.66396311115838,0.0006897753815182749,88.71917233129146,0.0001227823165406052,88.66888343392434,0.0013497782611483766,88.7777465679647
2025-11-11,88.70709991455078,0.000553844941143744,-0.00018367631761317949,0.005497495686191067,0.00047369051462498035,0.001219748839717293,0.003084000443636317,88.66539916992187,88.30341949462891,88.38187957763672,1.0004703158731514,1.0045715151489283,1.0040992713234052,70.60084211464344,-0.002715988554348163,88.70709991455078,2025,76.16848285353196,76.16848285353196,,,,-0.00013345725322032716,88.69526209859382,0.00024004360857806474,88.72839604281825,0.0001227823165406052,88.71799224645108,-0.00031017453723865274,88.67958949762098
2025-11-12,88.46649932861328,-0.002712303594292531,-0.002992189096720832,0.002731606043051338,-0.0035592812518797645,0.0016968224787031073,0.0031265134679703227,88.61229858398437,88.28761940002441,88.3912435913086,0.9983546386032081,1.002026104337216,1.0036775165778211,71.4647170781429,0.0014402135163300597,88.46649932861328,2025,76.16848285353196,76.16848285353196,,,,0.00021164623666758008,88.48522491179703,0.001007821227751559,88.55570268755055,0.0001227823165406052,88.4773621172026,0.05993625853799388,93.93097464357706
2025-11-13,88.59400177001953,0.001441251121881093,0.00041895939893143996,0.0028117468997723716,0.008934114274051774,0.0016920229027011335,0.0018398087658015923,88.61971893310547,88.32684440612793,88.40166366577148,0.9997098031522154,1.0030246451765354,1.0033158042602643,72.88804518302038,0.0025037967586608472,88.59400177001953,2025,76.16848285353196,76.16848285353196,,,,0.00016194478452259177,88.60835026834704,0.00021939041141602188,88.61344057678279,0.0001227823165406052,88.6048802146151,-0.05529202147333963,83.82842359867418
2025-11-14,88.81610107421875,0.002506933875453088,0.001613845915185319,0.0020488915817609143,0.00938055167566576,0.0019703184617638897,0.0018628479015127763,88.64833984375,88.36811447143555,88.41412765502929,1.001892435106675,1.0050695503175866,1.0031711140832933,75.27772459254686,-0.001511023419165453,88.81610107421875,2025,76.16848285353196,76.16848285353196,,,,0.00041375154910113036,88.85285647690138,-0.00013468305068057258,88.80413985628125,0.00012763847828729636,88.82743814971542,-0.008850999367089982,88.03345851358507
2025-11-17,88.68199920654297,-0.0015098823980543852,0.00027072656694193675,-0.0010520825553935742,0.007723693428757228,0.00213830187226788,0.0019139382966276712,88.65314025878907,88.402099609375,88.42404159545899,1.0003255265145674,1.0031662098344356,1.0028397589030504,63.57828915358694,-0.0005199339985118998,88.68199920654297,2025,76.16848285353196,76.16848285353196,,,,2.575301749869222e-05,88.68428306502835,0.000303702318120066,88.70893622548802,0.00012763847828729636,88.6933191643889,0.04634016351007751,92.88824389926786
2025-11-18,88.63590240478516,-0.0005197988562531952,-0.0008026134304267574,-0.0009861423269604819,0.008601560935276309,0.0021296962873830257,0.0018810490806394184,88.63890075683594,88.43989486694336,88.43714965820313,0.9999661734066513,1.0022162796341705,1.0022501823435224,61.818884904731775,-0.0008928309835008625,88.63590240478516,2025,76.16848285353196,76.16848285353196,,,,2.575301749869222e-05,88.63818507612352,0.000241545609737546,88.65731460378338,0.00012763847828729636,88.64721647852994,0.030170476501050716,91.35083934817796
2025-11-19,88.55680084228516,-0.0008924325285114554,0.0010207424771770945,-0.0019745008740545966,0.0063089609248598855,0.001695415092951279,0.0018891480899432542,88.6569610595703,88.46765480041503,88.44391967773437,0.9988702498248518,1.0010076681932085,1.002139835848281,56.229438106168004,-0.000786278782657447,88.55680084228516,2025,76.16848285353196,76.16848285353196,,,,0.0002358147680025196,88.57768630618445,0.00012431525356145932,88.56781048775571,0.00012763847828729636,88.5681048189825,0.04044644615187262,92.21203096282501
2025-11-20,88.48719787597656,-0.0007859697464969173,-0.0012055431734556699,-0.000787088848167472,0.008512562762509557,0.0015779959858131171,0.0017470419810418694,88.63560028076172,88.50499954223633,88.45259567260742,0.9983257020394166,0.9997988625913582,1.0014756311982473,45.00984745491106,0.0023140604983555003,88.48719787597656,2025,76.16848285353196,76.16848285353196,,,,-0.0001530851222995518,88.47365283926604,0.0001222445077832346,88.49801561111691,0.00012763847828729636,88.4984929680902,0.0926803147862608,97.08027364068626
2025-11-21,88.69219970703125,0.002316740002797024,-0.001395032721420164,0.0002165618259062363,0.010403403836939162,0.0014953458501357397,0.001797543614603367,88.61082000732422,88.55065956115723,88.46108764648437,1.0009183946125348,1.0015984087140115,1.00067939015322,47.29877683264554,0.010562796969673556,88.69219970703125,2025,76.16848285353196,76.16848285353196,,,,0.00017058073918633284,88.70733017846415,-0.00041039513453793497,88.65580832773328,0.00012763847828729636,88.70352096693664,0.056956480273820956,93.89042638204576
2025-11-24,89.63400268554688,0.010618780249295856,0.010735025005318866,0.011008657828726509,0.02055130146370865,0.004918133511663679,0.0028868377989446107,88.801220703125,88.64090957641602,88.48822174072265,1.009378046560936,1.01120355278253,1.0018085455967798,68.73816648402888,-0.005439113547399092,89.63400268554688,2025,76.16848285353196,76.16848285353196,,,,-0.0022004513894832247,89.43698426401893,-0.001661399974211972,89.48520839343891,0.00020292570812571858,89.65219357465108,-0.06349352025675065,84.11973680224267
2025-11-25,89.14779663085938,-0.005424348351297015,0.005775246961851721,0.004967998240649418,0.010492805475737388,0.005961528269212223,0.003104002452279167,88.90359954833984,88.68719444274902,88.5087077331543,1.0027467626030908,1.0051935591265964,1.0024400941641076,57.1505795355843,3.140788587227993e-05,89.14779663085938,2025,76.16848285353196,76.16848285353196,,,,0.0013502554364504381,89.2682502311713,0.0010554468024751326,89.241937059129,0.00012763847828729636,89.15917604617418,0.1505942195532068,103.63652734724215
2025-11-26,89.15059661865234,3.14083791050912e-05,0.006705253246723553,0.007732840060709956,0.010485569176400977,0.005895712658540084,0.0031040621265756526,89.02235870361328,88.73344917297364,88.53402770996094,1.0014405135620594,1.0047011296142172,1.0032559258468186,60.85322889731295,0.00013914132879320153,89.15059661865234,2025,76.16848285353196,76.16848285353196,,,,0.0011416044319251775,89.25242945020732,0.0004454078009761515,89.1903138343702,0.00012763847828729636,89.16197639137614,-0.12869241498148676,78.38515983391741
2025-11-27,89.16300201416016,0.0001391510093968762,0.0076373097397750556,0.00642255945969894,0.009252364971120919,0.005825973816219754,0.0030987843220202037,89.15751953125,88.77431945800781,88.5590737915039,1.0000614920977948,1.0043783220026394,1.0043165644702403,59.310652757562934,0.0022606851099314894,89.16300201416016,2025,76.16848285353196,76.16848285353196,,,,0.0014790483666157334,89.29497598053278,0.00030847633766917346,89.19051093318423,0.00012763847828729636,89.17438337039081,-0.15756384021124675,76.16502270607266
2025-11-28,89.36479949951172,0.0022632423852162464,0.0075835281422966805,0.006177916150974072,0.008239465613129715,0.005824231168423089,0.0030587346353457695,89.29203948974609,88.81083450317382,88.58223175048828,1.0008148543832285,1.0062375835047255,1.005418313984597,62.53986301740708,-0.00016563849879571387,89.36479949951172,2025,76.16848285353196,76.16848285353196,,,,0.0012036836418840649,89.4724312110996,-0.0001159988898218444,89.35443388319223,0.00012763847828729636,89.3762066145102,-0.10440985848403099,80.5048156635453
2025-12-01,89.3499984741211,-0.0001656247814969536,-0.0031684874368728133,0.007532523776582201,0.006472516384325111,0.002854878222395295,0.003048414649305597,89.23523864746093,88.83956451416016,88.6072477722168,1.0012860370902747,1.0057455702619926,1.004453805412764,61.54664094230105,0.002935842281613691,89.3499984741211,2025,76.16848285353196,76.16848285353196,,,,-0.0003825101331159933,89.3158277300554,0.0004347496045444553,89.38885179574491,0.00012763847828729636,89.36140369981864,0.12223980312665257,100.96773674629627
2025-12-02,89.61270141601562,0.002940156087082757,0.005214989071253395,0.011020353882895018,0.01002334391851245,0.001448207363915326,0.003094455139459221,89.32821960449219,88.88402976989747,88.63341384887696,1.003184680191579,1.0081980041634537,1.004997408822987,70.4239636097675,0.003392159832991917,89.61270141601562,2025,76.16848285353196,76.16848285353196,,,,0.0010407427064807668,89.70601373005495,-0.0003741002867747019,89.57918354863004,0.00012763847828729636,89.62414017485693,-0.08100893846168254,82.63952924559199
2025-12-03,89.91719818115234,0.003397919718133746,0.008598950445381615,0.015361861832497548,0.01335702894882762,0.001632011453197457,0.003158998359639898,89.48153991699219,88.94328956604004,88.65559783935547,1.0048686943090641,1.0109497705770054,1.006051612815068,72.17882810302054,0.002813114888269287,89.91719818115234,2025,76.16848285353196,76.16848285353196,,,,0.000954076864734173,90.00302703683089,-0.0005340299968539233,89.86919251946311,0.00012763847828729636,89.92867580797787,-0.09652164002859819,81.6439391166305
2025-12-04,90.17050170898438,0.0028170754088856498,0.011299526396208792,0.019023134118984375,0.018221072374094538,0.001409878233718965,0.0031296270090296237,89.68303985595703,89.02396965026855,88.68343582153321,1.005435385038356,1.0128789141084136,1.0074032893419338,72.46684215855016,-0.003712070937484904,90.17050170898438,2025,76.16848285353196,76.16848285353196,,,,-0.00015432401058257362,90.156587309215,-0.0005572757005970403,90.12026587837525,0.00012763847828729636,90.18201166915019,-0.11054221779214154,80.73402613226946
2025-12-05,89.8364028930664,-0.003705189719318991,0.005277283630645391,0.012900832201869994,0.013120187855553578,0.003012362428856956,0.0032923895281570218,89.77736053466796,89.08213996887207,88.70470184326172,1.000657653088115,1.008467049898643,1.0078042643120027,67.95776820937397,0.001130312815997036,89.8364028930664,2025,76.16848285353196,76.16848285353196,,,,0.0003796225657072491,89.8705132929557,0.0007978499468310444,89.90810746327818,0.00012763847828729636,89.84787020664614,0.03575807381747688,93.1069045639106
2025-12-08,89.93800354003906,0.0011309518602786728,0.006580918589363716,0.0033915795946175553,0.014437574162599942,0.0029356468169591025,0.0032880493305175265,89.89496154785157,89.14614028930664,88.72992584228516,1.000478803165899,1.008882754185011,1.0083999291064623,69.91149616514494,0.002132458685480855,89.93800354003906,2025,76.16848285353196,76.16848285353196,,,,0.00021597488539645452,89.95742998778331,-0.0005333360372009455,89.89004915067595,0.00012763847828729636,89.94948382259842,-0.08277964611548266,82.79278643897565
2025-12-09,90.12999725341797,0.0021347339925488207,0.005772572740563531,0.011017665715571834,0.016040399700112173,0.0028449553860957775,0.0033027610389629748,89.99842071533203,89.21728515625,88.7584358215332,1.0014619871886654,1.0102302159897547,1.0087554284768248,73.25415119788167,-0.002367124573154126,90.12999725341797,2025,76.16848285353196,76.16848285353196,,,,0.0006561370540406047,90.18915428973595,-0.0002986378630878894,90.10308504234071,0.00012763847828729636,90.14150204332675,-0.08998855532199736,82.37355795176086
2025-12-10,89.91690063476562,-0.002364325143083934,-3.3091154165720837e-06,0.00859561287504551,0.016394921435341825,0.002876216452803325,0.0032841421900577637,89.99836120605468,89.28980522155761,88.77995986938477,0.9990948660598102,1.0070231468380066,1.007935463435483,70.27310060713064,-0.001378904410794982,89.91690063476562,2025,76.16848285353196,76.16848285353196,,,,-7.06733386533258e-05,89.91054613174603,0.0006885660575199232,89.97883568127844,0.00012763847828729636,89.92837822361037,0.039026934168035765,93.49545744978217
2025-12-11,89.79299926757812,-0.0013779541589269417,-0.004186540323625976,0.007065680149687115,0.013533619360270643,0.0024267210973867065,0.0033163520094384178,89.92286071777343,89.34975509643554,88.80215988159179,0.9985558572185234,1.0049607765646833,1.006414182341287,65.97673759367858,0.005109806287724064,89.79299926757812,2025,76.16848285353196,76.16848285353196,,,,-9.056189582891599e-05,89.78486781153788,0.0006674023927358787,89.85294733265607,0.00012763847828729636,89.80446104083158,0.05622660382748111,94.9863898821019
2025-12-12,90.25299835205078,0.0051228836125840616,0.00463726780646212,0.009939023614593534,0.016178342220081188,0.002968638847481842,0.003441523988253951,90.00617980957031,89.42159996032714,88.83281585693359,1.0027422399551082,1.0092975119220915,1.0065373449983284,60.444704204246726,0.0035835366963951187,90.25299835205078,2025,76.16848285353196,76.16848285353196,,,,-0.00017507832223321787,90.23719839167842,-0.0009377456554936195,90.1684036653,0.00012763847828729636,90.2645188426346,-0.13507646075419388,78.84945161870962
2025-12-15,90.5770034790039,0.00358996524070343,0.007104893524575218,0.013732568839810222,0.021368533517691857,0.0032047074559477125,0.003449638850651301,90.13397979736328,89.5163501739502,88.86965393066406,1.004915168315397,1.0118487103528306,1.0068996291986088,75.5124164812207,0.0022045055756961273,90.5770034790039,2025,76.16848285353196,76.16848285353196,,,,-0.00013459107137920546,90.56481344341672,-0.00048274894903607127,90.5332880783984,0.0001433091450314067,90.58998492208953,-0.09055500607849201,82.73521685472805
2025-12-16,90.77690124511719,0.0022069372846897917,0.007177454914153891,0.012991460035301383,0.024154984405240887,0.0032088872403977023,0.0034376379087569207,90.26336059570312,89.6234001159668,88.91076995849609,1.0056893588497582,1.012870535235863,1.007140551227785,77.12225199571465,0.0018929301407563269,90.77690124511719,2025,76.16848285353196,76.16848285353196,,,,-0.0005464765863624463,90.7273073461907,-0.0003882092107133074,90.74166765537835,0.0001433091450314067,90.78991133743357,-0.02408606375480786,88.61656445923781
2025-12-17,90.94889831542969,0.0018947228640033842,0.011477238131860634,0.011473891036938522,0.027012013198226548,0.0024151673946095744,0.003404697465911446,90.46976013183594,89.74300498962403,88.95489593505859,1.0052961142253005,1.0134371846133867,1.0080981814938774,78.27850731483383,-0.005902028266996694,90.94889831542969,2025,76.16848285353196,76.16848285353196,,,,-0.0005618987696314727,90.89780859633626,-0.0007204426285312975,90.88339844934622,0.0001433091450314067,90.96193305826543,-0.08240699136055236,83.75457536617272
2025-12-18,90.4136962890625,-0.0058846455128130915,0.006912532452944653,0.0026970525334661932,0.02177149304452053,0.004260774139262829,0.0037459712090998232,90.59389953613281,89.83932991027832,88.98762588500976,0.9980108677516587,1.0063932620530205,1.0083991012244644,65.02245484445513,-0.0017479208622821977,90.4136962890625,2025,76.16848285353196,76.16848285353196,,,,-0.0007221245900409385,90.3484299037627,0.0006707867180545673,90.47436494125162,0.0001433091450314067,90.4266543270573,-0.05590882316038197,85.49748329677045
2025-12-19,90.25579833984375,-0.001746394138272267,3.102376479557911e-05,0.0046684354367634295,0.017629494340848373,0.0038414388095710716,0.0037855736147571714,90.5944595336914,89.91750984191894,89.01543380737304,0.9962617891249551,1.0037622093685594,1.0075285636019347,62.462185703099244,-0.007627403602117238,90.25579833984375,2025,76.16848285353196,76.16848285353196,,,,-0.0004148437750947822,90.21836404896439,0.0005835387744336469,90.30848146762145,0.0001433091450314067,90.26873374799696,-0.1212960158692106,79.94603358165023
2025-12-22,89.56999969482422,-0.007598388775392206,-0.011117653990541987,-0.004091750213812695,-0.0007140481157267287,0.004447177723590187,0.003500091600382436,90.39305877685547,89.91430969238282,89.03168777465821,0.9908946649978617,0.9961706874163128,1.0053245038093555,49.473765365355575,0.00037837431583652605,89.56999969482422,2025,76.16848285353196,76.16848285353196,,,,0.0019687531360733923,89.74651461275647,0.0019910939454730507,89.74851964493065,0.005730038147594252,90.08471246354476,0.11703123847300591,100.69052234336301
2025-12-23,89.60389709472656,0.0003784459084272829,-0.01292183511776046,-0.0058371260925723645,0.005116228118971833,0.004048910979264512,0.0032617808699343157,90.15845794677735,89.93711471557617,89.05046371459962,0.9938490424006791,0.9962949932082722,1.0024610888608243,45.86312707901411,-0.0010719638131471978,89.60389709472656,2025,76.16848285353196,76.16848285353196,,,,0.0005165698852453199,89.65019572677629,0.0006468209098401253,89.6618735171304,0.0018939782941584781,89.77376574388443,0.07993491975298121,97.06042601394314
2025-12-24,89.50789642333984,-0.001071389465183925,-0.01584408298264539,-0.004548691164157459,0.004007822922552862,0.003391208046437328,0.003275146998202292,89.87025756835938,89.95497970581054,89.06497161865235,0.9959679525259633,0.9950299218127463,0.9990581717907309,40.87166367815753,0.006658835920465054,89.50789642333984,2025,76.16848285353196,76.16848285353196,,,,0.0004918699156848118,89.55193349417402,0.0009945765915611695,89.5969631663893,0.0018939782941584781,89.67758307701654,0.05847282341655281,94.89771933208462
2025-12-26,90.10590362548828,0.006681055259304403,-0.0034042703285813714,0.0034847299952385224,0.010575032132480011,0.0051102727963847775,0.003580641018692071,89.80869903564454,90.00212478637695,89.11089965820312,1.0033093073726165,1.0011530709897978,0.9978508757299729,53.4610877480394,-0.0030744836046715162,90.10590362548828,2025,76.16848285353196,76.16848285353196,,,,0.0003288886237642428,90.13554330593439,-0.0003639989609676434,90.07311113876916,0.0001433091450314067,90.11881755081883,-0.19662272113624435,74.02204574927505
2025-12-29,89.82929992675781,-0.003069762219800043,-0.004725440591417995,-0.004694563427579901,0.005197800810246678,0.005213108347751124,0.003642977989924462,89.72339935302735,90.02534980773926,89.14767166137695,1.0011803005068254,0.9978222813751889,0.9966459396674741,48.6640162028355,0.0007867565521771712,89.82929992675781,2025,76.16848285353196,76.16848285353196,,,,-0.00045537780388811024,89.78840296992229,0.0009099873575971997,89.91108065810538,0.0001433091450314067,89.84217420940827,-0.06536577469693315,84.1453303569895
2025-12-30,89.9000015258789,0.0007870661262945333,0.003684289741867186,-0.007474324907225882,0.006155602251264769,0.003647755757850169,0.003643271765103747,89.78939971923828,90.05284996032715,89.18562576293945,1.0012317913582947,0.9983026807645112,0.9970744930204326,47.08645344858913,-0.0014537811820109364,89.9000015258789,2025,76.16848285353196,76.16848285353196,,,,0.00021594928881774855,89.91941746362666,-0.00039543773051518307,89.8644587012523,0.0001433091450314067,89.91288594144115,0.030984821590568104,92.72914088177208
2025-12-31,89.76940155029297,-0.0014527249540517984,0.001847067604564545,-0.011098635016233427,0.0017486375458082293,0.00378269543630526,0.003608818269617405,89.82250061035157,90.06068496704101,89.22341384887696,0.9994088445579027,0.996765698408194,0.9973552904158278,48.09161963086022,0.002142056799716833,89.76940155029297,2025,76.16848285353196,76.16848285353196,,,,5.1934697138350514e-05,89.77406381804046,-1.1283458307282648e-06,89.76930025942015,0.0001433091450314067,89.7822672483432,-0.02231845971417535,87.78807905434502
2026-01-02,89.96189880371094,0.0021443526423658987,0.005072204783182821,-0.010852242632952258,0.0004971309545092062,0.0037485489647024876,0.003558948509521906,89.91330108642578,90.06291999816895,89.26261978149414,1.000540495307123,0.9988783264582132,0.9983387290602368,52.147152389819986,0.000501253058329126,89.96189880371094,2026,,,,,,0.000308331877739964,89.98964120160717,-0.0007424720942166249,89.89512939458525,0.0001433091450314067,89.97479209035477,0.09637483884547408,99.06350141224432
2026-01-05,90.00700378417969,0.0005013787066363573,-0.0010975955773070423,-0.004498129393831762,-0.0018132085516432417,0.002047282778456542,0.0035007254466839525,89.89352111816406,90.05474510192872,89.30795379638671,1.0012624120693465,0.9994698633848222,0.9982097113974152,46.503982530213236,0.0025077456319874255,90.00700378417969,2026,,,,,,-0.0002698634970390265,89.98271745652453,-0.00021865859094208478,89.98732513108901,0.0001433091450314067,90.0199035352429,0.03797627320937556,93.49086774388027
2026-01-06,90.23300170898438,0.002510892656160335,0.004494099169822352,-0.0002525780202345951,0.004414678272348427,0.0015692625678484374,0.003437764930894095,89.97426147460938,90.0745750427246,89.35703384399415,1.0028757139001137,1.0017588388974872,0.9988863276005727,44.97103456890917,-0.0007417128272298229,90.23300170898438,2026,,,,,,0.0003536700834619122,90.26492006618113,-0.0008062676600531843,90.16027907872892,0.0001433091450314067,90.2459338499378,0.08998916437343342,98.72956020905751
2026-01-07,90.16609954833984,-0.0007414378262655674,0.0029599334587813164,0.006655128453127324,0.0025361471160434412,0.001736311847973268,0.0034373155147565866,90.02748107910156,90.08597984313965,89.40377578735351,1.001539735062858,1.000889369304077,0.9993506340926751,40.7094167260439,-0.0033516215961128075,90.16609954833984,2026,,,,,,-9.410205777842804e-05,90.15761513203726,0.00013709929228433292,90.17846210420542,0.0001433091450314067,90.17902210091479,0.032306280352363395,93.12659464742005
2026-01-08,89.8644027709961,-0.003346011182196129,0.0010582806508951936,0.0029073029713666543,-0.0029467934152389574,0.0023807091716510835,0.003487377820541143,90.04648132324219,90.07270011901855,89.43662185668946,0.9979779492816329,0.9976874530490679,0.999708915179164,34.130455654767886,0.0004561429736733935,89.8644027709961,2026,,,,,,0.0004229774496135849,89.90242142684143,0.0006300140825216873,89.92103644839314,0.0001433091450314067,89.87728208456562,0.05970257779154085,95.39293089988988
2026-01-09,89.90540313720703,0.00045624702269941864,-0.000627995487591626,0.004441023973875247,-0.00012786803679210035,0.0021466852204235715,0.0034495945601001805,90.03518218994141,90.07212524414062,89.47021987915039,0.9985585739976558,0.9981490155086084,0.9995898503105253,41.304410248378296,0.003670419893575381,89.90540313720703,2026,,,,,,3.957059760895711e-05,89.90896081812677,0.00027494769056394565,89.93012581873518,0.0001433091450314067,89.91828832692504,0.09799679870006993,99.16199639271679
2026-01-12,90.23600006103516,0.003677164133546018,0.0025442050865791543,0.0014438170010213636,0.004933578308671027,0.002760086000717523,0.0035276865769591497,90.0809814453125,90.09427528381347,89.50802795410156,1.001720880625804,1.0015730719490803,0.9998524452473913,49.68019895445392,-0.0011454538877830563,90.23600006103516,2026,,,,,,0.0002858088846994769,90.26179399746486,-0.0005885380598325899,90.18290836540643,0.0001433091450314067,90.24893263171064,0.01398459216290629,91.50677867026876
2026-01-13,90.13269805908203,-0.0011447981058917422,-0.0011116071504064795,0.003377496346643971,-0.0013329229517615726,0.0025760576906896414,0.0033459201329973237,90.06092071533203,90.08826026916503,89.53799194335937,1.0007969865639823,1.0004932694868813,0.999696524788565,61.1961551072951,0.001555434148538392,90.13269805908203,2026,,,,,,-0.00014808987519139205,90.11935130735958,0.0007136392401616152,90.197043246133,0.0001433091450314067,90.1456158245751,-0.01777435177999377,88.54480149774223
2026-01-14,90.27300262451172,0.001556644463674095,0.0011856238287712983,0.004149066655192879,-0.0033562697242756068,0.002663247762544759,0.0032588944417926615,90.08230133056641,90.07306022644043,89.56794403076172,1.0021169673856967,1.0022197802269472,1.0001025956496066,62.77252351311754,-0.000995317540958919,90.27300262451172,2026,,,,,,0.0002545271459519299,90.29598247860054,0.000176862987296007,90.28896998940436,0.0001433091450314067,90.28594049837294,-0.05360307672743586,85.56149564650781
2026-01-15,90.18319702148438,-0.000994822376750748,0.003547503134257335,0.004609538039078709,-0.006540256557443835,0.0019957427019020495,0.0032146868768646916,90.14606018066407,90.04337501525879,89.59714004516601,1.000411962993678,1.0015528294691518,1.0011403966742458,62.921341753599194,0.001976305271374109,90.18319702148438,2026,,,,,,0.0010443969842247323,90.27743328194867,0.0004918856537890539,90.22756775408087,0.00013444176138448002,90.19532222438778,-0.08362914609975526,82.94800600435867
2026-01-16,90.36160278320312,0.001978259449775921,0.005074218345919368,0.004443036272103518,-0.006457423268500739,0.0020623092583234126,0.0032177729642008253,90.23730010986328,90.01401023864746,89.62973205566406,1.0013775087817178,1.003861538260923,1.0024806124138212,55.82851319436956,0.0037600167573014548,90.36160278320312,2026,,,,,,0.00022320412964706493,90.38177411718465,-0.0003260517385049502,90.33214502815866,0.00013444176138448002,90.37375197290375,-0.0982698046749724,81.90414700172127
2026-01-19,90.7020034790039,0.003767094488324574,0.005164273877981573,0.00772161793642967,0.0031887557059901983,0.002091522079098659,0.0030589648720360718,90.33050079345703,90.02842559814454,89.67263412475586,1.0041127048149143,1.0074818356134094,1.0033553313112555,69.330552842286,0.002230090514323543,90.7020034790039,2026,,,,,,0.0001632023921027466,90.71680747093079,-0.0004866407806189314,90.65787492347542,0.00013444176138448002,90.7141984358501,-0.05624245444175993,85.74150306447928
2026-01-20,90.90450286865234,0.002232579015691849,0.008562983536389845,0.007441857712255473,0.007187400042333092,0.001725996140811566,0.0030575936012491043,90.4848617553711,90.06086082458496,89.71726425170898,1.0046376941417643,1.0093674659151946,1.0047079377978851,71.02246236579742,0.002350229553420584,90.90450286865234,2026,,,,,,0.0006738005041594879,90.9657750087969,-0.0006035469600967592,90.84965428579955,0.00013444176138448002,90.91672505170328,-0.0328699654021448,87.96504952186469
2026-01-21,91.11840057373047,0.002352993507782397,0.009364903400135738,0.010561630481532358,0.017287047942188716,0.001745179253566588,0.0024415447205136734,90.65394134521485,90.13828086853027,89.76647232055664,1.0051234311671782,1.0108735122941799,1.0057207711497924,77.28103090747507,0.004582440595939054,91.11840057373047,2026,,,,,,0.0009146448689898954,91.20177967660737,-0.0005131491095301424,91.07165524230261,0.00013444176138448002,91.13065151549877,0.015353873541969501,92.52821634412378
2026-01-22,91.53690338134766,0.004592956032832829,0.015010627307222135,0.018611380688899004,0.021572792582643885,0.001137573098939677,0.0025759543281706765,90.9246826171875,90.23493118286133,89.82306838989258,1.0067332735901617,1.014428693870757,1.0076439514640776,79.18385465114635,0.0002336797732705949,91.53690338134766,2026,,,,,,-0.0004327369465163121,91.49730055070687,-0.0010075070695001933,91.4447257466773,0.00013444176138448002,91.54921059115287,-0.10326132543968874,82.55633272016574
2026-01-23,91.55829620361328,0.00023370707851566586,0.013243384175923412,0.01838480234479034,0.022907473666633704,0.001667550899676138,0.002535034844320217,91.16402130126953,90.337451171875,89.88490432739258,1.004324895904282,1.0135142736030431,1.0091498057413852,78.99931256578404,-0.0006259912078863961,91.55829620361328,2026,,,,,,-0.0010540473268163637,91.46184026974197,-0.00018744712524792941,91.54113547261241,0.00013444176138448002,91.57060628970054,-0.0391041506940557,88.04708565942104
2026-01-26,91.5009994506836,-0.0006257953162678298,0.008809022304172576,0.014018788385930181,0.015482845951956925,0.002038514453628816,0.0021979713603737607,91.32382049560547,90.40720596313477,89.94304428100585,1.0019401176398073,1.012098521084645,1.010138733109886,75.29919291740114,0.0023152941533012895,91.5009994506836,2026,,,,,,0.0003553913806305407,91.53352389631894,5.2695413110824625e-05,91.50582126069222,0.00013444176138448002,91.51330183317664,0.021425456536551812,93.48260271069284
2026-01-27,91.71309661865234,0.0023179765165632915,0.008894980165815802,0.01753413127092185,0.020970849081875187,0.002043842962173854,0.0020259233563260635,91.48553924560547,90.50139579772949,90.00098419189453,1.0024873589304204,1.0133887528500776,1.0108743455192175,79.17541971464584,-0.0019514047038179739,91.71309661865234,2026,,,,,,0.0005434896775599866,91.7629552875703,-0.00025627197394485426,91.68959613373174,0.00013444176138448002,91.7254275177791,-0.05506384495389645,86.79954193271544
2026-01-28,91.5343017578125,-0.001949501951540089,0.004564403912528103,0.013972052514383826,0.01817909014676866,0.0025758143841111566,0.002133475891003651,91.56871948242187,90.58311080932617,90.05803024291993,0.9996241322931684,1.0105007538379704,1.0108807112527893,83.02418004218607,0.005518194123609025,91.5343017578125,2026,,,,,,0.0015759343720495166,91.67866753579149,0.0007293119372278841,91.60108316602933,0.00013444176138448002,91.54660861782735,0.03765106966683156,95.0463677680596
2026-01-29,92.04080200195312,0.005533447400743352,0.005504868550186837,0.020598127387591036,0.02530261327839667,0.0029226357265971646,0.0022933421156276917,91.66949920654297,90.69668083190918,90.12612823486329,1.0040504507892376,1.0148199598674956,1.010726063685139,85.6637181672923,-0.002816884681919151,92.04080200195312,2026,,,,,,0.0015025521655224693,92.17920205893185,-0.0003594720047621858,92.00772185638691,0.00013444176138448002,92.05317696133054,-0.06081716361956788,86.60995953501045
2026-01-30,91.78189849853516,-0.002812920984896161,0.0024421849705964505,0.015717911940314133,0.02023078346529017,0.00342356834834272,0.0024541491252545898,91.71421966552734,90.7876808166504,90.19063018798828,1.0007379317324472,1.0109510197081983,1.0102055569714148,76.45180493255981,-0.001034530099064324,91.78189849853516,2026,,,,,,-0.00025983456520768824,91.75805348685813,0.0009535669894970911,91.86946042862483,0.00013444176138448002,91.79423864812964,0.11883040635798778,103.36283834539604
2026-02-02,91.68699645996094,-0.0010339951572884143,0.0020327319963056034,0.010859660681971972,0.018665132769107196,0.0034615630065320344,0.0024944095683235032,91.75141906738281,90.87168045043946,90.25462615966796,0.9992978571004492,1.0089721682869741,1.0096811087082642,76.67220905722627,-0.015845745352149488,91.68699645996094,2026,,,,,,0.0005470445053245074,91.73716704910545,0.0005996135479092875,91.74198971090692,0.00013444176138448002,91.69932384990051,0.021003518976884683,93.6331121255016
2026-02-03,90.24559783935547,-0.015720862022510662,-0.01600097296244185,-0.007248321133760838,0.0001395956039644819,0.007737089076711417,0.004450191918021449,91.45791931152344,90.872310256958,90.28569412231445,0.9867444888174356,0.9931033731195962,1.006444306884127,49.67489799834191,0.001962705852540796,90.24559783935547,2026,,,,,,0.0030192653949421638,90.51848500203879,0.0037131434152635674,90.58131558507388,0.005373260558810404,90.73181606961413,0.2474064939223834,115.5775013784413
2026-02-04,90.42289733886719,0.001964633220418399,-0.012141944578175079,-0.007632961404985372,0.002848052558707792,0.008085024385437437,0.004467042218353735,91.23563842773437,90.88515014648438,90.30147201538085,0.9910918463127658,0.9949138796946239,1.0038563866669648,52.78572821904204,-0.003299928867498265,90.42289733886719,2026,,,,,,0.0022302469173849475,90.62478777599713,0.000822450378781644,90.49729627555712,0.005373260558810404,90.91007080961337,-0.20895966150211687,73.37166773699965
2026-02-05,90.125,-0.0032944900864080306,-0.020814703482401997,-0.015424417138796942,0.002899893850827562,0.006773078912659546,0.004464933324069969,90.85247802734375,90.89818000793457,90.32101608276368,0.9919927552540195,0.9914939990232249,0.9994972178696335,47.32457744680557,0.0021037101735561486,90.125,2026,,,,,,0.0015471857178272553,90.26454803834781,0.001621692016525162,90.27127356626977,0.005373260558810404,90.61056848257645,-0.05002081783203675,85.72776719829186
2026-02-06,90.3147964477539,0.002105924524315128,-0.015984655741291598,-0.013581508256706787,0.004553600743240072,0.00735354799610581,0.004485992652504765,90.5590576171875,90.91864967346191,90.3443000793457,0.9973027417040254,0.9933583128667576,0.9960449032451989,45.46721159204905,0.0030204198686268947,90.3147964477539,2026,,,,,,0.0012176170176855978,90.42483225800022,0.0006036689217493493,90.36933314294136,0.001934862737772135,90.48971234662832,-0.16479074470887872,76.59337318582635
2026-02-09,90.58799743652344,0.0030249859327045048,-0.011986421912265621,-0.009978055099302385,0.00390085304368748,0.00785856288925594,0.0044619743843957805,90.3392578125,90.93624954223633,90.37279998779297,1.0027533945932974,0.9961703709195623,0.9934350522179931,46.355203576179186,0.002588626266348828,90.58799743652344,2026,,,,,,0.0005951069737811781,90.64192302969559,0.0003866690582391533,90.62303178509276,0.001934862737772135,90.76344245353135,-0.22380401940781486,72.42254936661286
2026-02-10,90.82279968261719,0.0025919796522522187,0.006395900266395138,-0.009707413323279845,0.0076565068881306875,0.0025905158908570308,0.004480710747602295,90.45469818115234,90.97075462341309,90.40195999145507,1.0040694569642767,0.9983735988405463,0.9943272269819345,46.61224575448684,-0.0025897211374798046,90.82279968261719,2026,,,,,,-0.0007757227644030614,90.75237368843155,-0.0011125256194331233,90.72181317659525,0.00013444176138448002,90.83501088060947,0.3292186678397274,126.23295129046171
2026-02-11,90.58789825439453,-0.002586370702549634,0.0018247691722261816,-0.010339331652105987,0.003488259177470976,0.003048285602184022,0.0045195872920751005,90.48769836425781,90.98649940490722,90.42671798706054,1.001107331625713,0.9956191176370152,0.9945178565621077,38.646047457528105,0.0016302819088463507,90.58789825439453,2026,,,,,,0.00033804933814004617,90.61852661009893,-4.3146477176586096e-05,90.58398979002887,0.00013444176138448002,90.60007786970209,0.15632507042372323,105.91593370452036
2026-02-12,90.73570251464844,0.0016316115408576692,0.006776172145891213,-0.014179575350473317,0.006126479337746682,0.002263502089650595,0.004521692447929275,90.6098388671875,91.01412467956543,90.4491780090332,1.00138907263311,0.9969408905936608,0.9955579882375258,40.447387493067154,-0.0018930014109629185,90.73570251464844,2026,,,,,,-0.0006633924192548433,90.67552909894518,-0.0012792469500297846,90.61970335555212,0.00013444176138448002,90.7479020023569,0.2921558041567649,121.52338541866979
2026-02-13,90.56410217285156,-0.001891210813837807,0.0027604084258980865,-0.01326837149378679,0.0022409893517967294,0.0026106207619501468,0.004529565294037967,90.65970001220703,91.02424964904785,90.46211608886719,0.9989455310425405,0.9949447814404356,0.9959950272784849,39.401372286712984,7.834295060243045e-05,90.56410217285156,2026,,,,,,0.000586164235595923,90.61720317200701,-0.0003129375275378134,90.53576570063794,0.0001278413932680913,90.5756807539486,0.17213417760593464,107.5754098782394
2026-02-16,90.57119750976562,7.834601949152642e-05,-0.00018545422388416277,-0.012169653203576991,-0.0014421508260130667,0.0022162171828260025,0.004447679361160694,90.65634002685547,91.01770935058593,90.47013000488282,0.9990608211509021,0.9950942311775787,0.9960296811872235,36.45400982885484,0.0023357575852624266,90.57119750976562,2026,,,,,,-0.0003764592705784511,90.53710755995711,-0.00047994770594385864,90.52773850115621,0.0001278413932680913,90.58277699799841,0.20975784154429084,111.70864476329949
2026-02-17,90.78299713134766,0.002338487592141947,-0.0004382440467439741,0.005954853254435788,-0.0013366305680175827,0.0021427773266984645,0.004450618038840997,90.64837951660157,91.0116340637207,90.48906188964844,1.0014850526337478,0.9974878274110212,0.9960087020647842,41.15675642667405,-0.0017286814541030927,90.78299713134766,2026,,,,,,-0.0016487820261906524,90.63343908558353,6.054698318546811e-05,90.78849393435424,0.0001278413932680913,90.79460369806999,0.17154920679700775,107.77235932646906
2026-02-18,90.6261978149414,-0.0017271881449274495,0.00042278892970148974,0.002248329594132903,-0.005401793223870133,0.0019143985884762156,0.004427769897883846,90.65603942871094,90.98702392578124,90.50282577514649,0.9996708259708058,0.9960343124187229,0.9963622890079327,31.855679182690892,0.001844397709067681,90.6261978149414,2026,,,,,,-0.00040600782142282836,90.58941033830969,0.00037673323413876504,90.66034614754395,0.0001278413932680913,90.6377843349393,0.18840737968291532,109.41529738297795
2026-02-19,90.79350280761719,0.0018460996567175592,0.0006370181898289751,0.007417506880634583,-0.008121320978419222,0.0019595610857416922,0.004310313357728057,90.66759948730468,90.94985389709473,90.51609588623047,1.0013886252754507,0.9982809088439609,0.996896593037858,37.017350818436725,0.002723319880145345,90.79350280761719,2026,,,,,,-0.0012523212801065743,90.67987133836009,8.428745560733562e-05,90.80115588347913,0.0001278413932680913,90.80511071748568,0.1684970810862958,107.45635973063408
2026-02-20,91.04109954833984,0.002727031484260456,0.005266958585620207,0.00804190596837695,-0.005648823500639,0.0018549435530193848,0.00436527524975588,90.76299896240235,90.92399406433105,90.53857986450195,1.0030640303771,1.0012879491845237,0.9982293441507333,41.84328831319985,-0.003460452158065359,91.04109954833984,2026,,,,,,-0.0013744351367730257,90.91605541444058,-0.0003671366151335545,91.00768116214559,0.0001278413932680913,91.052739113344,0.07279651367754685,97.9157643523213
2026-02-23,90.72660064697266,-0.0034544716938551545,0.001715811885895313,0.0015300394574495613,-0.008463282459863386,0.002767278035077382,0.004422716415880299,90.79407958984375,90.88527412414551,90.55725189208984,0.9992567913769717,0.9982541343611275,0.9989965972465771,58.49108951428695,0.003229803414711238,90.72660064697266,2026,,,,,,-0.0004736550493865908,90.68363771007176,0.0009711447599917088,90.81475210676882,0.0001278413932680913,90.73820000342899,-0.051718690426073785,86.15361341241241
2026-02-24,91.02010345458984,0.003235024849649548,0.0026117921938524358,0.002172403544728141,-0.007556098197665229,0.0029515685491371913,0.004457167043934847,90.84150085449218,90.85062446594239,90.57259399414062,1.0019660903707848,1.0018654686155843,0.9998995756880722,60.12694092046398,-0.0011224058754403107,91.02010345458984,2026,,,,,,-0.0009006557243807074,90.93816258317626,-0.00023733883345466316,90.99850341278076,0.0001278413932680913,91.03174033525255,-0.0009276861458215185,90.93570451953799
2026-02-25,90.91799926757812,-0.001121776213566461,0.0032198355406301005,0.003643985781153436,-0.006733022248479381,0.002846615579150167,0.004445553453464073,90.89986114501953,90.81980934143067,90.5794139099121,1.000199539606883,1.001081150983023,1.0008814354948479,64.40346326105274,0.00036286703611913146,90.91799926757812,2026,,,,,,-0.0002914853615323284,90.89150186368211,0.0005591320061082802,90.96884864533251,0.0001278413932680913,90.9296230942649,-0.11007592891485612,81.4412632752477
2026-02-26,90.95099639892578,0.0003629328803260723,0.0017346350392748455,0.0023727582231767297,-0.0118404618313106,0.002766493452683261,0.0042319407134032375,90.93135986328124,90.7653190612793,90.58289581298828,1.0002159489935492,1.0020456859466458,1.0018293419085527,62.25342675099334,0.0006199671631923217,90.95099639892578,2026,,,,,,-0.0013342649683760258,90.82972459294429,0.0002843449943142432,90.97686153661665,0.0001278413932680913,90.96262444428146,-0.06902629779062969,84.88475920783631
2026-02-27,91.00740051269531,0.0006201593825552187,-0.000370151896360138,0.00489485711455151,-0.008438461161840105,0.0024570209979242605,0.0042064426434444335,90.92462005615235,90.72659416198731,90.58406585693359,1.0009104295018427,1.0030950831264165,1.0021826664606353,58.81390934044791,0.0007929941734575624,91.00740051269531,2026,,,,,,-0.0012212068060034643,90.89632948994077,0.0002926508470936784,91.03403780306982,0.0001278413932680913,91.01903576929242,-0.036718487720746526,87.72635258391033
2026-03-02,91.07959747314453,0.0007933086764646546,0.0038907754027446284,0.005613263127321355,-0.006624701541855571,0.001568721571757817,0.004212134804912702,90.99521942138672,90.69622421264648,90.59738388061524,1.0009272800515714,1.004227003536544,1.0032966665518426,55.79258953310272,0.00529780974860838,91.07959747314453,2026,,,,,,-0.000774632610693722,91.00907156613334,-0.0001404637179782898,91.0668049927122,0.0001278413932680913,91.09124196009165,-0.13897513789458932,79.26198913725803
2026-03-03,91.56340026855469,0.005311867957616068,0.005968976010183313,0.0085963579289845,0.014602401233409834,0.002423848833767072,0.0024025384931559866,91.10387878417968,90.76211433410644,90.62353591918945,1.0050439288700714,1.008828418556873,1.003765496788838,69.78298608424954,0.004850401317320468,91.56340026855469,2026,,,,,,0.00010374943181773843,91.57290041211658,-0.0007756927238500803,91.49240274488659,0.0001278413932680913,91.57510660947891,-0.08392682166214664,84.19241295667534
2026-03-04,92.00859832763672,0.00486218355561574,0.011995414206694921,0.015253873008312269,0.01753649833655513,0.0024718294821311384,0.0025630466805113264,91.3219985961914,90.84139938354492,90.6723078918457,1.0075184483695032,1.0128487556555983,1.0052905307041486,73.03549189675788,0.001242619800983444,92.00859832763672,2026,,,,,,-0.00040288277878539004,91.97153711403399,-0.0008607428336676057,91.92943665979698,0.0001278413932680913,92.02036158693927,-0.019510376019881565,90.23087439958388
2026-03-05,92.12300109863281,0.0012433921728567388,0.012886111709721426,0.014643099449888064,0.022169221621445967,0.002317880028007407,0.0023681780724036836,91.55639953613282,90.94129943847656,90.72268997192383,1.0061885522516247,1.0129941145272032,1.0067637047354088,78.80764263679993,-0.003655029808242234,92.12300109863281,2026,,,,,,-0.0011184772927830564,92.02002121482737,-0.00035620003756204975,92.09019272569988,0.0001278413932680913,92.1347789842799,0.06931529171485908,98.7350445069337
2026-03-06,91.78690338134766,-0.0036483583174337086,0.008565269024947142,0.008191946678014483,0.016299731511274063,0.0036290402634488518,0.0025795970107386026,91.71230010986328,91.01490478515625,90.76827011108398,1.0008134489201013,1.0084821117817322,1.0076624298663308,70.03004286450542,0.0016252681264194726,91.78690338134766,2026,,,,,,-2.1268504288471923e-05,91.78495123195918,0.00048695450614211357,91.83161031179124,0.0001278413932680913,91.79863829704769,0.0003493532155731671,91.81897503303257
2026-03-09,91.93620300292969,0.0016265895904750138,0.009405021031606342,0.013332389258842836,0.014882827797920495,0.003595252590009317,0.0025350209502399603,91.88362121582031,91.08231506347656,90.80487609863282,1.0005722650719857,1.0093749037764141,1.0087976041428603,69.39983007035909,-0.007813011616645814,91.93620300292969,2026,,,,,,0.0008887187055853643,92.01794474358574,-0.0001862864257655828,91.91907813138889,0.0001278413932680913,91.94795700652145,-0.1579188014476918,78.50608121040693
2026-03-10,91.220703125,-0.00778256937484012,-0.0037427306385472425,0.0022039051022419986,0.004381096418226482,0.004974318611317106,0.0031285124571008498,91.81508178710938,91.1022102355957,90.83270416259765,0.9935263504585493,1.0013006587776285,1.007824964396255,58.418592792181556,0.010299655750265386,91.220703125,2026,,,,,,0.0014334946558416215,91.35156128526006,0.0017516018168342734,91.38062549359407,0.0001278413932680913,91.23236565224337,0.10732714124188332,101.55586290287998
2026-03-11,92.16510009765625,0.010352879777325796,0.0017009472251956481,0.013716764998400688,0.017410734476171585,0.006793574842789223,0.003785765012689876,91.84638214111328,91.18107032775879,90.8780061340332,1.0034701198796627,1.010792040128069,1.0072966001710988,65.91919356495436,0.000690888561524858,92.16510009765625,2026,,,,,,-0.004033524028423593,91.7940986763987,-0.0010548842674222973,92.0679278453089,-0.00012895895396397618,92.15321534909451,-0.07624711068825034,85.39900283570489
2026-03-12,92.22879791259766,0.0006911272799998702,0.0011484299545514443,0.01404934046095807,0.016455434372243616,0.006780064877261322,0.0037816485119997914,91.86754150390625,91.25572509765625,90.9271940612793,1.0039323617762868,1.01066314265653,1.0067044166883259,64.39948645278733,0.001745243980742836,92.22879791259766,2026,,,,,,-0.0011043704189733089,92.12699937839686,0.0005004048834548649,92.2749612026729,0.0001278413932680913,92.24058932432143,0.0934257398909497,101.26067813324232
2026-03-13,92.38990020751953,0.0017467678053719737,0.0065695301176749155,0.015191068935447305,0.020160284161855113,0.006424971848003556,0.0037313727061554732,91.98814086914062,91.34701499938964,90.97575408935546,1.0043675123182503,1.0114167409645172,1.007018574933787,70.9446476881456,0.0018782934894359569,92.38990020751953,2026,,,,,,-0.0017043346593191698,92.23257100731281,0.00014020072763432445,92.40285424681633,0.0001278413932680913,92.40171221610169,-0.02361771392540485,90.23342768879336
2026-03-16,92.5635986328125,0.0018800585876033171,0.006824249962365858,0.01629345320839315,0.021998175775825857,0.00642892573333929,0.003729569638592229,92.11361999511719,91.44663505554199,91.02688598632812,1.004885039125801,1.0122143759209083,1.0072937067522505,70.04071362767338,-0.003039273891727994,92.5635986328125,2026,,,,,,-6.444252032167334e-05,92.55763379342326,9.291779951880055e-05,92.57219983830937,0.00014037701926166883,92.57659334693898,-0.01884179024694836,90.8358626560754
2026-03-17,92.28269958496094,-0.0030346599743367175,0.011642055186810829,0.00785575147162021,0.016519640252055767,0.004908529545264054,0.0038275339359957325,92.32601928710938,91.52162017822266,91.06787994384766,0.9995307963834796,1.008315842805844,1.0087891703328709,66.93305312582831,0.0011760921044021411,92.28269958496094,2026,,,,,,-0.0010735169443803528,92.18368569933425,0.0001929586464678036,92.30050804785844,0.00014037701926166883,92.29565486454858,-0.1405316246825818,80.18408569689909
2026-03-18,92.39129638671875,0.001176783971927886,0.0024542509998126683,0.004159372776436188,0.019476692328874723,0.0020277487654569355,0.003780350244624438,92.37125854492187,91.60987510681153,91.11238388061524,1.0002169272359447,1.0085298804195086,1.0083111502687085,67.54198654869361,0.009214788408808898,92.39129638671875,2026,,,,,,-0.00026686771741870827,92.36664342202918,-0.0004682294999633431,92.34804618251155,0.00014037701926166883,92.40426691187176,-0.06264158062041822,86.78130329538403
2026-03-19,93.24659729003906,0.00925737528067927,0.01103559192440029,0.012196695483283948,0.027018392358093557,0.004431783649412202,0.004209457556672182,92.57481842041015,91.73252983093262,91.18002777099609,1.0072566047775342,1.0165052404190416,1.009182005456842,72.8294249240046,-0.001763538106213947,93.24659729003906,2026,,,,,,-0.002830150055005142,92.98306851647604,-0.0019229841419837826,93.06745785850222,-0.008367878958821339,92.46957659216922,-0.00807173141979435,92.49696528505868
2026-03-20,93.0822982788086,-0.001761983986605209,0.007494304785846229,0.01411306896452258,0.02242062915095766,0.0047861624298487,0.004251207272123725,92.71329803466797,91.83458976745605,91.24356567382813,1.003980014215465,1.0135864766697602,1.0095683801652187,70.04187064992655,0.008696321519715059,93.0822982788086,2026,,,,,,-0.001418446091907582,92.95035965262518,0.00023967392126868247,93.104610351942,0.00014037701926166883,93.09536581155618,0.0452844015538527,97.39437243636272
2026-03-23,93.89530181884766,0.008734244373767908,0.014386899447566215,0.021309329207945815,0.03492582273863398,0.005796013628721774,0.0044310985215610926,92.979638671875,91.9930248260498,91.31675170898437,1.0098479964006317,1.0206784916181948,1.0107248766707126,71.89376281297322,-0.006963875325449939,93.89530181884766,2026,,,,,,0.00138402436547028,94.02534517519658,-0.0017707149452794054,93.72918711891982,-0.008367878958821339,93.11287548838278,0.01148709918050056,94.98010515658764
2026-03-24,93.24369812011719,-0.006939683733991342,0.010413637003233722,0.022176928326731682,0.02442970927446475,0.006941255797354475,0.004816225444004342,93.17183837890624,92.10420455932618,91.37897171020508,1.0007712603127858,1.0123717865676485,1.0115915861245226,61.163435055863026,0.011261510015065418,93.24369812011719,2026,,,,,,-0.002229714641015397,93.03602289552109,0.0012740726501528252,93.36257307727656,0.00014037701926166883,93.25678831128373,-0.02642790283636509,90.81174004713534
2026-03-25,94.29969787597656,0.011325159524443462,0.020655641428277915,0.02316058655671771,0.03719503987814177,0.008008003713963603,0.005279778156851037,93.55351867675782,92.27328948974609,91.45950561523438,1.0079759608165773,1.0219609422990783,1.0138743204462652,66.8123758093752,0.004169514823171413,94.29969787597656,2026,,,,,,-0.004528623090716782,93.87361559793877,-0.0025022363979372046,94.06403270757981,-0.008367878958821339,93.51390172703404,-0.07503126711634364,87.48319507718548
2026-03-26,94.6937026977539,0.004178219343772938,0.01551912294679969,0.026725977579065585,0.04115080039818375,0.007499906583148822,0.005292477813291042,93.84293975830079,92.4604248046875,91.54971572875976,1.0090658172223113,1.024153878784182,1.0149525048855625,72.25248924170992,-0.004065556246323245,94.6937026977539,2026,,,,,,-0.004508295450964128,94.26775637601568,-0.0010370107078676333,94.59555521288065,0.00014037701926166883,94.70699645052832,0.06488427989777791,101.04154617165324
2026-03-27,94.30950164794922,-0.00405730306091201,0.013184068204512789,0.020777178415801068,0.036283874900846946,0.00793035005013371,0.005458866052240773,94.0883804321289,92.62552986145019,91.62867370605468,1.002350143713865,1.0181804281067857,1.015793168178005,67.53762940127842,0.004995456144347551,94.30950164794922,2026,,,,,,-0.00481760752333093,93.85624815864111,0.000317415209167159,94.339441669599,0.00014037701926166883,94.32274146393982,-0.02143399186057307,92.30958225095327
2026-03-30,94.78179931640625,0.005007954237952417,0.009441340305491597,0.023964071366683326,0.040647982050572296,0.007370765260438833,0.005499250339399807,94.26567993164062,92.81063995361328,91.71026962280274,1.0054751568666338,1.02123850631542,1.0156775126079787,77.29603413349302,-0.004503559090858221,94.78179931640625,2026,,,,,,-0.0019974526296624583,94.5926661173044,-0.0008271408092074032,94.70343383633274,0.00014037701926166883,94.79510543678946,-0.0015171290413177885,94.63811211964467
2026-03-31,94.35590362548828,-0.0044934332750554695,0.011927942882942633,0.02246579315355457,0.03049803031280196,0.0066865132261476065,0.005624893335054225,94.48812103271484,92.95026512145996,91.77929763793945,0.9986006981006555,1.0151224797712146,1.016544933026768,68.24270839289231,-0.009280347488727742,94.35590362548828,2026,,,,,,-0.0007021779436949802,94.28967224693295,0.0005809229985662692,94.41073306425388,0.00014037701926166883,94.36914995570739,-0.17127757634492502,79.50311991144886
2026-04-01,93.48429870605469,-0.009237417966904471,-0.00864689058701218,0.011830143769830936,0.016038722524204685,0.006118023567490143,0.00605114725076033,94.32504119873047,93.02405014038087,91.82661560058594,0.9910867519166575,1.0049476298331375,1.0139855344546524,59.21467440300405,-0.009044403917893327,93.48429870605469,2026,,,,,,0.005198558349980813,93.97154768648784,0.0022718376909939496,93.69692128992145,0.006821786412931727,94.12420880819975,0.0742652717140481,100.69123604803553
2026-04-02,92.6426010131836,-0.009003626325717717,-0.021660381061632816,-0.006477408231603032,0.005640284275959084,0.005771057434297653,0.006434477007445081,93.91482086181641,93.0500301361084,91.84872955322265,0.9864534709542307,0.9956213971953707,1.0092938253157258,51.68622268199109,0.0035665165723839523,92.6426010131836,2026,,,,,,0.004805527594851097,93.08886900658092,0.002426596900062424,92.8676802394464,0.006821786412931727,93.2767496038869,0.12001738365407998,104.45605677666357
2026-04-03,92.97360229492188,0.003572884160400136,-0.014165055796966919,-0.0011677406542019986,0.012928847905935292,0.0067890744367659385,0.006403737499966418,93.64764099121093,93.1093650817871,91.87703567504883,0.9928023953496883,0.9985418997675908,1.005781114595197,52.679620325623226,-2.798278082636852e-05,92.97360229492188,2026,,,,,,0.002185282646838686,93.1769980522982,0.000282605228743005,92.99988083411688,0.00170137033224042,93.13191946342523,-0.22555809480630207,74.19950743164806
2026-04-06,92.97100067138672,-2.7982389312009026e-05,-0.0191049194896018,-0.009843955230520396,0.011255605894709975,0.005605899586439291,0.006401306950179117,93.28548126220703,93.16110496520996,91.90643569946289,0.9966288367003611,0.9979594027583267,1.0013350667861176,54.66827835082487,-0.0016621531686673214,92.97100067138672,2026,,,,,,0.002815607432454817,93.2331393785474,0.0007717605358923081,93.04277971524127,0.00170137033224042,93.12931340979743,0.08127240654722624,100.84251377254475
2026-04-07,92.81659698486328,-0.0016607725571244902,-0.016313834974594932,-0.004580482583431134,0.017494864709345803,0.005665904456805736,0.006120637508400244,92.97761993408203,93.24089965820312,91.9285057067871,0.9982681536768429,0.9954493931858742,0.9971763493800875,52.866712401044545,0.0004696547064186304,92.81659698486328,2026,,,,,,0.0028479732517563117,93.08131294345506,0.001225983126373462,92.9304583484079,0.00170137033224042,92.9746468018226,-0.023892340581544616,90.62527340373353
2026-04-08,92.86019897460938,0.0004697650114580121,-0.006675984524499579,-0.01526514860376782,0.007541888157411192,0.004689526322088748,0.005700582867026582,92.85279998779296,93.27565460205078,91.95502365112304,1.000079685123307,0.9955459371556931,0.9954666132758663,47.07549457783321,-0.006324009584517799,92.86019897460938,2026,,,,,,0.00018375474934085253,92.87726404504154,-0.0001175469121003349,92.84928418647527,0.00014037701926166883,92.87323532753025,0.06802507879228363,99.3968282420099
2026-04-09,92.2748031616211,-0.006304055122134167,-0.003970072596624963,-0.025544460372972533,0.0004988165308956738,0.003618200023877896,0.005892572242620851,92.77924041748047,93.27795486450195,91.9597036743164,0.9945630374468518,0.9892455649961659,0.9946534586039549,44.25459567205597,0.00211101987163417,92.2748031616211,2026,,,,,,4.878982458444568e-05,92.27930534291033,0.0004946633597609775,92.3204594170817,0.00014037701926166883,92.28775733265456,0.13634091512147334,105.75361808004376
2026-04-10,92.46980285644531,0.0021132496428377667,-0.005418736351404996,-0.01950703544560517,0.0008648418143790693,0.0032145522789961438,0.005898721094345176,92.67848052978516,93.28194999694824,91.97346176147461,0.9977483697170372,0.99129363032688,0.9935306941248245,38.87946519442769,0.021810781239963398,92.46980285644531,2026,,,,,,-0.0010933306269837718,92.36875803667479,-0.0006648443735691434,92.4083452604234,0.00014037701926166883,92.48278440287609,0.3103684535983702,126.12211309973961
2026-04-13,94.50879669189453,0.022050375068006334,0.016540598782444738,-0.002880327515205394,0.021014719477344235,0.010929737281970057,0.007681268182520038,92.98603973388671,93.37920989990235,92.02989776611328,1.016376188967352,1.0120967696471521,0.9957895320978075,58.11303916416894,0.0046238203306367765,94.50879669189453,2026,,,,,,-0.009950297136120884,93.57306918658628,-0.004253772144056854,94.10763164242367,-0.008367878958821339,93.72125812968878,0.3198034248268113,130.12510601883955
2026-04-14,94.9468002319336,0.004634526682917972,0.022950671714647264,0.006262423269143502,0.02886890672850262,0.010567139009809148,0.007657054896728842,93.41208038330078,93.51241493225098,92.12392181396484,1.016429565023446,1.015338982537472,0.9989270456866834,54.50709778760732,-0.018940354344646217,94.9468002319336,2026,,,,,,-0.0033443305421924233,94.62979712508188,-0.0014058060530574394,94.81341722273692,0.00019254135483798718,94.96508317754287,0.3246559428341268,131.36407673084588
2026-04-15,93.16539764404297,-0.018762112925754804,0.003286646731362808,-0.00341127939585284,0.008378508448285915,0.01500946497006384,0.00889300296772614,93.4731201171875,93.55111999511719,92.17877182006836,0.996707904125178,0.9958768815264386,0.9991662325589074,41.07934262934014,0.0023736534104031332,93.16539764404297,2026,,,,,,0.004756041343009593,93.60955149679206,0.003466953155177163,93.48895827403837,0.005902126096132874,93.71689747855574,0.09537630596091429,102.48871436915263
2026-04-16,93.38680267333984,0.0023764727559345555,0.012050955121205353,0.008033039357890459,0.0015035978510258285,0.01448287022217079,0.008664702328155104,93.69552001953124,93.55813026428223,92.24400787353515,0.9967051002424977,0.9981687578571908,1.0014684961623423,44.50990432507322,-0.0036356505280758324,93.38680267333984,2026,,,,,,-0.00224935660322093,93.17697852522835,0.00037158436662408493,93.42151019724956,0.00019254135483798718,93.40478522598754,-0.13052007874462465,81.95988805379622
2026-04-17,93.04789733886719,-0.003629049552730912,0.006251710986335146,0.0007990982613499398,-0.0003695755323784855,0.014744779053688747,0.00869594229785604,93.81113891601562,93.55641021728516,92.29866989135742,0.9918640623494431,0.9945646388394237,1.002722728438798,39.516806063725944,-0.004789585937665571,93.04789733886719,2026,,,,,,0.004796797121314743,93.49530142040234,0.00129424096181806,93.16840170303527,0.00019254135483798718,93.06581463194023,-0.21764538627199195,74.84871922153054
2026-04-20,92.60330200195312,-0.004778134161322445,-0.02016208815094167,-0.003954982379217986,-0.013760004940259862,0.009136089416217897,0.008505888356420244,93.43003997802734,93.49181022644044,92.33897598266601,0.9911512616684244,0.990496405809928,0.9993392977602692,39.42765359143229,0.005602802346637575,92.60330200195312,2026,,,,,,0.004966845336007789,93.06439241507694,0.002219879929882383,92.80909855081083,0.0044272679619019465,93.0141905197163,-0.06991529995613621,86.35006003364458
2026-04-21,93.12359619140625,0.005618527398106643,-0.019202374762221197,0.0033075895531167188,-0.0012880433866556684,0.009376862373639477,0.008481275490325093,93.06539916992188,93.48580513000488,92.3849919128418,1.0006253346786609,0.9961255193973574,0.9955029968507157,47.7278013914441,0.00534637063886002,93.12359619140625,2026,,,,,,0.001549489622710045,93.26800208615973,0.0008507969440341984,93.20285917603468,0.0044272679619019465,93.53679329756403,-0.172070323360686,78.40261479448887
2026-04-22,93.622802734375,0.005360687982266965,0.004909602726965723,0.008212385588083349,-0.007178126302078036,0.00492583688429065,0.008159739868977446,93.15688018798828,93.4519603729248,92.44569000244141,1.0050014829333753,1.00182813031175,0.9968424398615182,56.45310191096239,0.0018962026563623363,93.622802734375,2026,,,,,,-0.0023813860061206314,93.40011595891302,-0.0003247998323963842,93.59239900156935,0.00019254135483798718,93.64083073116898,0.047568681292071036,98.18393959399435
2026-04-23,93.80049896240234,0.0018980015854843657,0.004429922400380093,0.016534262317622783,-0.009432556863918529,0.004896722451046265,0.00810922892348022,93.23961944580078,93.40730018615723,92.50698593139649,1.0060154633827907,1.0042095079877214,0.9982048433042999,55.555977046729815,0.003324947638303168,93.80049896240234,2026,,,,,,-0.001721982631588992,93.6391151223178,0.00034211899219378046,93.83259538465938,0.00019254135483798718,93.81856117636282,-0.02210031142503087,91.75021809614883
2026-04-24,94.11289978027344,0.003330481408167163,0.011445744308736572,0.017769010780513295,-0.0020846453882206184,0.00423387885514813,0.008104167110106118,93.45261993408204,93.39747009277343,92.57796188354492,1.007065396846628,1.0076600542476082,1.000590485387386,57.36585106581928,0.0014588602490468046,94.11289978027344,2026,,,,,,-0.002072687530232963,93.91803516295806,-0.00038366557508252906,94.07679882624603,0.00019254135483798718,94.1310221501017,0.0019244856698969331,94.29419309949664
2026-04-27,94.25029754638672,0.00145992490332425,0.017785494780724553,-0.0027351860837943054,-0.005607635367263275,0.001917142435007291,0.008025538203347539,93.78201904296876,93.37089500427246,92.65154388427734,1.0049932653209717,1.0094183797003768,1.0044031283911061,59.268458692971635,8.70155586392223e-05,94.25029754638672,2026,,,,,,-0.0017738702282666225,94.08325794665114,-0.001317048240947499,94.12624706595966,0.00019254135483798718,94.26844637351401,0.14106921702350478,108.5296275126077
2026-04-28,94.25849914550781,8.701934460275673e-05,0.012187061072779892,-0.007249334203410895,-0.0010323093334687616,0.002007074152607443,0.007963202172190171,94.00899963378906,93.36602478027343,92.72105392456055,1.0026539960290044,1.0095588771968682,1.0068866041478022,59.081170536413275,0.004097336005512237,94.25849914550781,2026,,,,,,-0.002729842811006288,94.0015391490118,-0.0011377102394055517,94.15132126612515,0.00019254135483798718,94.27664955193414,0.09486038788591047,103.63772316454691
2026-04-29,94.64550018310547,0.004105741562893339,0.01092359359964945,0.01588682683154019,0.012421353030651394,0.001581977906713337,0.007705226590674492,94.21353912353516,93.42408485412598,92.80143997192383,1.0045849149027712,1.0130738805832205,1.0084502221310687,65.80358577813583,0.002860308948121794,94.64550018310547,2026,,,,,,-0.004090043536524076,94.25918652519604,-0.0011169820696647597,94.53984187662878,0.00019254135483798718,94.66372511040984,-0.0652806149426677,88.66433474820437
2026-04-30,94.9166030883789,0.002864403534758031,0.011898701374967402,0.016381334099103917,0.02454596535854714,0.0015984362935405512,0.0073728267909515185,94.43675994873047,93.53778495788575,92.88390197753907,1.0050811054922781,1.014740760978186,1.0096108218860376,66.14707158831959,-0.0016607425493899027,94.9166030883789,2026,,,,,,-0.003929400369554378,94.544369559356,-0.001137355747921887,94.80871051203468,0.00019254135483798718,94.93488021922947,-0.13779111156553023,82.6990018361337
2026-05-01,94.75910186767578,-0.0016593642795715846,0.006866243510836867,0.018390577087159965,0.019204371226685613,0.002266532907163241,0.007378480723805806,94.56600036621094,93.62705993652344,92.95826202392578,1.0020419759820343,1.012090969554313,1.0100285155843203,52.19754310287084,0.0015174147764945541,94.75910186767578,2026,,,,,,0.0008064869212787831,94.83555466895247,-0.0002812414597546956,94.73245542675907,0.00019254135483798718,94.77734867010828,-0.13693025675547438,82.63287836771126
2026-05-04,94.90299987792969,0.001518566632837448,0.006925201814049764,0.024833864735493538,0.020780664858838893,0.0022672561753245726,0.0073754932052992215,94.69654083251953,93.72365989685059,93.04179000854492,1.0021802173933185,1.0125831618438401,1.0103803131113283,49.594516902309714,0.003748374597221876,94.90299987792969,2026,,,,,,-0.0004038343056180151,94.8646825283238,-0.0006272124580997952,94.84349419739806,0.00019254135483798718,94.92127438934752,-0.19644264756133334,77.97690308092935
2026-05-05,95.2593994140625,0.0037554085391529046,0.010618673940581136,0.0229351454411868,0.026318595041763926,0.002335440924320621,0.00736997195903364,94.89672088623047,93.84580001831054,93.12657592773438,1.0038218236040721,1.015063001172947,1.011198379338392,76.33298346135322,-0.000802350334887328,95.2593994140625,2026,,,,,,-0.004450775475062666,94.83636333302923,-0.0008107343895377981,95.18220064110933,0.00019254135483798718,95.27774255373656,-0.19963059797787255,78.02061547054664
2026-05-06,95.18299865722656,-0.0008020285379277681,0.005679070564170718,0.01666470002268694,0.025013942553066437,0.0023219093088913696,0.007383218969503171,95.00422058105468,93.96194000244141,93.21187591552734,1.0018817908833781,1.0129952473815826,1.011092582577437,73.44290502392774,-0.006059283173369754,95.18299865722656,2026,,,,,,-0.0021369913159771945,94.9798105985513,-0.000117161727269866,95.17184750595399,0.00019254135483798718,95.20132708517913,-0.1555052608711576,81.47498816338677
2026-05-07,94.60800170898438,-0.0060409627386595055,-0.003251289757042697,0.008608725492022185,0.025285326735150493,0.003681528905603405,0.0073692503873858985,94.94250030517578,94.07859992980957,93.28501602172851,0.9964768297114968,1.0056272285043546,1.009182751189014,69.17960088691795,-0.0037594185663605527,94.60800170898438,2026,,,,,,-0.0018332364663213852,94.43472175034451,0.0011081724185675673,94.71290180001269,0.00019254135483798718,94.62621941558662,-0.08985394492350067,86.47783274217979
2026-05-08,94.25299835205078,-0.0037523607995186836,-0.005340948844489213,0.0014886224110024493,0.019284084539185065,0.003935810578472553,0.007450410149826747,94.84127960205078,94.16775970458984,93.34992797851562,0.9937972025212187,1.000905178669731,1.0071523406691825,70.7378500361569,0.001826413476794968,94.25299835205078,2026,,,,,,-0.00023291979123142597,94.23104751984255,0.0009630216296374348,94.34380974777285,0.00019254135483798718,94.2711476992449,-0.2298358256484107,74.89946988996365
2026-05-11,94.42530059814453,0.0018280823857736994,-0.005033553000427848,0.0018567904432522653,-0.0008834743079229046,0.003988668957831216,0.005577436454130756,94.74573974609375,94.16358489990235,93.41684204101563,0.9966179044165157,1.0027793727110155,1.0061823776867698,67.93223844768113,0.010179409115072572,94.42530059814453,2026,,,,,,-0.0009239252595502717,94.33809896787893,0.0003125234585899426,94.45481533144888,0.00019254135483798718,94.44348312384058,-0.11532493386875936,84.14017164759423
2026-05-12,95.39140319824219,0.010231395547356525,0.0013857297546659986,0.012019118307681653,0.0046826534988280155,0.006301017761161457,0.005951614515646035,94.77214050292969,94.18581504821778,93.49340209960937,1.0065342271687254,1.0128001031727254,1.0062251991386575,71.58722649760487,0.0025295214360832436,95.39140319824219,2026,,,,,,-0.005418358357985268,94.8759361451663,-0.0010172617880212548,95.29441450867061,-0.003206572510983122,95.08601363552171,0.10826022041714681,106.2982350346533
2026-05-13,95.63300323486328,0.0025327233746526012,0.004727783154397924,0.010433703132714633,0.026486288399136138,0.006332567105018902,0.003934106534316211,94.86214141845703,94.30919532775879,93.5658901977539,1.0081261270816755,1.014036891127146,1.0058631195905823,72.02365670273244,0.0006564359084837675,95.63300323486328,2026,,,,,,0.0005171457697622993,95.68247222817367,-0.0004308675946715411,95.591806948498,0.00016459298417548964,95.64874505171215,0.13938933570829543,109.9369828348152
2026-05-14,95.69580078125,0.000656651409686404,0.011497960559527565,0.008209287601090853,0.02472510078310375,0.00506249852118154,0.003928482040249321,95.07970123291015,94.4246452331543,93.63734619140625,1.0064798220897921,1.0134621162193085,1.0069373413915232,70.23804878810108,0.00014732185163664367,95.69580078125,2026,,,,,,-0.0011457684531268018,95.58621834165747,-0.0006504436408869801,95.63357629512672,0.00016459298417548964,95.7115529349851,0.047730115746612206,100.37413296369985
2026-05-15,95.70989990234375,0.0001473327040335537,0.015457349641559315,0.010033843883363147,0.028608949149940832,0.0041073842235970544,0.003770247784677524,95.37108154296875,94.55774536132813,93.71580612182618,1.0035526320336667,1.0121846659584888,1.008601476045486,69.26915150990183,0.0027170153906988397,95.70989990234375,2026,,,,,,-0.0004744171313310893,95.66450425527987,-0.000873755402196732,95.62630938441177,0.00016459298417548964,95.72565437688624,-0.13809670480486314,83.36470643456633
2026-05-18,95.97029876708984,0.0027207098222001846,0.016362120736268748,0.011246208133915525,0.03635935968099391,0.004058516280951298,0.003483588341866496,95.68008117675781,94.72609519958496,93.79648803710937,1.003033208027864,1.0131347498794645,1.0100709944304453,71.18771471578665,0.003120092912111226,95.97029876708984,2026,,,,,,-0.00027523607306676064,95.94388791370267,-0.0013832659269268537,95.83763809645411,0.00016459298417548964,95.98609610498598,-0.21164382119023803,77.66424114867101
2026-05-19,96.27020263671875,0.003124965468292773,0.009212564329829975,0.010611060209004819,0.03378957185937015,0.0013390319364329564,0.0033826272986893094,95.85584106445313,94.88342552185058,93.89747802734375,1.0043227576709384,1.014615588626159,1.010248529047664,70.55280921432336,0.003065829131495314,96.27020263671875,2026,,,,,,0.0013638027007406763,96.40158576904699,-0.0011153315761305521,96.16288929598076,0.00016459298417548964,96.2860493407503,-0.10417198249454739,86.7462218894809
2026-05-20,96.56580352783203,0.0030705335920893084,0.00975395795819467,0.01452785571071602,0.03143465809079515,0.0014276129795252124,0.003288510997880869,96.04240112304687,95.03057556152343,93.98549209594727,1.0054497013679884,1.0161550948969542,1.0106473685500135,70.73420120704274,-0.00038847488144232465,96.56580352783203,2026,,,,,,7.448225719849061e-05,96.57299623470817,-0.000997048421325621,96.46957072822316,0.00016459298417548964,96.58169888970063,-0.057545602621954295,91.16573148219712
2026-05-21,96.5282974243164,-0.0003883994348455877,0.008699406204556448,0.02029739219351545,0.0290808523631354,0.0017114898795179223,0.0033155482971319416,96.20890045166016,95.16696548461914,94.07148208618165,1.0033198276994832,1.0143046689863962,1.0109484941726907,72.93480711943127,-0.0036782252094073125,96.5282974243164,2026,,,,,,0.0017303434076159157,96.69546911792138,-0.0002079716117784994,96.50822436610432,0.00016459298417548964,96.54418661243544,-0.0501345093805444,91.80820691135592
2026-05-22,96.17389678955078,-0.003671468825434232,0.004847950814706348,0.02038023692705382,0.021899197815487437,0.002979495605968645,0.0034713849296392563,96.30169982910157,95.270015335083,94.14716201782227,0.998672889058266,1.0094875754064765,1.0108290577091852,65.62253229470099,-0.004735962480247168,96.17389678955078,2026,,,,,,0.001532718452648634,96.32141732066343,0.0006261159327588685,96.23413165368252,0.00016459298417548964,96.18972764101098,-0.057240844759566756,90.82341555722286
2026-05-25,95.71949768066406,-0.004724765493084315,-0.0026133198463250684,0.013706041435095573,0.015588281125099357,0.003667656215086617,0.0037043005295124593,96.25153961181641,95.34347534179688,94.2102799987793,0.9944723800440172,1.0039438707003199,1.0095241364630796,55.522709539874946,-0.004887605455187108,95.71949768066406,2026,,,,,,0.001898527777538694,95.90139642113216,0.001121043994737403,95.82686361844388,0.00016459298417548964,95.73525373506355,-0.035572508500451384,92.37436515115324
2026-05-26,95.25279998779297,-0.0048756805476358744,-0.01056819889291194,-0.0014529947752333072,0.010548659816344452,0.003417809703302095,0.003913486552276293,96.04805908203124,95.39319038391113,94.26968200683594,0.9917201960993395,0.9985282975068434,1.0068649417792255,50.76606954159752,0.006823695673346024,95.25279998779297,2026,,,,,,-0.0010041286739147985,95.15720192446526,0.0013143934101288196,95.37808195725404,0.00016459298417548964,95.2684792207045,0.02548607064111086,97.71161930818272
2026-05-27,95.90499877929688,0.0068470301302165915,-0.00684305131210039,0.00284415981129027,0.013307538063138002,0.004932642815724716,0.004089292821080961,95.91589813232422,95.4561653137207,94.3399560546875,0.9998863655218835,1.0047019850849974,1.00481616684572,63.997345444605095,0.0014992979098766154,95.90499877929688,2026,,,,,,-0.0014254630611240436,95.76838713671722,-0.00018403942773936407,95.88735010228021,0.00016459298417548964,95.92078536838858,-0.07493684921716315,88.98085695718979
2026-05-28,96.04889678955078,0.0015004224189090198,-0.004966425882954151,0.003689775365461667,0.01192935339371104,0.005095546494740806,0.004062037486222057,95.8200180053711,95.5127799987793,94.39600204467773,1.0023886322393183,1.005613037237303,1.003216721433464,70.30683865090374,-7.228374659030962e-06,96.04889678955078,2026,,,,,,0.0005077278343673924,96.0976758701117,0.000505598579699938,96.09747125390466,0.00016459298417548964,96.06470706519468,0.09012341955281802,105.10720432905482
2026-05-29,96.04820251464844,-7.2283485343938025e-06,-0.0013069479255622962,0.0035346668698834627,0.013603977048798788,0.004871118435181188,0.004030327395106718,95.79487915039063,95.57723503112793,94.45532012939454,1.0026444353446087,1.0049276115109118,1.0022771543787787,69.0916271013023,-0.01094172227759708,96.04820251464844,2026,,,,,,0.00030319836738832757,96.07732858810729,0.00040599276643090766,96.08720530698811,0.00016459298417548964,96.06401267601015,0.036903396917892003,99.65892158948425
2026-06-01,95.00299835205078,-0.010882079364663233,-0.007485406275361428,-0.010079164360909276,0.001053691392787659,0.00671418435446206,0.004779368367956519,95.65157928466797,95.58223495483398,94.4774740600586,0.9932193390065526,0.9939399135931807,1.000725493914918,45.51433309308272,0.0057558618421016,95.00299835205078,2026,,,,,,0.0020937062138247247,95.20211509327419,0.0019491416147109527,95.18835323243388,0.00016459298417548964,95.01863646598179,0.07499604120072348,102.4018208211377
2026-06-02,95.55139923095703,0.005772458642558265,0.0031348080392632482,-0.007466520128498799,0.003065312385870822,0.007049587073015589,0.004881562609833676,95.71129913330078,95.59683494567871,94.5236280822754,0.9983293518759885,0.9995247152821797,1.0011973637797436,49.1199257499062,-0.0030228217860136107,95.55139923095703,2026,,,,,,-0.0006575325801653555,95.4885917241362,-0.0007448368896561574,95.48025552246993,0.00016459298417548964,95.56712761525395,-0.06372227691541016,89.65258532619573
2026-06-03,95.26300048828125,-0.0030182576602431066,-0.006694106659581256,-0.013491349856321389,0.0008405054703390924,0.00621084378089581,0.004929572473574166,95.58289947509766,95.60083503723145,94.54289413452149,0.9966531776230564,0.9964661966726689,0.9998123911561358,45.54897166871193,0.009418746645938567,95.26300048828125,2026,,,,,,-0.0009650371933107442,95.17111249446076,0.0007632103728378361,95.33573395033736,0.00016459298417548964,95.27868140026179,0.0358856416753959,98.74365360595202
2026-06-04,96.16449737548828,0.009463242629208723,0.0012035597471857784,-0.0037688435260485598,0.016452050972302734,0.007906501022859317,0.005135495992754415,95.60601959228515,95.67865982055665,94.57231002807617,1.0058414500005834,1.005077804766944,0.9992407896556271,53.95357231484197,-0.0038988282210278896,96.16449737548828,2026,,,,,,-0.003164232162123563,95.86069148970032,-0.0013603500584129322,96.0337689342476,0.00016459298417548964,96.18032667974353,0.017689472887365068,97.88073153024553
2026-06-05,95.79029846191406,-0.0038912376582503905,-0.002685152308759209,-0.003988590880081633,0.016310357619830906,0.008127714979865804,0.005142105906964638,95.55443878173828,95.75552482604981,94.60192596435547,1.0024683278263453,1.0003631501777828,0.9979000058254934,48.46494681024106,-0.008807792003207679,95.79029846191406,2026,,,,,,0.001127878918213108,95.89839927097071,0.0005093890594991528,95.83910542176704,0.00016459298417548964,95.8060661705845,-0.027137147166882973,93.22577730883907
2026-06-08,94.95030212402344,-0.008769117033543883,-0.0005546796305530011,-0.008035933903527082,0.005559966688517104,0.007483047994615973,0.005561816818163464,95.54389953613281,95.78177490234376,94.60529602050781,0.9937871762091426,0.9913190919758162,0.9975164861326336,39.69325577349732,0.007742426104604201,94.95030212402344,2026,,,,,,0.004279254087922639,95.3574891996483,0.0011608132442239042,95.0605856891998,0.00016459298417548964,94.96593156381118,-0.1709891997329493,80.02702734637435
2026-06-09,95.68830108642578,0.007772476189052746,0.0014327561560647517,0.004572055610844172,0.0031124176626962097,0.007915624650395962,0.005353826752430486,95.57127990722657,95.79661979675294,94.63194396972656,1.0012244387572586,0.998869284630742,0.997647726088828,43.590652347389586,-0.003433715329614127,95.68830108642578,2026,,,,,,-0.0017513341316474852,95.52086555930663,-0.0006871171778011058,95.62257459452147,0.00016459298417548964,95.70405200566213,-0.015576329019802548,94.20937663380869
2026-06-10,95.36029815673828,-0.003427826870823547,0.0010213584283333965,-0.005679585313504876,-0.0028515791505080434,0.007960686527168399,0.005381153810774437,95.59073944091797,95.78298454284668,94.66946395874024,0.9975892927962743,0.9955870409747014,0.9979929096713132,41.816132950152245,0.002975870628102757,95.36029815673828,2026,,,,,,0.0018434004542022227,95.53624749639478,0.0006624343211442181,95.42348901869894,0.00016459298417548964,95.37599508455042,-0.08486680018508325,87.60127299741474
2026-06-11,95.64450073242188,0.002980302926658851,-0.005407366099320465,-0.00421031444031017,-0.0005360741893511989,0.006468953333176617,0.005423924169140495,95.48674011230469,95.78041954040528,94.729501953125,1.0016521730654082,0.9985809332571772,0.9969338260417966,46.253807523158265,0.001207918709944032,95.64450073242188,2026,,,,,,0.00019931356607083006,95.66356587884597,9.742149398150819e-05,95.65381901646755,0.00018496000200476012,95.66219277557882,-0.021415223735852196,93.61802847494417
2026-06-12,95.76010131835938,0.0012086485375768508,-0.0003152421909061731,-0.0029995480263685925,0.0005245164404816816,0.006312502276333336,0.00543076107494749,95.48070068359375,95.78292961120606,94.78523193359375,1.0029262524548443,0.9997616663747982,0.9968446472786008,50.30179648868121,-0.006808867942324485,95.76010131835938,2026,,,,,,-0.0013820322143912834,95.62784918289012,7.704992724429286e-05,95.76747991145524,0.00018496000200476012,95.77781474497841,-0.0247316089974077,93.42084594271388
2026-06-15,95.11029815673828,-0.006785740122191242,0.0016850502750993535,0.0011294359814821853,-0.008961112150319472,0.005655521320270544,0.005597276313490606,95.51269989013672,95.73992958068848,94.82801788330079,0.9957869295511351,0.9934235232184963,0.9976265943421208,48.96888663163009,-0.0038830184166938676,95.11029815673828,2026,,,,,,0.0024482415299859335,95.34343641154344,0.0014390073761269809,95.24726109903901,0.00010967902407039777,95.12073033350418,-0.14030114264942076,82.66002476647016
2026-06-16,94.74169921875,-0.0038754892491330573,-0.00989255590211402,-0.008473973366417198,-0.015877222402207347,0.003986110412473277,0.005581796681278934,95.32337951660156,95.66350440979004,94.86651992797852,0.9938978212816064,0.9903640871539544,0.9964445700030861,41.222361918972815,0.0015493728502770827,94.74169921875,2026,,,,,,0.00012773571224137276,94.7538018901339,0.0015516433827096868,94.88881865834487,0.00018496000200476012,94.7592242642937,0.055048472295844225,100.10330524740823
2026-06-17,94.88860321044922,0.0015505737485246307,-0.00494644999445959,-0.003930143664518382,-0.01736847057767621,0.004152359790914916,0.005536703135092384,95.22904052734376,95.5796443939209,94.90708801269531,0.996425068287895,0.9927699962910133,0.9963318144904142,41.249013167737324,-0.0003130605920042292,94.88860321044922,2026,,,,,,0.0016003871204452525,95.04058328994705,0.0007007994104030343,94.95512439391365,0.00018496000200476012,94.90615542986848,0.11946335840617844,106.92920331273919
2026-06-18,94.85890197753906,-0.0003130115936503808,-0.008213736794764892,-0.0135766882121926,-0.017294363324767414,0.003589271027728826,0.0055370675425663145,95.0719207763672,95.49617462158203,94.95876998901367,0.9977593931300788,0.9933267207134919,0.995557373403741,41.06931700475741,-0.005486357482144841,94.85890197753906,2026,,,,,,0.001016371324226029,94.95536285708879,0.0008635928290652187,94.94085682777691,0.00018496000200476012,94.87644870291015,0.0267787351917569,97.43342072481413
2026-06-19,94.33989715576172,-0.005471334908559555,-0.014830854845026886,-0.01514142172475863,-0.019069619668237503,0.0035046836217499347,0.005599487213192364,94.78787994384766,95.40447463989258,94.996171875,0.995273838930132,0.9888414302562941,0.9935370463663021,44.5933807264231,-0.00010174132963176142,94.33989715576172,2026,,,,,,0.0022409634125032966,94.55154647424284,0.0019357536133324767,94.52269281916526,0.00018496000200476012,94.35734787712175,-0.03235624686255696,91.33626729285446
2026-06-22,94.3302993774414,-0.00010173615415820514,-0.008200991842244765,-0.0065297606507053185,-0.014513221829237422,0.00291476542398481,0.00553033871760681,94.63188018798829,95.33501472473145,94.99260192871094,0.9968131161512612,0.9894612136979153,0.9926245929811478,39.084664571603156,0.003917886107556146,94.3302993774414,2026,,,,,,0.0012805059780726057,94.45116725921464,0.00081563904210799,94.40727023841987,0.00018496000200476012,94.34774832343217,0.11279026895727079,105.5930669610155
2026-06-23,94.70059967041016,0.003925571056305754,-0.0004338063247625312,-0.010322070773558067,-0.005797208244309626,0.003457766961629237,0.005532105210034703,94.62366027832032,95.30740470886231,94.98767791748047,1.0008131094470827,0.9936331805455644,0.9928259044233694,45.04528241520554,0.005088382060850909,94.70059967041016,2026,,,,,,0.0015014334501308375,94.84289311383957,-0.00033743539192872095,94.66864972726843,0.00018496000200476012,94.71811711347826,0.21406094784381535,117.30545747112667
2026-06-24,95.18370056152344,0.005101349862562943,0.003109934608477083,-0.0018518985220093986,-0.00752096581986661,0.004168475072630971,0.005426567826611012,94.68267974853515,95.27133979797364,95.02804397583007,1.0052915782941392,0.9990801091216305,0.9938212262923272,40.671536194192846,-0.007836625016254109,95.18370056152344,2026,,,,,,-0.0007670965133887534,95.11071347434033,-0.0006461925611651038,95.12221343067927,0.00018496000200476012,95.20130736719733,0.1573866921446427,111.40758428117562
2026-06-25,94.4406967163086,-0.007805998724903396,-0.004408708645283421,-0.012586233467631214,-0.01674355590742349,0.00566844578793645,0.005652633690547539,94.59903869628906,95.19092979431153,95.04912185668945,0.9983261777057924,0.9921186495433542,0.9937820641178584,38.00528080912736,-0.0004267975943692934,94.4406967163086,2026,,,,,,0.0035801690330781646,94.77941634912685,0.0015618869760330642,94.58831766412519,0.00010967902407039777,94.45105544781437,-0.02980570298621403,91.66736127793855
2026-06-26,94.40039825439453,-0.00042670652923193497,0.0006413097793918077,-0.014199056237883867,-0.01715601351313778,0.005061225586856607,0.005650202846477631,94.61113891601562,95.10853958129883,95.076171875,0.9977725597214493,0.9925543875447801,0.994770178708737,44.302834947649984,-0.00042487762571244555,94.40039825439453,2026,,,,,,0.0025796354054937807,94.64423122889539,0.0005292991094627129,94.4503775269489,0.00018496000200476012,94.41786016707283,0.118699755264849,106.2978487070678
2026-06-29,94.36029815673828,-0.0004247873779958944,0.0003180184892326299,-0.007885581420048027,-0.006765051697956492,0.005067117572110269,0.005133148861340928,94.617138671875,95.0764045715332,95.1113117980957,0.9972854757738192,0.9924680953384587,0.995169507074569,33.915548869512506,0.004548745473105995,94.36029815673828,2026,,,,,,0.002041173332911493,94.5531005856688,0.00020213951691241768,94.37937402975231,0.00018496000200476012,94.37775265181648,0.09614126373833881,103.88262728902015
2026-06-30,94.79049682617188,0.004559106720063655,0.0009492775766424266,0.0005150594492633331,-0.007963278517209127,0.005193846744942242,0.005063972694186915,94.63511810302734,95.03835945129394,95.14464981079101,1.0016418717095632,0.9973919728144183,0.995757067455765,43.265420955149686,0.0013441934676605865,94.79049682617188,2026,,,,,,-0.00091554704234756,94.70375138298635,-0.00023083584068878886,94.76861830741798,0.00018496000200476012,94.80803089815588,0.06804874224785815,101.46540490758764
2026-07-01,94.91799926757812,0.0013450973006299272,-0.0027914579111533167,0.0003097954457575991,-0.0036215657593691164,0.0045380271062793265,0.005038596408518968,94.58197784423828,95.02110939025879,95.17055374145508,1.0035527003240852,0.9989148714076029,0.9953785895698506,41.083060211630304,0.005248681714022741,94.91799926757812,2026,,,,,,-0.0011427110615426551,94.80959736769644,9.764971430548238e-05,94.92726843564749,0.00018496000200476012,94.93555692459503,-0.0016066779124905145,94.7656190603934
2026-07-02,95.4175033569336,0.005262480174569983,0.0103430689796713,0.005888760756758371,-0.007767877324184824,0.00270972005305665,0.00469152315295383,94.77733917236328,94.98375968933105,95.2028938293457,1.006754401317451,1.0045665034635523,0.9978267809397846,46.15716390908982,0.0011479378078666617,95.4175033569336,2026,,,,,,-0.002565808464409516,95.17299413522417,-0.0008596322027902316,95.33551464345624,0.00018496000200476012,95.43515341077246,0.13222132898697267,108.90580822925556
2026-07-03,95.527099609375,0.001148596940662383,0.011935345356745009,0.01258430938983457,-0.0027476566705104677,0.0024244272162699475,0.004627883806797869,95.00267944335937,94.9705997467041,95.23117782592773,1.0055200565824913,1.005859706731927,1.0003377855540645,55.31985751651044,-0.003274602158912362,95.527099609375,2026,,,,,,-0.0010479898893487984,95.42704061439086,-0.00027381270801233427,95.50094665621126,0.00018496000200476012,95.5447699360117,-0.0786105430221507,88.30523830068609
2026-07-06,95.21479797363281,-0.003269246496745315,0.009055713404753751,0.009376611778282307,0.0027856240969501567,0.0033885667128877007,0.004233998416300501,95.17357940673828,94.98382453918457,95.25046783447266,1.0004330883334582,1.0024317133529717,1.0019977598130452,56.1264533160503,0.00407406347923382,95.21479797363281,2026,,,,,,-2.1052686580949857e-05,95.2127934674334,0.0004039907652639514,95.25327164371107,0.00018496000200476012,95.23241053161607,-0.14802900862908272,82.11382233141742
2026-07-07,95.60350036621094,0.004082373757551494,0.008576846490529144,0.009534265875223324,-0.0008862182654727491,0.0032973254758849,0.0039554831637079605,95.3361801147461,94.97958450317383,95.27736785888672,1.0028039748513429,1.006568947066896,1.0037544448466225,58.712068385222864,-0.00010566403952917464,95.60350036621094,2026,,,,,,0.00041881154079340143,95.64354860125069,-0.00037135939242810984,95.5680036998191,0.00018496000200476012,95.6211848252387,-0.09120761535002972,87.26956867529782
2026-07-08,95.59339904785156,-0.00010565845728116585,0.007115613323975145,0.00430429247771591,0.002444422842828642,0.003400115629753296,0.003874515403039028,95.47126007080078,94.99123954772949,95.29632583618164,1.0012793271709224,1.0063391056163606,1.0050533136040414,58.993886488991194,0.0028038128519830155,95.59339904785156,2026,,,,,,0.00018889852387171888,95.611458205444,9.667018660201069e-05,95.60264052625595,0.00018496000200476012,95.61108163836667,-0.07204833885148518,88.9483114864946
2026-07-09,95.86180114746094,0.0028077472114473867,0.004656355227251385,0.015047585210232084,0.0022719593220208445,0.002838018716502817,0.0038680191299612613,95.56011962890625,95.00210456848144,95.31522979736329,1.0031569813822567,1.0090492372025273,1.005873712618888,69.85414870979236,-0.004931758644452763,95.86180114746094,2026,,,,,,0.00040116538398135326,95.9002652984545,0.000148199988750655,95.87600891808232,0.00018496000200476012,95.87953338622026,-0.05346471987675784,90.87117671276458
2026-07-10,95.39019775390625,-0.004919617490070305,-0.001433120612146288,0.010485119955154776,-0.0038628150906332426,0.0038424121269641886,0.004017146981949616,95.5327392578125,94.98360939025879,95.32785171508789,0.9985079303177775,1.0042806160584707,1.0057813118608443,62.33956338145766,-0.0006837505349910041,95.39019775390625,2026,,,,,,0.00021721015735707,95.41091972420044,0.0014317213985615353,95.52686775457998,0.00015422385934234998,95.40491033283348,0.11196309486482146,106.69122544046397
2026-07-13,95.32499694824219,-0.0006835168308620965,0.001157372351300756,0.010223566588370536,0.00225736640158658,0.0034982534162471234,0.0037094392127414596,95.55477905273438,94.99434432983398,95.33629165649414,0.9975952840164554,1.00348076109942,1.0058996640995224,57.82527962794042,0.010164789033487708,95.32499694824219,2026,,,,,,8.83038605890152e-05,95.33341488514606,0.000651920595621523,95.38716153801684,0.00015422385934234998,95.3396994708741,-0.08993276880765091,87.12634485803045
2026-07-14,96.29889678955078,0.010216625989900363,0.007273754838223567,0.015912987207409968,0.016436242791100453,0.005617836390722435,0.0042146823777237845,95.69385833740235,95.07220420837402,95.35708160400391,1.0063226466427464,1.012902746826908,1.0065387579282985,62.445232666447566,0.0013117587561134378,96.29889678955078,2026,,,,,,-0.002210011472709981,96.0863101188526,-0.0013512367625429895,96.1688620536594,0.00015422385934234998,96.31374952235753,-0.06759906620432572,90.00433146477289
2026-07-15,96.42530059814453,0.00131261948794692,0.008702499948521902,0.015880036897082617,0.016194751905949545,0.005554269439989173,0.004212858524877085,95.86023864746093,95.14903907775879,95.38192764282226,1.005894643688106,1.0134132885918348,1.007474584889091,75.68191960318933,0.0007598394808306049,96.42530059814453,2026,,,,,,-5.556521292194899e-05,96.41994285463919,-0.0001672318171136031,96.40917656817278,0.00015422385934234998,96.4401728269378,0.04025765318829326,100.38635329948112
2026-07-16,96.49859619140625,0.0007601282319791292,0.0066428445566733,0.011330131227900164,0.017285612416802376,0.0055319274114058676,0.0042046016467251965,95.98759765625,95.23102378845215,95.4197395324707,1.0053235891681156,1.0133104985384795,1.0079446155013363,76.92197751207507,0.0015904944371738687,96.49859619140625,2026,,,,,,0.0004353912702528756,96.54061998551235,-7.683261158909714e-05,96.49118223706657,0.00015422385934234998,96.5134797250005,0.0938683047606083,105.99551328968391
2026-07-17,96.6521987915039,0.0015917599442896169,0.013229881762625517,0.011777801134229104,0.02451032601746861,0.004325670135433532,0.003932123113360397,96.23999786376953,95.34663887023926,95.46772354125977,1.0042830521288857,1.0136927734080006,1.0093695908331501,78.57507039038126,-0.003808513389107388,96.6521987915039,2026,,,,,,-0.0013335477362659838,96.52339437310893,-0.0005782048563128177,96.59633017409881,0.00015422385934234998,96.66710601611076,-0.0549976803136367,91.48008287806076
2026-07-20,96.28479766845703,-0.003801270200168183,0.010068720177730306,0.011237745787377795,0.020719729545171317,0.005082883946923771,0.00408168749058725,96.4319580078125,95.44436378479004,95.50491348266601,0.9984739463721815,1.0088054846859478,1.0103473288925608,68.92709635897327,0.002124800234069382,96.28479766845703,2026,,,,,,0.0003598018309727942,96.31944734808826,0.000397386151975367,96.32306751714657,0.00015422385934234998,96.29964822667522,-0.14773199742316306,83.06126305502376
2026-07-21,96.4896011352539,0.0021270592217692563,0.001980337803037191,0.009268497132937092,0.018891131324089594,0.0023987624130746917,0.004034160344475051,96.47009887695313,95.53381385803223,95.52687744140626,1.00020215858103,1.0100047013578042,1.0098005615091663,69.52388534730002,-0.0015423344339019374,96.4896011352539,2026,,,,,,-0.0001639197926228822,96.47378587609796,-7.16529399650859e-05,96.48268761934634,0.00015422385934234998,96.5044832814889,-0.06564509872299892,90.35895652505377
2026-07-22,96.34089660644531,-0.0015411456473962692,-0.0008753303456213724,0.007819552040612798,0.012157502157356337,0.0024653369481025924,0.003946347838632398,96.45321807861328,95.59167366027832,95.54103530883789,0.9988354823778257,1.0078377427392855,1.0090127558745,62.5665284356499,0.002241618662380523,96.34089660644531,2026,,,,,,0.0003105607664149773,96.3708209555564,0.000554338276536982,96.39431685810732,0.00015422385934234998,96.35575581712541,0.05015284739325289,101.29588162956787
2026-07-23,96.55709838867188,0.0022441329678479782,0.0006062492054246249,0.0072531209813322395,0.022409848147570965,0.0026852367407354267,0.003423255120198262,96.46491851806641,95.69749374389649,95.55826126098633,1.0009555792097435,1.0089825199296842,1.008019277664927,63.62207235023227,0.0033065709758487052,96.55709838867188,2026,,,,,,3.831472366923441e-05,96.56079801808964,-0.00026500121447443404,96.53151403042548,0.00015422385934234998,96.57199094539654,-0.025954069664555435,94.0832902887328
2026-07-24,96.87689971923828,0.0033120437119922297,0.0023248403093145686,0.015585479434349514,0.026234015010932143,0.003010774177704702,0.003436731793818082,96.50985870361328,95.82131881713867,95.58160125732422,1.0038031453009604,1.0110161383200542,1.0071856648914275,71.93832235351458,-0.003200934395058709,96.87689971923828,2026,,,,,,-0.00010560193193247,96.86666987162364,-0.00038925752591098485,96.8391969954462,0.00015422385934234998,96.89184160076181,-0.04232962218843654,92.86171724856348
2026-07-27,96.56729888916016,-0.0031958168663054343,0.002934016870200784,0.013032278842793898,0.023389081801711953,0.0028010005906208986,0.0035634971565316506,96.56635894775391,95.93166885375976,95.59354125976563,1.0000097336320484,1.0066258623767859,1.0066160643464015,62.99262160366472,-0.008247856444915236,96.56729888916016,2026,,,,,,0.0004934742059751823,96.61496412011638,0.00037711583246037035,96.6037228140569,0.00015422385934234998,96.5821930191667,-0.044259417829281694,92.38648902306323
2026-07-28,95.77410125732422,-0.008213936197453031,-0.007415305582274545,-0.005449652589202936,0.010376614366270243,0.004613201349083061,0.004036017351293495,96.42325897216797,95.98084907531738,95.58361923217774,0.9932676231672368,0.9978459471864963,1.0046093559404068,52.01132490136569,-0.0018330695572341207,95.77410125732422,2026,,,,,,0.0020234544419457053,95.9680919874499,0.0015616563425484595,95.92378433634923,0.00015422385934234998,95.78887304789716,0.07764297810951219,103.50659026702127
2026-07-29,95.59870147705078,-0.0018313905113259699,-0.0077038428698293915,-0.008572429808008875,0.0071714765874248965,0.00461600497170159,0.004064406412083454,96.27481994628906,96.01488418579102,95.5642771911621,0.9929772034929228,0.9956654354971161,1.0027072444309266,47.0096305764298,0.0013578625794817638,95.59870147705078,2026,,,,,,-0.0003810897027446102,95.56227673730957,0.0007982107407077122,95.67503985036905,0.00015422385934234998,95.61344621470663,-0.05573667940447921,90.416118878773
2026-07-30,95.72859954833984,0.0013587848922849144,-0.008580403244897283,-0.007979355902122176,0.003260368176292827,0.0044486473983011395,0.003907553373930858,96.10912017822265,96.03043899536132,95.54828323364258,0.9960407438006177,0.9968568357056448,1.0008193358656325,54.17016883754252,-0.0004576519204621236,95.72859954833984,2026,,,,,,-0.0007364804320215522,95.65812326337561,0.0005364621966207079,95.7799681005442,0.00015422385934234998,95.74336432092247,-0.003384399639550506,95.40516333795483
2026-07-31,95.68479919433594,-0.00045754721379565044,-0.012305312498203436,-0.010009080075403354,0.0016508361041609465,0.003627567188652567,0.0039028850096133358,95.87070007324219,96.03832397460937,95.53850128173828,0.998060920815596,0.9963189197224339,0.9982546144660803,54.45739951002631,-0.0029578214304806154,95.68479919433594,2026,,,,,,0.0002970487398086275,95.71322646528893,0.0007920525580590392,95.76061660602896,0.00015422385934234998,95.699557211338,0.028534607346441046,98.45445496421785
2026-08-03,95.4021987915039,-0.0029534513863385126,-0.012065161923950574,-0.009166544442376301,0.0019681900488093262,0.0036170140711031043,0.0038891953906194103,95.63768005371094,96.04769401550293,95.53215530395508,0.9975377773480621,0.9932794302808058,0.9957311420540111,36.59528556243413,-0.0007403241796282474,95.4021987915039,2026,,,,,,0.0001767154362639164,95.41905932239806,0.0008168058166744373,95.4801556958926,0.00015422385934234998,95.41691322142019,0.05484650810017665,100.78082752463975
2026-08-04,95.33159637451172,-0.0007400502072963944,-0.004620297940709284,-0.012001342601872245,-0.0028440798784321597,0.0016128042651718708,0.003777548496419725,95.54917907714844,96.03409881591797,95.53373123168946,0.9977228197590161,0.9926848645421994,0.9949505462669146,33.37284612743689,-0.002461791629086072,95.33159637451172,2026,,,,,,0.0002353399900348113,95.35403435162559,0.00017768320832012334,95.34853670337124,0.00015422385934234998,95.3462999150111,0.1364962762712496,109.27390044331234
2026-08-05,95.09719848632812,-0.0024587639051250054,-0.005245918437951191,-0.0129093475764267,-0.005190740850998021,0.001721703846806408,0.0038130441042825256,95.44887847900391,96.0092887878418,95.51757522583007,0.9963155146683768,0.9904999785642702,0.9941629573980465,29.689960194604154,-0.00020925477454853005,95.09719848632812,2026,,,,,,0.0008044163727353218,95.1737270060622,0.00044887844259064024,95.1398951507686,0.00015422385934234998,95.11186587429285,0.14079243702701677,109.4745330735297
2026-08-06,95.07730102539062,-0.0002092328822952405,-0.00680359397319219,-0.015325619638285048,-0.008183657230303232,0.0012519305720450542,0.003744636474175445,95.31861877441406,95.97006378173828,95.49814331054688,0.9974683041768099,0.9906974870999562,0.9932119977662432,26.255248173923036,0.00246438740497285,95.07730102539062,2026,,,,,,-0.0003595589637922785,95.04312127473986,0.00016229123835762054,95.09273249047565,0.00015422385934234998,95.09196534445549,0.1405543314604326,109.42556946207414
2026-08-07,95.31189727783203,0.002467426503606429,-0.0038971907726591537,-0.016154547120539875,-0.000820844048108782,0.002145651540576598,0.0036386197608828936,95.24403839111328,95.96614875793458,95.48341720581055,1.0007124738499653,0.9931824764401785,0.9924753636968099,34.719652597371464,-0.0010665493034630869,95.31189727783203,2026,,,,,,0.0006651586317570511,95.37531589839875,-0.0004429358835794596,95.26968956674062,0.00015422385934234998,95.3265977800264,0.0672851414111428,101.94564555667839
2026-08-10,95.21029663085938,-0.00106598074190567,-0.0020115066851228436,-0.01405239945520631,-0.0012032554005230178,0.0018066676119753607,0.0036432108838811814,95.20565795898438,95.96041374206543,95.48756317138673,1.0000487226492043,0.9921830567214694,0.9921347172896755,29.23408819020115,0.0019558718395679543,95.21029663085938,2026,,,,,,0.0001158052165323402,95.2213231183269,-0.00020964512376675892,95.1903383485897,0.00015112631766578963,95.22468649970962,0.1243853226719196,107.82110478159213
2026-08-11,95.39669799804688,0.0019577858045143337,0.0006828966052283558,-0.003940556521259797,-0.009368734446413729,0.0020646531782279104,0.0027847278519583453,95.2186782836914,95.91530380249023,95.48446914672851,1.0018695881686688,0.9945930859426638,0.9927370764499341,34.85888783944485,-0.00017612146507875914,95.39669799804688,2026,,,,,,0.000959475031573034,95.48827267265217,-0.00024386273161112123,95.37343713503046,0.00015112631766578963,95.41111603917808,0.05388356291279858,100.67802249518985
2026-08-12,95.37989807128906,-0.0001761059566040002,0.002972743566169056,-0.0022887696420672565,-0.01084157913297279,0.0015299851196530442,0.0027543907849106393,95.2752182006836,95.86303367614747,95.48680709838867,1.0010987103738243,0.994960146927015,0.993868173654407,29.83275213961197,-0.00037330087931994457,95.37989807128906,2026,,,,,,0.0005542055591915671,95.43277279141387,-8.626135066221123e-05,95.3716708273071,0.00015112631766578963,95.39431357331733,0.11488668611328193,106.99204975257588
2026-08-13,95.34429931640625,-0.00037323121121601854,0.0028082232892194803,-0.004014476695018754,-0.011961799658830596,0.001553113589545303,0.002737815672760575,95.32861785888672,95.80531883239746,95.47040313720703,1.0001644989497567,0.9951879548900858,0.9950242744419577,20.91168421205056,0.0005966067509048029,95.34429931640625,2026,,,,,,0.0013117952881339,95.46945358944558,-0.00012938633500203243,95.331963864991,0.00015112631766578963,95.35870943811925,0.12462958786466088,107.99923364243732
2026-08-14,95.40119934082031,0.0005967847561103579,0.000936945602163064,-0.0029638966262512945,-0.012943310822987275,0.0011531769140216185,0.0027047728593710277,95.34647827148437,95.74276885986328,95.46262115478515,1.0005739180966928,0.996432424891086,0.9958608823089402,25.519503608576017,0.00030184754513481565,95.40119934082031,2026,,,,,,0.000427259988393156,95.4419691651805,-6.417112780959851e-05,95.39507753468793,0.00015112631766578963,95.41561806227428,0.0978735635736136,105.21066922561525
2026-08-16,95.43000030517578,0.00030189310568906613,0.0023075621239603272,0.0002914137621987667,-0.008877801937379748,0.000920049598895662,0.002606823170941279,95.39041900634766,95.70002899169921,95.4722151184082,1.0004149399828666,0.9971783844856844,0.996764786922077,39.36183260842901,,95.43000030517578,2026,,,,,,,,,,,,,
